[0.000000] (-) TimerEvent: {}
[0.000293] (usb_device_driver) JobQueued: {'identifier': 'usb_device_driver', 'dependencies': OrderedDict()}
[0.001743] (usb_device_driver) JobStarted: {'identifier': 'usb_device_driver'}
[0.019921] (usb_device_driver) JobProgress: {'identifier': 'usb_device_driver', 'progress': 'cmake'}
[0.021399] (usb_device_driver) JobProgress: {'identifier': 'usb_device_driver', 'progress': 'build'}
[0.022965] (usb_device_driver) Command: {'cmd': ['/usr/bin/cmake', '--build', '/home/miles/usb_ros2_ws/build/usb_device_driver', '--', '-j12', '-l12'], 'cwd': '/home/miles/usb_ros2_ws/build/usb_device_driver', 'env': OrderedDict([('GJS_DEBUG_TOPICS', 'JS ERROR;JS LOG'), ('PYTHON_BASIC_REPL', '1'), ('LESSOPEN', '| /usr/bin/lesspipe %s'), ('LANGUAGE', 'zh_CN:en'), ('USER', 'miles'), ('LC_TIME', 'zh_CN.UTF-8'), ('XDG_SESSION_TYPE', 'wayland'), ('GIT_ASKPASS', '/usr/share/code/resources/app/extensions/git/dist/askpass.sh'), ('SHLVL', '1'), ('LD_LIBRARY_PATH', '/usr/lib/x86_64-linux-gnu/gazebo-11/plugins:/opt/ros/humble/opt/rviz_ogre_vendor/lib:/opt/ros/humble/lib/x86_64-linux-gnu:/opt/ros/humble/lib'), ('HOME', '/home/miles'), ('CHROME_DESKTOP', 'code.desktop'), ('TERM_PROGRAM_VERSION', '1.115.0'), ('DESKTOP_SESSION', 'ubuntu'), ('GIO_LAUNCHED_DESKTOP_FILE', '/usr/share/applications/code.desktop'), ('ROS_PYTHON_VERSION', '3'), ('GNOME_SHELL_SESSION_MODE', 'ubuntu'), ('GTK_MODULES', 'gail:atk-bridge'), ('VSCODE_GIT_ASKPASS_MAIN', '/usr/share/code/resources/app/extensions/git/dist/askpass-main.js'), ('LC_MONETARY', 'zh_CN.UTF-8'), ('VSCODE_GIT_ASKPASS_NODE', '/usr/share/code/code'), ('MANAGERPID', '1098'), ('PYDEVD_DISABLE_FILE_VALIDATION', '1'), ('SYSTEMD_EXEC_PID', '1512'), ('BUNDLED_DEBUGPY_PATH', '/home/miles/.vscode/extensions/ms-python.debugpy-2026.6.0-linux-x64/bundled/libs/debugpy'), ('IM_CONFIG_CHECK_ENV', '1'), ('VSCODE_PYTHON_AUTOACTIVATE_GUARD', '1'), ('DBUS_SESSION_BUS_ADDRESS', 'unix:path=/run/user/1000/bus'), ('COLORTERM', 'truecolor'), ('GIO_LAUNCHED_DESKTOP_FILE_PID', '2395'), ('IM_CONFIG_PHASE', '1'), ('WAYLAND_DISPLAY', 'wayland-0'), ('ROS_DISTRO', 'humble'), ('LOGNAME', 'miles'), ('JOURNAL_STREAM', '8:12938'), ('_', '/usr/bin/colcon'), ('ROS_VERSION', '2'), ('XDG_SESSION_CLASS', 'user'), ('USERNAME', 'miles'), ('TERM', 'xterm-256color'), ('GNOME_DESKTOP_SESSION_ID', 'this-is-deprecated'), ('FC_FONTATIONS', '1'), ('ROS_LOCALHOST_ONLY', '0'), ('PATH', '/home/miles/miniconda3/bin:/home/miles/.config/Code/User/globalStorage/github.copilot-chat/debugCommand:/home/miles/.config/Code/User/globalStorage/github.copilot-chat/copilotCli:/home/miles/.local/bin:/home/miles/miniconda3/bin:/opt/ros/humble/bin:/home/miles/.local/bin:/usr/local/sbin:/usr/local/bin:/usr/sbin:/usr/bin:/sbin:/bin:/usr/games:/usr/local/games:/snap/bin:/snap/bin:/home/miles/.vscode/extensions/ms-python.debugpy-2026.6.0-linux-x64/bundled/scripts/noConfigScripts'), ('SESSION_MANAGER', 'local/miles:@/tmp/.ICE-unix/1484,unix/miles:/tmp/.ICE-unix/1484'), ('INVOCATION_ID', '6bd4fc7edcdb4a4f8033df3d0818de29'), ('PAPERSIZE', 'a4'), ('XDG_MENU_PREFIX', 'gnome-'), ('LC_ADDRESS', 'zh_CN.UTF-8'), ('GNOME_SETUP_DISPLAY', ':1'), ('XDG_RUNTIME_DIR', '/run/user/1000'), ('GDK_BACKEND', 'wayland'), ('DISPLAY', ':0'), ('VSCODE_DEBUGPY_ADAPTER_ENDPOINTS', '/home/miles/.vscode/extensions/ms-python.debugpy-2026.6.0-linux-x64/.noConfigDebugAdapterEndpoints/endpoint-510fb0e7ba3d52da.txt'), ('LANG', 'zh_CN.UTF-8'), ('XDG_CURRENT_DESKTOP', 'ubuntu:GNOME'), ('PYTHONSTARTUP', '/home/miles/.config/Code/User/workspaceStorage/ff9966d21cc0024eeada1ee1a360488f/ms-python.python/pythonrc.py'), ('LC_TELEPHONE', 'zh_CN.UTF-8'), ('XMODIFIERS', '@im=ibus'), ('XDG_SESSION_DESKTOP', 'ubuntu'), ('XAUTHORITY', '/run/user/1000/.mutter-Xwaylandauth.UUYLP3'), ('LS_COLORS', 'rs=0:di=01;34:ln=01;36:mh=00:pi=40;33:so=01;35:do=01;35:bd=40;33;01:cd=40;33;01:or=40;31;01:mi=00:su=37;41:sg=30;43:ca=30;41:tw=30;42:ow=34;42:st=37;44:ex=01;32:*.tar=01;31:*.tgz=01;31:*.arc=01;31:*.arj=01;31:*.taz=01;31:*.lha=01;31:*.lz4=01;31:*.lzh=01;31:*.lzma=01;31:*.tlz=01;31:*.txz=01;31:*.tzo=01;31:*.t7z=01;31:*.zip=01;31:*.z=01;31:*.dz=01;31:*.gz=01;31:*.lrz=01;31:*.lz=01;31:*.lzo=01;31:*.xz=01;31:*.zst=01;31:*.tzst=01;31:*.bz2=01;31:*.bz=01;31:*.tbz=01;31:*.tbz2=01;31:*.tz=01;31:*.deb=01;31:*.rpm=01;31:*.jar=01;31:*.war=01;31:*.ear=01;31:*.sar=01;31:*.rar=01;31:*.alz=01;31:*.ace=01;31:*.zoo=01;31:*.cpio=01;31:*.7z=01;31:*.rz=01;31:*.cab=01;31:*.wim=01;31:*.swm=01;31:*.dwm=01;31:*.esd=01;31:*.jpg=01;35:*.jpeg=01;35:*.mjpg=01;35:*.mjpeg=01;35:*.gif=01;35:*.bmp=01;35:*.pbm=01;35:*.pgm=01;35:*.ppm=01;35:*.tga=01;35:*.xbm=01;35:*.xpm=01;35:*.tif=01;35:*.tiff=01;35:*.png=01;35:*.svg=01;35:*.svgz=01;35:*.mng=01;35:*.pcx=01;35:*.mov=01;35:*.mpg=01;35:*.mpeg=01;35:*.m2v=01;35:*.mkv=01;35:*.webm=01;35:*.webp=01;35:*.ogm=01;35:*.mp4=01;35:*.m4v=01;35:*.mp4v=01;35:*.vob=01;35:*.qt=01;35:*.nuv=01;35:*.wmv=01;35:*.asf=01;35:*.rm=01;35:*.rmvb=01;35:*.flc=01;35:*.avi=01;35:*.fli=01;35:*.flv=01;35:*.gl=01;35:*.dl=01;35:*.xcf=01;35:*.xwd=01;35:*.yuv=01;35:*.cgm=01;35:*.emf=01;35:*.ogv=01;35:*.ogx=01;35:*.aac=00;36:*.au=00;36:*.flac=00;36:*.m4a=00;36:*.mid=00;36:*.midi=00;36:*.mka=00;36:*.mp3=00;36:*.mpc=00;36:*.ogg=00;36:*.ra=00;36:*.wav=00;36:*.oga=00;36:*.opus=00;36:*.spx=00;36:*.xspf=00;36:'), ('VSCODE_GIT_IPC_HANDLE', '/run/user/1000/vscode-git-03b8406b82.sock'), ('TERM_PROGRAM', 'vscode'), ('SSH_AGENT_LAUNCHER', 'gnome-keyring'), ('SSH_AUTH_SOCK', '/run/user/1000/keyring/ssh'), ('AMENT_PREFIX_PATH', '/opt/ros/humble'), ('SHELL', '/bin/bash'), ('LC_NAME', 'zh_CN.UTF-8'), ('QT_ACCESSIBILITY', '1'), ('GDMSESSION', 'ubuntu'), ('LESSCLOSE', '/usr/bin/lesspipe %s %s'), ('LC_MEASUREMENT', 'zh_CN.UTF-8'), ('GJS_DEBUG_OUTPUT', 'stderr'), ('LC_IDENTIFICATION', 'zh_CN.UTF-8'), ('VSCODE_GIT_ASKPASS_EXTRA_ARGS', ''), ('QT_IM_MODULE', 'ibus'), ('PWD', '/home/miles/usb_ros2_ws/build/usb_device_driver'), ('XDG_CONFIG_DIRS', '/etc/xdg/xdg-ubuntu:/etc/xdg'), ('XDG_DATA_DIRS', '/usr/share/ubuntu:/usr/local/share/:/usr/share/:/var/lib/snapd/desktop'), ('PYTHONPATH', '/opt/ros/humble/lib/python3.10/site-packages:/opt/ros/humble/local/lib/python3.10/dist-packages'), ('LC_NUMERIC', 'zh_CN.UTF-8'), ('LC_PAPER', 'zh_CN.UTF-8'), ('COLCON', '1'), ('CMAKE_PREFIX_PATH', '/opt/ros/humble')]), 'shell': False}
[0.099467] (-) TimerEvent: {}
[0.150779] (usb_device_driver) StdoutLine: {'line': b'[  2%] Built target usb_device_driver__cpp\n'}
[0.157745] (usb_device_driver) StdoutLine: {'line': b'[ 12%] Built target usb_device_driver__rosidl_generator_c\n'}
[0.172017] (usb_device_driver) StdoutLine: {'line': b'[ 12%] Built target ament_cmake_python_copy_usb_device_driver\n'}
[0.195470] (usb_device_driver) StdoutLine: {'line': b'[ 22%] Built target usb_device_driver__rosidl_typesupport_cpp\n'}
[0.196282] (usb_device_driver) StdoutLine: {'line': b'[ 32%] Built target usb_device_driver__rosidl_typesupport_introspection_c\n'}
[0.199572] (-) TimerEvent: {}
[0.208498] (usb_device_driver) StdoutLine: {'line': b'[ 52%] Built target usb_device_driver__rosidl_typesupport_fastrtps_cpp\n'}
[0.208896] (usb_device_driver) StdoutLine: {'line': b'[ 52%] Built target usb_device_driver__rosidl_typesupport_introspection_cpp\n'}
[0.211481] (usb_device_driver) StdoutLine: {'line': b'[ 62%] Built target usb_device_driver__rosidl_typesupport_fastrtps_c\n'}
[0.216120] (usb_device_driver) StdoutLine: {'line': b'[ 72%] Built target usb_device_driver__rosidl_typesupport_c\n'}
[0.226740] (usb_device_driver) StdoutLine: {'line': b'\x1b[35m\x1b[1mConsolidate compiler generated dependencies of target usb_reader_node\x1b[0m\n'}
[0.277833] (usb_device_driver) StdoutLine: {'line': b'[ 72%] Built target usb_device_driver\n'}
[0.296128] (usb_device_driver) StdoutLine: {'line': b'[ 74%] \x1b[32mBuilding CXX object CMakeFiles/usb_reader_node.dir/src/main.cpp.o\x1b[0m\n'}
[0.299714] (-) TimerEvent: {}
[0.302012] (usb_device_driver) StdoutLine: {'line': b'[ 76%] \x1b[32mBuilding CXX object CMakeFiles/usb_reader_node.dir/src/usb_reader_node.cpp.o\x1b[0m\n'}
[0.330221] (usb_device_driver) StdoutLine: {'line': b'[ 78%] Built target usb_device_driver__py\n'}
[0.382744] (usb_device_driver) StdoutLine: {'line': b'[ 86%] Built target usb_device_driver__rosidl_generator_py\n'}
[0.399854] (-) TimerEvent: {}
[0.437042] (usb_device_driver) StdoutLine: {'line': b'[ 90%] Built target usb_device_driver__rosidl_typesupport_c__pyext\n'}
[0.440108] (usb_device_driver) StdoutLine: {'line': b'[ 94%] Built target usb_device_driver__rosidl_typesupport_fastrtps_c__pyext\n'}
[0.441398] (usb_device_driver) StdoutLine: {'line': b'[ 98%] Built target usb_device_driver__rosidl_typesupport_introspection_c__pyext\n'}
[0.499998] (-) TimerEvent: {}
[0.600362] (-) TimerEvent: {}
[0.700851] (-) TimerEvent: {}
[0.732600] (usb_device_driver) StdoutLine: {'line': b'running egg_info\n'}
[0.734854] (usb_device_driver) StdoutLine: {'line': b'writing usb_device_driver.egg-info/PKG-INFO\n'}
[0.735434] (usb_device_driver) StdoutLine: {'line': b'writing dependency_links to usb_device_driver.egg-info/dependency_links.txt\n'}
[0.736007] (usb_device_driver) StdoutLine: {'line': b'writing top-level names to usb_device_driver.egg-info/top_level.txt\n'}
[0.741921] (usb_device_driver) StdoutLine: {'line': b"reading manifest file 'usb_device_driver.egg-info/SOURCES.txt'\n"}
[0.743358] (usb_device_driver) StdoutLine: {'line': b"writing manifest file 'usb_device_driver.egg-info/SOURCES.txt'\n"}
[0.800999] (-) TimerEvent: {}
[0.815004] (usb_device_driver) StdoutLine: {'line': b'[ 98%] Built target ament_cmake_python_build_usb_device_driver_egg\n'}
[0.901171] (-) TimerEvent: {}
[1.001711] (-) TimerEvent: {}
[1.102282] (-) TimerEvent: {}
[1.202906] (-) TimerEvent: {}
[1.303442] (-) TimerEvent: {}
[1.404034] (-) TimerEvent: {}
[1.504558] (-) TimerEvent: {}
[1.605093] (-) TimerEvent: {}
[1.705616] (-) TimerEvent: {}
[1.806190] (-) TimerEvent: {}
[1.906700] (-) TimerEvent: {}
[2.007280] (-) TimerEvent: {}
[2.107892] (-) TimerEvent: {}
[2.208428] (-) TimerEvent: {}
[2.309010] (-) TimerEvent: {}
[2.409580] (-) TimerEvent: {}
[2.510179] (-) TimerEvent: {}
[2.610718] (-) TimerEvent: {}
[2.711318] (-) TimerEvent: {}
[2.811937] (-) TimerEvent: {}
[2.912519] (-) TimerEvent: {}
[3.013131] (-) TimerEvent: {}
[3.113706] (-) TimerEvent: {}
[3.214269] (-) TimerEvent: {}
[3.314849] (-) TimerEvent: {}
[3.415384] (-) TimerEvent: {}
[3.515950] (-) TimerEvent: {}
[3.616472] (-) TimerEvent: {}
[3.717118] (-) TimerEvent: {}
[3.817719] (-) TimerEvent: {}
[3.918273] (-) TimerEvent: {}
[4.018818] (-) TimerEvent: {}
[4.119364] (-) TimerEvent: {}
[4.219908] (-) TimerEvent: {}
[4.320448] (-) TimerEvent: {}
[4.420911] (-) TimerEvent: {}
[4.521354] (-) TimerEvent: {}
[4.621862] (-) TimerEvent: {}
[4.722355] (-) TimerEvent: {}
[4.822889] (-) TimerEvent: {}
[4.923321] (-) TimerEvent: {}
[5.023869] (-) TimerEvent: {}
[5.124309] (-) TimerEvent: {}
[5.224835] (-) TimerEvent: {}
[5.322721] (usb_device_driver) StderrLine: {'line': b'In file included from \x1b[01m\x1b[K/home/miles/usb_ros2_ws/src/usb_device_driver/generated/include/mavlink/v2.0/robot_dog/../protocol.h:4\x1b[m\x1b[K,\n'}
[5.323192] (usb_device_driver) StderrLine: {'line': b'                 from \x1b[01m\x1b[K/home/miles/usb_ros2_ws/src/usb_device_driver/generated/include/mavlink/v2.0/robot_dog/robot_dog.h:35\x1b[m\x1b[K,\n'}
[5.323457] (usb_device_driver) StderrLine: {'line': b'                 from \x1b[01m\x1b[K/home/miles/usb_ros2_ws/src/usb_device_driver/generated/include/mavlink/v2.0/robot_dog/mavlink.h:39\x1b[m\x1b[K,\n'}
[5.323710] (usb_device_driver) StderrLine: {'line': b'                 from \x1b[01m\x1b[K/home/miles/usb_ros2_ws/src/usb_device_driver/include/usb_device_driver/usb_reader_node.hpp:20\x1b[m\x1b[K,\n'}
[5.324036] (usb_device_driver) StderrLine: {'line': b'                 from \x1b[01m\x1b[K/home/miles/usb_ros2_ws/src/usb_device_driver/src/main.cpp:1\x1b[m\x1b[K:\n'}
[5.324296] (usb_device_driver) StderrLine: {'line': b'\x1b[01m\x1b[K/home/miles/usb_ros2_ws/src/usb_device_driver/generated/include/mavlink/v2.0/robot_dog/../mavlink_types.h:78:12:\x1b[m\x1b[K \x1b[01;35m\x1b[Kwarning: \x1b[m\x1b[KISO C++ prohibits anonymous structs [\x1b[01;35m\x1b[K\x1b]8;;https://gcc.gnu.org/onlinedocs/gcc/Warning-Options.html#index-Wpedantic\x07-Wpedantic\x1b]8;;\x07\x1b[m\x1b[K]\n'}
[5.324584] (usb_device_driver) StderrLine: {'line': b'   78 |     struct \x1b[01;35m\x1b[K{\x1b[m\x1b[K\n'}
[5.324862] (-) TimerEvent: {}
[5.325047] (usb_device_driver) StderrLine: {'line': b'      |            \x1b[01;35m\x1b[K^\x1b[m\x1b[K\n'}
[5.325224] (usb_device_driver) StderrLine: {'line': b'\x1b[01m\x1b[K/home/miles/usb_ros2_ws/src/usb_device_driver/generated/include/mavlink/v2.0/robot_dog/../mavlink_types.h:17:40:\x1b[m\x1b[K \x1b[01;36m\x1b[Knote: \x1b[m\x1b[Kin definition of macro \xe2\x80\x98\x1b[01m\x1b[KMAVPACKED\x1b[m\x1b[K\xe2\x80\x99\n'}
[5.325368] (usb_device_driver) StderrLine: {'line': b'   17 |   #define MAVPACKED( __Declaration__ ) \x1b[01;36m\x1b[K__Declaration__\x1b[m\x1b[K __attribute__((packed))\n'}
[5.325506] (usb_device_driver) StderrLine: {'line': b'      |                                        \x1b[01;36m\x1b[K^~~~~~~~~~~~~~~\x1b[m\x1b[K\n'}
[5.336395] (usb_device_driver) StderrLine: {'line': b'In file included from \x1b[01m\x1b[K/home/miles/usb_ros2_ws/src/usb_device_driver/generated/include/mavlink/v2.0/robot_dog/../protocol.h:4\x1b[m\x1b[K,\n'}
[5.337164] (usb_device_driver) StderrLine: {'line': b'                 from \x1b[01m\x1b[K/home/miles/usb_ros2_ws/src/usb_device_driver/generated/include/mavlink/v2.0/robot_dog/robot_dog.h:35\x1b[m\x1b[K,\n'}
[5.337474] (usb_device_driver) StderrLine: {'line': b'                 from \x1b[01m\x1b[K/home/miles/usb_ros2_ws/src/usb_device_driver/generated/include/mavlink/v2.0/robot_dog/mavlink.h:39\x1b[m\x1b[K,\n'}
[5.337727] (usb_device_driver) StderrLine: {'line': b'                 from \x1b[01m\x1b[K/home/miles/usb_ros2_ws/src/usb_device_driver/include/usb_device_driver/usb_reader_node.hpp:20\x1b[m\x1b[K,\n'}
[5.338070] (usb_device_driver) StderrLine: {'line': b'                 from \x1b[01m\x1b[K/home/miles/usb_ros2_ws/src/usb_device_driver/src/usb_reader_node.cpp:1\x1b[m\x1b[K:\n'}
[5.338364] (usb_device_driver) StderrLine: {'line': b'\x1b[01m\x1b[K/home/miles/usb_ros2_ws/src/usb_device_driver/generated/include/mavlink/v2.0/robot_dog/../mavlink_types.h:78:12:\x1b[m\x1b[K \x1b[01;35m\x1b[Kwarning: \x1b[m\x1b[KISO C++ prohibits anonymous structs [\x1b[01;35m\x1b[K\x1b]8;;https://gcc.gnu.org/onlinedocs/gcc/Warning-Options.html#index-Wpedantic\x07-Wpedantic\x1b]8;;\x07\x1b[m\x1b[K]\n'}
[5.338603] (usb_device_driver) StderrLine: {'line': b'   78 |     struct \x1b[01;35m\x1b[K{\x1b[m\x1b[K\n'}
[5.338819] (usb_device_driver) StderrLine: {'line': b'      |            \x1b[01;35m\x1b[K^\x1b[m\x1b[K\n'}
[5.339096] (usb_device_driver) StderrLine: {'line': b'\x1b[01m\x1b[K/home/miles/usb_ros2_ws/src/usb_device_driver/generated/include/mavlink/v2.0/robot_dog/../mavlink_types.h:17:40:\x1b[m\x1b[K \x1b[01;36m\x1b[Knote: \x1b[m\x1b[Kin definition of macro \xe2\x80\x98\x1b[01m\x1b[KMAVPACKED\x1b[m\x1b[K\xe2\x80\x99\n'}
[5.339383] (usb_device_driver) StderrLine: {'line': b'   17 |   #define MAVPACKED( __Declaration__ ) \x1b[01;36m\x1b[K__Declaration__\x1b[m\x1b[K __attribute__((packed))\n'}
[5.339629] (usb_device_driver) StderrLine: {'line': b'      |                                        \x1b[01;36m\x1b[K^~~~~~~~~~~~~~~\x1b[m\x1b[K\n'}
[5.339875] (usb_device_driver) StderrLine: {'line': b'In file included from \x1b[01m\x1b[K/home/miles/usb_ros2_ws/src/usb_device_driver/generated/include/mavlink/v2.0/robot_dog/mavlink.h:39\x1b[m\x1b[K,\n'}
[5.340148] (usb_device_driver) StderrLine: {'line': b'                 from \x1b[01m\x1b[K/home/miles/usb_ros2_ws/src/usb_device_driver/include/usb_device_driver/usb_reader_node.hpp:20\x1b[m\x1b[K,\n'}
[5.340393] (usb_device_driver) StderrLine: {'line': b'                 from \x1b[01m\x1b[K/home/miles/usb_ros2_ws/src/usb_device_driver/src/main.cpp:1\x1b[m\x1b[K:\n'}
[5.340625] (usb_device_driver) StderrLine: {'line': b'\x1b[01m\x1b[K/home/miles/usb_ros2_ws/src/usb_device_driver/generated/include/mavlink/v2.0/robot_dog/../mavlink_helpers.h:\x1b[m\x1b[K In function \xe2\x80\x98\x1b[01m\x1b[Kconst mavlink_msg_entry_t* mavlink_get_msg_entry(uint32_t)\x1b[m\x1b[K\xe2\x80\x99:\n'}
[5.340891] (usb_device_driver) StderrLine: {'line': b'\x1b[01m\x1b[K/home/miles/usb_ros2_ws/src/usb_device_driver/generated/include/mavlink/v2.0/robot_dog/robot_dog.h:31:119:\x1b[m\x1b[K \x1b[01;31m\x1b[Kerror: \x1b[m\x1b[Knarrowing conversion of \xe2\x80\x98\x1b[01m\x1b[K260\x1b[m\x1b[K\xe2\x80\x99 from \xe2\x80\x98\x1b[01m\x1b[Kint\x1b[m\x1b[K\xe2\x80\x99 to \xe2\x80\x98\x1b[01m\x1b[Kuint8_t\x1b[m\x1b[K\xe2\x80\x99 {aka \xe2\x80\x98\x1b[01m\x1b[Kunsigned char\x1b[m\x1b[K\xe2\x80\x99} [\x1b[01;31m\x1b[K\x1b]8;;https://gcc.gnu.org/onlinedocs/gcc/Warning-Options.html#index-Wnarrowing\x07-Wnarrowing\x1b]8;;\x07\x1b[m\x1b[K]\n'}
[5.341209] (usb_device_driver) StderrLine: {'line': b'   31 | INK_MESSAGE_CRCS {{230, 160, 260, 260, 0, 0, 0}, {231, 156, 272, 272, 0, 0, 0}, {232, 36, 48, 48, 0, 0, 0}\x1b[01;31m\x1b[K}\x1b[m\x1b[K\n'}
[5.341464] (usb_device_driver) StderrLine: {'line': b'      |                                                                                                           \x1b[01;31m\x1b[K^\x1b[m\x1b[K\n'}
[5.341693] (usb_device_driver) StderrLine: {'line': b'\n'}
[5.341956] (usb_device_driver) StderrLine: {'line': b'\x1b[01m\x1b[K/home/miles/usb_ros2_ws/src/usb_device_driver/generated/include/mavlink/v2.0/robot_dog/../mavlink_helpers.h:520:67:\x1b[m\x1b[K \x1b[01;36m\x1b[Knote: \x1b[m\x1b[Kin expansion of macro \xe2\x80\x98\x1b[01m\x1b[KMAVLINK_MESSAGE_CRCS\x1b[m\x1b[K\xe2\x80\x99\n'}
[5.342131] (usb_device_driver) StderrLine: {'line': b'  520 |         static const mavlink_msg_entry_t mavlink_message_crcs[] = \x1b[01;36m\x1b[KMAVLINK_MESSAGE_CRCS\x1b[m\x1b[K;\n'}
[5.342261] (usb_device_driver) StderrLine: {'line': b'      |                                                                   \x1b[01;36m\x1b[K^~~~~~~~~~~~~~~~~~~~\x1b[m\x1b[K\n'}
[5.342384] (usb_device_driver) StderrLine: {'line': b'\x1b[01m\x1b[K/home/miles/usb_ros2_ws/src/usb_device_driver/generated/include/mavlink/v2.0/robot_dog/robot_dog.h:31:119:\x1b[m\x1b[K \x1b[01;31m\x1b[Kerror: \x1b[m\x1b[Knarrowing conversion of \xe2\x80\x98\x1b[01m\x1b[K272\x1b[m\x1b[K\xe2\x80\x99 from \xe2\x80\x98\x1b[01m\x1b[Kint\x1b[m\x1b[K\xe2\x80\x99 to \xe2\x80\x98\x1b[01m\x1b[Kuint8_t\x1b[m\x1b[K\xe2\x80\x99 {aka \xe2\x80\x98\x1b[01m\x1b[Kunsigned char\x1b[m\x1b[K\xe2\x80\x99} [\x1b[01;31m\x1b[K\x1b]8;;https://gcc.gnu.org/onlinedocs/gcc/Warning-Options.html#index-Wnarrowing\x07-Wnarrowing\x1b]8;;\x07\x1b[m\x1b[K]\n'}
[5.342536] (usb_device_driver) StderrLine: {'line': b'   31 | INK_MESSAGE_CRCS {{230, 160, 260, 260, 0, 0, 0}, {231, 156, 272, 272, 0, 0, 0}, {232, 36, 48, 48, 0, 0, 0}\x1b[01;31m\x1b[K}\x1b[m\x1b[K\n'}
[5.342666] (usb_device_driver) StderrLine: {'line': b'      |                                                                                                           \x1b[01;31m\x1b[K^\x1b[m\x1b[K\n'}
[5.342801] (usb_device_driver) StderrLine: {'line': b'\n'}
[5.342950] (usb_device_driver) StderrLine: {'line': b'\x1b[01m\x1b[K/home/miles/usb_ros2_ws/src/usb_device_driver/generated/include/mavlink/v2.0/robot_dog/../mavlink_helpers.h:520:67:\x1b[m\x1b[K \x1b[01;36m\x1b[Knote: \x1b[m\x1b[Kin expansion of macro \xe2\x80\x98\x1b[01m\x1b[KMAVLINK_MESSAGE_CRCS\x1b[m\x1b[K\xe2\x80\x99\n'}
[5.343079] (usb_device_driver) StderrLine: {'line': b'  520 |         static const mavlink_msg_entry_t mavlink_message_crcs[] = \x1b[01;36m\x1b[KMAVLINK_MESSAGE_CRCS\x1b[m\x1b[K;\n'}
[5.343203] (usb_device_driver) StderrLine: {'line': b'      |                                                                   \x1b[01;36m\x1b[K^~~~~~~~~~~~~~~~~~~~\x1b[m\x1b[K\n'}
[5.345064] (usb_device_driver) StderrLine: {'line': b'In file included from \x1b[01m\x1b[K/home/miles/usb_ros2_ws/src/usb_device_driver/generated/include/mavlink/v2.0/robot_dog/robot_dog.h:57\x1b[m\x1b[K,\n'}
[5.345499] (usb_device_driver) StderrLine: {'line': b'                 from \x1b[01m\x1b[K/home/miles/usb_ros2_ws/src/usb_device_driver/generated/include/mavlink/v2.0/robot_dog/mavlink.h:39\x1b[m\x1b[K,\n'}
[5.345946] (usb_device_driver) StderrLine: {'line': b'                 from \x1b[01m\x1b[K/home/miles/usb_ros2_ws/src/usb_device_driver/include/usb_device_driver/usb_reader_node.hpp:20\x1b[m\x1b[K,\n'}
[5.346121] (usb_device_driver) StderrLine: {'line': b'                 from \x1b[01m\x1b[K/home/miles/usb_ros2_ws/src/usb_device_driver/src/main.cpp:1\x1b[m\x1b[K:\n'}
[5.346289] (usb_device_driver) StderrLine: {'line': b'\x1b[01m\x1b[K/home/miles/usb_ros2_ws/src/usb_device_driver/generated/include/mavlink/v2.0/robot_dog/./mavlink_msg_dog_motors_cmd.h:\x1b[m\x1b[K In function \xe2\x80\x98\x1b[01m\x1b[Kuint16_t mavlink_msg_dog_motors_cmd_pack(uint8_t, uint8_t, mavlink_message_t*, uint64_t, const uint8_t*, const float*, const float*, const float*, const float*, const float*)\x1b[m\x1b[K\xe2\x80\x99:\n'}
[5.346484] (usb_device_driver) StderrLine: {'line': b'\x1b[01m\x1b[K/home/miles/usb_ros2_ws/src/usb_device_driver/generated/include/mavlink/v2.0/robot_dog/./mavlink_msg_dog_motors_cmd.h:18:47:\x1b[m\x1b[K \x1b[01;35m\x1b[Kwarning: \x1b[m\x1b[Kunsigned conversion from \xe2\x80\x98\x1b[01m\x1b[Kint\x1b[m\x1b[K\xe2\x80\x99 to \xe2\x80\x98\x1b[01m\x1b[Kuint8_t\x1b[m\x1b[K\xe2\x80\x99 {aka \xe2\x80\x98\x1b[01m\x1b[Kunsigned char\x1b[m\x1b[K\xe2\x80\x99} changes value from \xe2\x80\x98\x1b[01m\x1b[K260\x1b[m\x1b[K\xe2\x80\x99 to \xe2\x80\x98\x1b[01m\x1b[K4\x1b[m\x1b[K\xe2\x80\x99 [\x1b[01;35m\x1b[K\x1b]8;;https://gcc.gnu.org/onlinedocs/gcc/Warning-Options.html#index-Woverflow\x07-Woverflow\x1b]8;;\x07\x1b[m\x1b[K]\n'}
[5.346778] (usb_device_driver) StderrLine: {'line': b'   18 | #define MAVLINK_MSG_ID_DOG_MOTORS_CMD_MIN_LEN \x1b[01;35m\x1b[K260\x1b[m\x1b[K\n'}
[5.347186] (usb_device_driver) StderrLine: {'line': b'      |                                               \x1b[01;35m\x1b[K^~~\x1b[m\x1b[K\n'}
[5.347519] (usb_device_driver) StderrLine: {'line': b'\x1b[01m\x1b[K/home/miles/usb_ros2_ws/src/usb_device_driver/generated/include/mavlink/v2.0/robot_dog/./mavlink_msg_dog_motors_cmd.h:102:67:\x1b[m\x1b[K \x1b[01;36m\x1b[Knote: \x1b[m\x1b[Kin expansion of macro \xe2\x80\x98\x1b[01m\x1b[KMAVLINK_MSG_ID_DOG_MOTORS_CMD_MIN_LEN\x1b[m\x1b[K\xe2\x80\x99\n'}
[5.347613] (usb_device_driver) StderrLine: {'line': b'  102 |     return mavlink_finalize_message(msg, system_id, component_id, \x1b[01;36m\x1b[KMAVLINK_MSG_ID_DOG_MOTORS_CMD_MIN_LEN\x1b[m\x1b[K, MAVLINK_MSG_ID_DOG_MOTORS_CMD_LEN, MAVLINK_MSG_ID_DOG_MOTORS_CMD_CRC);\n'}
[5.347690] (usb_device_driver) StderrLine: {'line': b'      |                                                                   \x1b[01;36m\x1b[K^~~~~~~~~~~~~~~~~~~~~~~~~~~~~~~~~~~~~\x1b[m\x1b[K\n'}
[5.348011] (usb_device_driver) StderrLine: {'line': b'\x1b[01m\x1b[K/home/miles/usb_ros2_ws/src/usb_device_driver/generated/include/mavlink/v2.0/robot_dog/./mavlink_msg_dog_motors_cmd.h:17:43:\x1b[m\x1b[K \x1b[01;35m\x1b[Kwarning: \x1b[m\x1b[Kunsigned conversion from \xe2\x80\x98\x1b[01m\x1b[Kint\x1b[m\x1b[K\xe2\x80\x99 to \xe2\x80\x98\x1b[01m\x1b[Kuint8_t\x1b[m\x1b[K\xe2\x80\x99 {aka \xe2\x80\x98\x1b[01m\x1b[Kunsigned char\x1b[m\x1b[K\xe2\x80\x99} changes value from \xe2\x80\x98\x1b[01m\x1b[K260\x1b[m\x1b[K\xe2\x80\x99 to \xe2\x80\x98\x1b[01m\x1b[K4\x1b[m\x1b[K\xe2\x80\x99 [\x1b[01;35m\x1b[K\x1b]8;;https://gcc.gnu.org/onlinedocs/gcc/Warning-Options.html#index-Woverflow\x07-Woverflow\x1b]8;;\x07\x1b[m\x1b[K]\n'}
[5.348097] (usb_device_driver) StderrLine: {'line': b'   17 | #define MAVLINK_MSG_ID_DOG_MOTORS_CMD_LEN \x1b[01;35m\x1b[K260\x1b[m\x1b[K\n'}
[5.348179] (usb_device_driver) StderrLine: {'line': b'      |                                           \x1b[01;35m\x1b[K^~~\x1b[m\x1b[K\n'}
[5.348250] (usb_device_driver) StderrLine: {'line': b'\x1b[01m\x1b[K/home/miles/usb_ros2_ws/src/usb_device_driver/generated/include/mavlink/v2.0/robot_dog/./mavlink_msg_dog_motors_cmd.h:102:106:\x1b[m\x1b[K \x1b[01;36m\x1b[Knote: \x1b[m\x1b[Kin expansion of macro \xe2\x80\x98\x1b[01m\x1b[KMAVLINK_MSG_ID_DOG_MOTORS_CMD_LEN\x1b[m\x1b[K\xe2\x80\x99\n'}
[5.348321] (usb_device_driver) StderrLine: {'line': b'  102 | n mavlink_finalize_message(msg, system_id, component_id, MAVLINK_MSG_ID_DOG_MOTORS_CMD_MIN_LEN, \x1b[01;36m\x1b[KMAVLINK_MSG_ID_DOG_MOTORS_CMD_LEN\x1b[m\x1b[K, MAVLINK_MSG_ID_DOG_MOTORS_CMD_CRC);\n'}
[5.348397] (usb_device_driver) StderrLine: {'line': b'      |                                                                                                 \x1b[01;36m\x1b[K^~~~~~~~~~~~~~~~~~~~~~~~~~~~~~~~~\x1b[m\x1b[K\n'}
[5.348465] (usb_device_driver) StderrLine: {'line': b'\n'}
[5.348567] (usb_device_driver) StderrLine: {'line': b'\x1b[01m\x1b[K/home/miles/usb_ros2_ws/src/usb_device_driver/generated/include/mavlink/v2.0/robot_dog/./mavlink_msg_dog_motors_cmd.h:\x1b[m\x1b[K In function \xe2\x80\x98\x1b[01m\x1b[Kuint16_t mavlink_msg_dog_motors_cmd_pack_status(uint8_t, uint8_t, mavlink_status_t*, mavlink_message_t*, uint64_t, const uint8_t*, const float*, const float*, const float*, const float*, const float*)\x1b[m\x1b[K\xe2\x80\x99:\n'}
[5.348688] (usb_device_driver) StderrLine: {'line': b'\x1b[01m\x1b[K/home/miles/usb_ros2_ws/src/usb_device_driver/generated/include/mavlink/v2.0/robot_dog/./mavlink_msg_dog_motors_cmd.h:18:47:\x1b[m\x1b[K \x1b[01;35m\x1b[Kwarning: \x1b[m\x1b[Kunsigned conversion from \xe2\x80\x98\x1b[01m\x1b[Kint\x1b[m\x1b[K\xe2\x80\x99 to \xe2\x80\x98\x1b[01m\x1b[Kuint8_t\x1b[m\x1b[K\xe2\x80\x99 {aka \xe2\x80\x98\x1b[01m\x1b[Kunsigned char\x1b[m\x1b[K\xe2\x80\x99} changes value from \xe2\x80\x98\x1b[01m\x1b[K260\x1b[m\x1b[K\xe2\x80\x99 to \xe2\x80\x98\x1b[01m\x1b[K4\x1b[m\x1b[K\xe2\x80\x99 [\x1b[01;35m\x1b[K\x1b]8;;https://gcc.gnu.org/onlinedocs/gcc/Warning-Options.html#index-Woverflow\x07-Woverflow\x1b]8;;\x07\x1b[m\x1b[K]\n'}
[5.348879] (usb_device_driver) StderrLine: {'line': b'   18 | #define MAVLINK_MSG_ID_DOG_MOTORS_CMD_MIN_LEN \x1b[01;35m\x1b[K260\x1b[m\x1b[K\n'}
[5.349088] (usb_device_driver) StderrLine: {'line': b'      |                                               \x1b[01;35m\x1b[K^~~\x1b[m\x1b[K\n'}
[5.349169] (usb_device_driver) StderrLine: {'line': b'\x1b[01m\x1b[K/home/miles/usb_ros2_ws/src/usb_device_driver/generated/include/mavlink/v2.0/robot_dog/./mavlink_msg_dog_motors_cmd.h:148:83:\x1b[m\x1b[K \x1b[01;36m\x1b[Knote: \x1b[m\x1b[Kin expansion of macro \xe2\x80\x98\x1b[01m\x1b[KMAVLINK_MSG_ID_DOG_MOTORS_CMD_MIN_LEN\x1b[m\x1b[K\xe2\x80\x99\n'}
[5.349243] (usb_device_driver) StderrLine: {'line': b'  148 |     return mavlink_finalize_message_buffer(msg, system_id, component_id, _status, \x1b[01;36m\x1b[KMAVLINK_MSG_ID_DOG_MOTORS_CMD_MIN_LEN\x1b[m\x1b[K, MAVLINK_MSG_ID_DOG_MOTORS_CMD_LEN, MAVLINK_MSG_ID_DOG_MOTORS_CMD_CRC);\n'}
[5.349316] (usb_device_driver) StderrLine: {'line': b'      |                                                                                   \x1b[01;36m\x1b[K^~~~~~~~~~~~~~~~~~~~~~~~~~~~~~~~~~~~~\x1b[m\x1b[K\n'}
[5.349391] (usb_device_driver) StderrLine: {'line': b'\x1b[01m\x1b[K/home/miles/usb_ros2_ws/src/usb_device_driver/generated/include/mavlink/v2.0/robot_dog/./mavlink_msg_dog_motors_cmd.h:17:43:\x1b[m\x1b[K \x1b[01;35m\x1b[Kwarning: \x1b[m\x1b[Kunsigned conversion from \xe2\x80\x98\x1b[01m\x1b[Kint\x1b[m\x1b[K\xe2\x80\x99 to \xe2\x80\x98\x1b[01m\x1b[Kuint8_t\x1b[m\x1b[K\xe2\x80\x99 {aka \xe2\x80\x98\x1b[01m\x1b[Kunsigned char\x1b[m\x1b[K\xe2\x80\x99} changes value from \xe2\x80\x98\x1b[01m\x1b[K260\x1b[m\x1b[K\xe2\x80\x99 to \xe2\x80\x98\x1b[01m\x1b[K4\x1b[m\x1b[K\xe2\x80\x99 [\x1b[01;35m\x1b[K\x1b]8;;https://gcc.gnu.org/onlinedocs/gcc/Warning-Options.html#index-Woverflow\x07-Woverflow\x1b]8;;\x07\x1b[m\x1b[K]\n'}
[5.349471] (usb_device_driver) StderrLine: {'line': b'   17 | #define MAVLINK_MSG_ID_DOG_MOTORS_CMD_LEN \x1b[01;35m\x1b[K260\x1b[m\x1b[K\n'}
[5.349537] (usb_device_driver) StderrLine: {'line': b'      |                                           \x1b[01;35m\x1b[K^~~\x1b[m\x1b[K\n'}
[5.349601] (usb_device_driver) StderrLine: {'line': b'\x1b[01m\x1b[K/home/miles/usb_ros2_ws/src/usb_device_driver/generated/include/mavlink/v2.0/robot_dog/./mavlink_msg_dog_motors_cmd.h:148:122:\x1b[m\x1b[K \x1b[01;36m\x1b[Knote: \x1b[m\x1b[Kin expansion of macro \xe2\x80\x98\x1b[01m\x1b[KMAVLINK_MSG_ID_DOG_MOTORS_CMD_LEN\x1b[m\x1b[K\xe2\x80\x99\n'}
[5.349667] (usb_device_driver) StderrLine: {'line': b'  148 | ze_message_buffer(msg, system_id, component_id, _status, MAVLINK_MSG_ID_DOG_MOTORS_CMD_MIN_LEN, \x1b[01;36m\x1b[KMAVLINK_MSG_ID_DOG_MOTORS_CMD_LEN\x1b[m\x1b[K, MAVLINK_MSG_ID_DOG_MOTORS_CMD_CRC);\n'}
[5.349739] (usb_device_driver) StderrLine: {'line': b'      |                                                                                                 \x1b[01;36m\x1b[K^~~~~~~~~~~~~~~~~~~~~~~~~~~~~~~~~\x1b[m\x1b[K\n'}
[5.349822] (usb_device_driver) StderrLine: {'line': b'\n'}
[5.349896] (usb_device_driver) StderrLine: {'line': b'\x1b[01m\x1b[K/home/miles/usb_ros2_ws/src/usb_device_driver/generated/include/mavlink/v2.0/robot_dog/./mavlink_msg_dog_motors_cmd.h:\x1b[m\x1b[K In function \xe2\x80\x98\x1b[01m\x1b[Kuint16_t mavlink_msg_dog_motors_cmd_pack_chan(uint8_t, uint8_t, uint8_t, mavlink_message_t*, uint64_t, const uint8_t*, const float*, const float*, const float*, const float*, const float*)\x1b[m\x1b[K\xe2\x80\x99:\n'}
[5.349974] (usb_device_driver) StderrLine: {'line': b'\x1b[01m\x1b[K/home/miles/usb_ros2_ws/src/usb_device_driver/generated/include/mavlink/v2.0/robot_dog/./mavlink_msg_dog_motors_cmd.h:18:47:\x1b[m\x1b[K \x1b[01;35m\x1b[Kwarning: \x1b[m\x1b[Kunsigned conversion from \xe2\x80\x98\x1b[01m\x1b[Kint\x1b[m\x1b[K\xe2\x80\x99 to \xe2\x80\x98\x1b[01m\x1b[Kuint8_t\x1b[m\x1b[K\xe2\x80\x99 {aka \xe2\x80\x98\x1b[01m\x1b[Kunsigned char\x1b[m\x1b[K\xe2\x80\x99} changes value from \xe2\x80\x98\x1b[01m\x1b[K260\x1b[m\x1b[K\xe2\x80\x99 to \xe2\x80\x98\x1b[01m\x1b[K4\x1b[m\x1b[K\xe2\x80\x99 [\x1b[01;35m\x1b[K\x1b]8;;https://gcc.gnu.org/onlinedocs/gcc/Warning-Options.html#index-Woverflow\x07-Woverflow\x1b]8;;\x07\x1b[m\x1b[K]\n'}
[5.350115] (usb_device_driver) StderrLine: {'line': b'   18 | #define MAVLINK_MSG_ID_DOG_MOTORS_CMD_MIN_LEN \x1b[01;35m\x1b[K260\x1b[m\x1b[K\n'}
[5.350205] (usb_device_driver) StderrLine: {'line': b'      |                                               \x1b[01;35m\x1b[K^~~\x1b[m\x1b[K\n'}
[5.350280] (usb_device_driver) StderrLine: {'line': b'\x1b[01m\x1b[K/home/miles/usb_ros2_ws/src/usb_device_driver/generated/include/mavlink/v2.0/robot_dog/./mavlink_msg_dog_motors_cmd.h:196:78:\x1b[m\x1b[K \x1b[01;36m\x1b[Knote: \x1b[m\x1b[Kin expansion of macro \xe2\x80\x98\x1b[01m\x1b[KMAVLINK_MSG_ID_DOG_MOTORS_CMD_MIN_LEN\x1b[m\x1b[K\xe2\x80\x99\n'}
[5.350355] (usb_device_driver) StderrLine: {'line': b'  196 |     return mavlink_finalize_message_chan(msg, system_id, component_id, chan, \x1b[01;36m\x1b[KMAVLINK_MSG_ID_DOG_MOTORS_CMD_MIN_LEN\x1b[m\x1b[K, MAVLINK_MSG_ID_DOG_MOTORS_CMD_LEN, MAVLINK_MSG_ID_DOG_MOTORS_CMD_CRC);\n'}
[5.350425] (usb_device_driver) StderrLine: {'line': b'      |                                                                              \x1b[01;36m\x1b[K^~~~~~~~~~~~~~~~~~~~~~~~~~~~~~~~~~~~~\x1b[m\x1b[K\n'}
[5.350497] (usb_device_driver) StderrLine: {'line': b'\x1b[01m\x1b[K/home/miles/usb_ros2_ws/src/usb_device_driver/generated/include/mavlink/v2.0/robot_dog/./mavlink_msg_dog_motors_cmd.h:17:43:\x1b[m\x1b[K \x1b[01;35m\x1b[Kwarning: \x1b[m\x1b[Kunsigned conversion from \xe2\x80\x98\x1b[01m\x1b[Kint\x1b[m\x1b[K\xe2\x80\x99 to \xe2\x80\x98\x1b[01m\x1b[Kuint8_t\x1b[m\x1b[K\xe2\x80\x99 {aka \xe2\x80\x98\x1b[01m\x1b[Kunsigned char\x1b[m\x1b[K\xe2\x80\x99} changes value from \xe2\x80\x98\x1b[01m\x1b[K260\x1b[m\x1b[K\xe2\x80\x99 to \xe2\x80\x98\x1b[01m\x1b[K4\x1b[m\x1b[K\xe2\x80\x99 [\x1b[01;35m\x1b[K\x1b]8;;https://gcc.gnu.org/onlinedocs/gcc/Warning-Options.html#index-Woverflow\x07-Woverflow\x1b]8;;\x07\x1b[m\x1b[K]\n'}
[5.350599] (usb_device_driver) StderrLine: {'line': b'   17 | #define MAVLINK_MSG_ID_DOG_MOTORS_CMD_LEN \x1b[01;35m\x1b[K260\x1b[m\x1b[K\n'}
[5.350673] (usb_device_driver) StderrLine: {'line': b'      |                                           \x1b[01;35m\x1b[K^~~\x1b[m\x1b[K\n'}
[5.350753] (usb_device_driver) StderrLine: {'line': b'\x1b[01m\x1b[K/home/miles/usb_ros2_ws/src/usb_device_driver/generated/include/mavlink/v2.0/robot_dog/./mavlink_msg_dog_motors_cmd.h:196:117:\x1b[m\x1b[K \x1b[01;36m\x1b[Knote: \x1b[m\x1b[Kin expansion of macro \xe2\x80\x98\x1b[01m\x1b[KMAVLINK_MSG_ID_DOG_MOTORS_CMD_LEN\x1b[m\x1b[K\xe2\x80\x99\n'}
[5.350850] (usb_device_driver) StderrLine: {'line': b'  196 | inalize_message_chan(msg, system_id, component_id, chan, MAVLINK_MSG_ID_DOG_MOTORS_CMD_MIN_LEN, \x1b[01;36m\x1b[KMAVLINK_MSG_ID_DOG_MOTORS_CMD_LEN\x1b[m\x1b[K, MAVLINK_MSG_ID_DOG_MOTORS_CMD_CRC);\n'}
[5.350925] (usb_device_driver) StderrLine: {'line': b'      |                                                                                                 \x1b[01;36m\x1b[K^~~~~~~~~~~~~~~~~~~~~~~~~~~~~~~~~\x1b[m\x1b[K\n'}
[5.350991] (usb_device_driver) StderrLine: {'line': b'\n'}
[5.351069] (usb_device_driver) StderrLine: {'line': b'In file included from \x1b[01m\x1b[K/home/miles/usb_ros2_ws/src/usb_device_driver/generated/include/mavlink/v2.0/robot_dog/robot_dog.h:57\x1b[m\x1b[K,\n'}
[5.351170] (usb_device_driver) StderrLine: {'line': b'                 from \x1b[01m\x1b[K/home/miles/usb_ros2_ws/src/usb_device_driver/generated/include/mavlink/v2.0/robot_dog/mavlink.h:39\x1b[m\x1b[K,\n'}
[5.351241] (usb_device_driver) StderrLine: {'line': b'                 from \x1b[01m\x1b[K/home/miles/usb_ros2_ws/src/usb_device_driver/include/usb_device_driver/usb_reader_node.hpp:20\x1b[m\x1b[K,\n'}
[5.351319] (usb_device_driver) StderrLine: {'line': b'                 from \x1b[01m\x1b[K/home/miles/usb_ros2_ws/src/usb_device_driver/src/main.cpp:1\x1b[m\x1b[K:\n'}
[5.351385] (usb_device_driver) StderrLine: {'line': b'\x1b[01m\x1b[K/home/miles/usb_ros2_ws/src/usb_device_driver/generated/include/mavlink/v2.0/robot_dog/./mavlink_msg_dog_motors_cmd.h:\x1b[m\x1b[K In function \xe2\x80\x98\x1b[01m\x1b[Kvoid mavlink_msg_dog_motors_cmd_decode(const mavlink_message_t*, mavlink_dog_motors_cmd_t*)\x1b[m\x1b[K\xe2\x80\x99:\n'}
[5.351453] (usb_device_driver) StderrLine: {'line': b'\x1b[01m\x1b[K/home/miles/usb_ros2_ws/src/usb_device_driver/generated/include/mavlink/v2.0/robot_dog/./mavlink_msg_dog_motors_cmd.h:419:32:\x1b[m\x1b[K \x1b[01;35m\x1b[Kwarning: \x1b[m\x1b[Kcomparison is always true due to limited range of data type [\x1b[01;35m\x1b[K\x1b]8;;https://gcc.gnu.org/onlinedocs/gcc/Warning-Options.html#index-Wtype-limits\x07-Wtype-limits\x1b]8;;\x07\x1b[m\x1b[K]\n'}
[5.351523] (usb_device_driver) StderrLine: {'line': b'  419 |         uint8_t len = msg->len \x1b[01;35m\x1b[K<\x1b[m\x1b[K MAVLINK_MSG_ID_DOG_MOTORS_CMD_LEN? msg->len : MAVLINK_MSG_ID_DOG_MOTORS_CMD_LEN;\n'}
[5.351590] (usb_device_driver) StderrLine: {'line': b'      |                                \x1b[01;35m\x1b[K^\x1b[m\x1b[K\n'}
[5.351655] (usb_device_driver) StderrLine: {'line': b'In file included from \x1b[01m\x1b[K/home/miles/usb_ros2_ws/src/usb_device_driver/generated/include/mavlink/v2.0/robot_dog/robot_dog.h:58\x1b[m\x1b[K,\n'}
[5.351720] (usb_device_driver) StderrLine: {'line': b'                 from \x1b[01m\x1b[K/home/miles/usb_ros2_ws/src/usb_device_driver/generated/include/mavlink/v2.0/robot_dog/mavlink.h:39\x1b[m\x1b[K,\n'}
[5.351797] (usb_device_driver) StderrLine: {'line': b'                 from \x1b[01m\x1b[K/home/miles/usb_ros2_ws/src/usb_device_driver/include/usb_device_driver/usb_reader_node.hpp:20\x1b[m\x1b[K,\n'}
[5.351877] (usb_device_driver) StderrLine: {'line': b'                 from \x1b[01m\x1b[K/home/miles/usb_ros2_ws/src/usb_device_driver/src/main.cpp:1\x1b[m\x1b[K:\n'}
[5.351943] (usb_device_driver) StderrLine: {'line': b'\x1b[01m\x1b[K/home/miles/usb_ros2_ws/src/usb_device_driver/generated/include/mavlink/v2.0/robot_dog/./mavlink_msg_dog_motors_state.h:\x1b[m\x1b[K In function \xe2\x80\x98\x1b[01m\x1b[Kuint16_t mavlink_msg_dog_motors_state_pack(uint8_t, uint8_t, mavlink_message_t*, uint64_t, const uint8_t*, const float*, const float*, const float*, const float*, const float*, const uint8_t*)\x1b[m\x1b[K\xe2\x80\x99:\n'}
[5.352021] (usb_device_driver) StderrLine: {'line': b'\x1b[01m\x1b[K/home/miles/usb_ros2_ws/src/usb_device_driver/generated/include/mavlink/v2.0/robot_dog/./mavlink_msg_dog_motors_state.h:19:49:\x1b[m\x1b[K \x1b[01;35m\x1b[Kwarning: \x1b[m\x1b[Kunsigned conversion from \xe2\x80\x98\x1b[01m\x1b[Kint\x1b[m\x1b[K\xe2\x80\x99 to \xe2\x80\x98\x1b[01m\x1b[Kuint8_t\x1b[m\x1b[K\xe2\x80\x99 {aka \xe2\x80\x98\x1b[01m\x1b[Kunsigned char\x1b[m\x1b[K\xe2\x80\x99} changes value from \xe2\x80\x98\x1b[01m\x1b[K272\x1b[m\x1b[K\xe2\x80\x99 to \xe2\x80\x98\x1b[01m\x1b[K16\x1b[m\x1b[K\xe2\x80\x99 [\x1b[01;35m\x1b[K\x1b]8;;https://gcc.gnu.org/onlinedocs/gcc/Warning-Options.html#index-Woverflow\x07-Woverflow\x1b]8;;\x07\x1b[m\x1b[K]\n'}
[5.352103] (usb_device_driver) StderrLine: {'line': b'   19 | #define MAVLINK_MSG_ID_DOG_MOTORS_STATE_MIN_LEN \x1b[01;35m\x1b[K272\x1b[m\x1b[K\n'}
[5.352166] (usb_device_driver) StderrLine: {'line': b'      |                                                 \x1b[01;35m\x1b[K^~~\x1b[m\x1b[K\n'}
[5.352228] (usb_device_driver) StderrLine: {'line': b'\x1b[01m\x1b[K/home/miles/usb_ros2_ws/src/usb_device_driver/generated/include/mavlink/v2.0/robot_dog/./mavlink_msg_dog_motors_state.h:109:67:\x1b[m\x1b[K \x1b[01;36m\x1b[Knote: \x1b[m\x1b[Kin expansion of macro \xe2\x80\x98\x1b[01m\x1b[KMAVLINK_MSG_ID_DOG_MOTORS_STATE_MIN_LEN\x1b[m\x1b[K\xe2\x80\x99\n'}
[5.352341] (usb_device_driver) StderrLine: {'line': b'  109 |     return mavlink_finalize_message(msg, system_id, component_id, \x1b[01;36m\x1b[KMAVLINK_MSG_ID_DOG_MOTORS_STATE_MIN_LEN\x1b[m\x1b[K, MAVLINK_MSG_ID_DOG_MOTORS_STATE_LEN, MAVLINK_MSG_ID_DOG_MOTORS_STATE_CRC);\n'}
[5.352425] (usb_device_driver) StderrLine: {'line': b'      |                                                                   \x1b[01;36m\x1b[K^~~~~~~~~~~~~~~~~~~~~~~~~~~~~~~~~~~~~~~\x1b[m\x1b[K\n'}
[5.352493] (usb_device_driver) StderrLine: {'line': b'\x1b[01m\x1b[K/home/miles/usb_ros2_ws/src/usb_device_driver/generated/include/mavlink/v2.0/robot_dog/./mavlink_msg_dog_motors_state.h:18:45:\x1b[m\x1b[K \x1b[01;35m\x1b[Kwarning: \x1b[m\x1b[Kunsigned conversion from \xe2\x80\x98\x1b[01m\x1b[Kint\x1b[m\x1b[K\xe2\x80\x99 to \xe2\x80\x98\x1b[01m\x1b[Kuint8_t\x1b[m\x1b[K\xe2\x80\x99 {aka \xe2\x80\x98\x1b[01m\x1b[Kunsigned char\x1b[m\x1b[K\xe2\x80\x99} changes value from \xe2\x80\x98\x1b[01m\x1b[K272\x1b[m\x1b[K\xe2\x80\x99 to \xe2\x80\x98\x1b[01m\x1b[K16\x1b[m\x1b[K\xe2\x80\x99 [\x1b[01;35m\x1b[K\x1b]8;;https://gcc.gnu.org/onlinedocs/gcc/Warning-Options.html#index-Woverflow\x07-Woverflow\x1b]8;;\x07\x1b[m\x1b[K]\n'}
[5.352563] (usb_device_driver) StderrLine: {'line': b'   18 | #define MAVLINK_MSG_ID_DOG_MOTORS_STATE_LEN \x1b[01;35m\x1b[K272\x1b[m\x1b[K\n'}
[5.352627] (usb_device_driver) StderrLine: {'line': b'      |                                             \x1b[01;35m\x1b[K^~~\x1b[m\x1b[K\n'}
[5.352689] (usb_device_driver) StderrLine: {'line': b'\x1b[01m\x1b[K/home/miles/usb_ros2_ws/src/usb_device_driver/generated/include/mavlink/v2.0/robot_dog/./mavlink_msg_dog_motors_state.h:109:108:\x1b[m\x1b[K \x1b[01;36m\x1b[Knote: \x1b[m\x1b[Kin expansion of macro \xe2\x80\x98\x1b[01m\x1b[KMAVLINK_MSG_ID_DOG_MOTORS_STATE_LEN\x1b[m\x1b[K\xe2\x80\x99\n'}
[5.352753] (usb_device_driver) StderrLine: {'line': b'  109 | mavlink_finalize_message(msg, system_id, component_id, MAVLINK_MSG_ID_DOG_MOTORS_STATE_MIN_LEN, \x1b[01;36m\x1b[KMAVLINK_MSG_ID_DOG_MOTORS_STATE_LEN\x1b[m\x1b[K, MAVLINK_MSG_ID_DOG_MOTORS_STATE_CRC);\n'}
[5.352836] (usb_device_driver) StderrLine: {'line': b'      |                                                                                                 \x1b[01;36m\x1b[K^~~~~~~~~~~~~~~~~~~~~~~~~~~~~~~~~~~\x1b[m\x1b[K\n'}
[5.352915] (usb_device_driver) StderrLine: {'line': b'\n'}
[5.352980] (usb_device_driver) StderrLine: {'line': b'\x1b[01m\x1b[K/home/miles/usb_ros2_ws/src/usb_device_driver/generated/include/mavlink/v2.0/robot_dog/./mavlink_msg_dog_motors_state.h:\x1b[m\x1b[K In function \xe2\x80\x98\x1b[01m\x1b[Kuint16_t mavlink_msg_dog_motors_state_pack_status(uint8_t, uint8_t, mavlink_status_t*, mavlink_message_t*, uint64_t, const uint8_t*, const float*, const float*, const float*, const float*, const float*, const uint8_t*)\x1b[m\x1b[K\xe2\x80\x99:\n'}
[5.353074] (usb_device_driver) StderrLine: {'line': b'\x1b[01m\x1b[K/home/miles/usb_ros2_ws/src/usb_device_driver/generated/include/mavlink/v2.0/robot_dog/./mavlink_msg_dog_motors_state.h:19:49:\x1b[m\x1b[K \x1b[01;35m\x1b[Kwarning: \x1b[m\x1b[Kunsigned conversion from \xe2\x80\x98\x1b[01m\x1b[Kint\x1b[m\x1b[K\xe2\x80\x99 to \xe2\x80\x98\x1b[01m\x1b[Kuint8_t\x1b[m\x1b[K\xe2\x80\x99 {aka \xe2\x80\x98\x1b[01m\x1b[Kunsigned char\x1b[m\x1b[K\xe2\x80\x99} changes value from \xe2\x80\x98\x1b[01m\x1b[K272\x1b[m\x1b[K\xe2\x80\x99 to \xe2\x80\x98\x1b[01m\x1b[K16\x1b[m\x1b[K\xe2\x80\x99 [\x1b[01;35m\x1b[K\x1b]8;;https://gcc.gnu.org/onlinedocs/gcc/Warning-Options.html#index-Woverflow\x07-Woverflow\x1b]8;;\x07\x1b[m\x1b[K]\n'}
[5.353151] (usb_device_driver) StderrLine: {'line': b'   19 | #define MAVLINK_MSG_ID_DOG_MOTORS_STATE_MIN_LEN \x1b[01;35m\x1b[K272\x1b[m\x1b[K\n'}
[5.353217] (usb_device_driver) StderrLine: {'line': b'      |                                                 \x1b[01;35m\x1b[K^~~\x1b[m\x1b[K\n'}
[5.353280] (usb_device_driver) StderrLine: {'line': b'\x1b[01m\x1b[K/home/miles/usb_ros2_ws/src/usb_device_driver/generated/include/mavlink/v2.0/robot_dog/./mavlink_msg_dog_motors_state.h:158:83:\x1b[m\x1b[K \x1b[01;36m\x1b[Knote: \x1b[m\x1b[Kin expansion of macro \xe2\x80\x98\x1b[01m\x1b[KMAVLINK_MSG_ID_DOG_MOTORS_STATE_MIN_LEN\x1b[m\x1b[K\xe2\x80\x99\n'}
[5.353344] (usb_device_driver) StderrLine: {'line': b'  158 |     return mavlink_finalize_message_buffer(msg, system_id, component_id, _status, \x1b[01;36m\x1b[KMAVLINK_MSG_ID_DOG_MOTORS_STATE_MIN_LEN\x1b[m\x1b[K, MAVLINK_MSG_ID_DOG_MOTORS_STATE_LEN, MAVLINK_MSG_ID_DOG_MOTORS_STATE_CRC);\n'}
[5.353415] (usb_device_driver) StderrLine: {'line': b'      |                                                                                   \x1b[01;36m\x1b[K^~~~~~~~~~~~~~~~~~~~~~~~~~~~~~~~~~~~~~~\x1b[m\x1b[K\n'}
[5.353478] (usb_device_driver) StderrLine: {'line': b'\x1b[01m\x1b[K/home/miles/usb_ros2_ws/src/usb_device_driver/generated/include/mavlink/v2.0/robot_dog/./mavlink_msg_dog_motors_state.h:18:45:\x1b[m\x1b[K \x1b[01;35m\x1b[Kwarning: \x1b[m\x1b[Kunsigned conversion from \xe2\x80\x98\x1b[01m\x1b[Kint\x1b[m\x1b[K\xe2\x80\x99 to \xe2\x80\x98\x1b[01m\x1b[Kuint8_t\x1b[m\x1b[K\xe2\x80\x99 {aka \xe2\x80\x98\x1b[01m\x1b[Kunsigned char\x1b[m\x1b[K\xe2\x80\x99} changes value from \xe2\x80\x98\x1b[01m\x1b[K272\x1b[m\x1b[K\xe2\x80\x99 to \xe2\x80\x98\x1b[01m\x1b[K16\x1b[m\x1b[K\xe2\x80\x99 [\x1b[01;35m\x1b[K\x1b]8;;https://gcc.gnu.org/onlinedocs/gcc/Warning-Options.html#index-Woverflow\x07-Woverflow\x1b]8;;\x07\x1b[m\x1b[K]\n'}
[5.353551] (usb_device_driver) StderrLine: {'line': b'   18 | #define MAVLINK_MSG_ID_DOG_MOTORS_STATE_LEN \x1b[01;35m\x1b[K272\x1b[m\x1b[K\n'}
[5.353615] (usb_device_driver) StderrLine: {'line': b'      |                                             \x1b[01;35m\x1b[K^~~\x1b[m\x1b[K\n'}
[5.353676] (usb_device_driver) StderrLine: {'line': b'\x1b[01m\x1b[K/home/miles/usb_ros2_ws/src/usb_device_driver/generated/include/mavlink/v2.0/robot_dog/./mavlink_msg_dog_motors_state.h:158:124:\x1b[m\x1b[K \x1b[01;36m\x1b[Knote: \x1b[m\x1b[Kin expansion of macro \xe2\x80\x98\x1b[01m\x1b[KMAVLINK_MSG_ID_DOG_MOTORS_STATE_LEN\x1b[m\x1b[K\xe2\x80\x99\n'}
[5.353745] (usb_device_driver) StderrLine: {'line': b'  158 | _message_buffer(msg, system_id, component_id, _status, MAVLINK_MSG_ID_DOG_MOTORS_STATE_MIN_LEN, \x1b[01;36m\x1b[KMAVLINK_MSG_ID_DOG_MOTORS_STATE_LEN\x1b[m\x1b[K, MAVLINK_MSG_ID_DOG_MOTORS_STATE_CRC);\n'}
[5.353903] (usb_device_driver) StderrLine: {'line': b'      |                                                                                                 \x1b[01;36m\x1b[K^~~~~~~~~~~~~~~~~~~~~~~~~~~~~~~~~~~\x1b[m\x1b[K\n'}
[5.354022] (usb_device_driver) StderrLine: {'line': b'\n'}
[5.354133] (usb_device_driver) StderrLine: {'line': b'\x1b[01m\x1b[K/home/miles/usb_ros2_ws/src/usb_device_driver/generated/include/mavlink/v2.0/robot_dog/./mavlink_msg_dog_motors_state.h:\x1b[m\x1b[K In function \xe2\x80\x98\x1b[01m\x1b[Kuint16_t mavlink_msg_dog_motors_state_pack_chan(uint8_t, uint8_t, uint8_t, mavlink_message_t*, uint64_t, const uint8_t*, const float*, const float*, const float*, const float*, const float*, const uint8_t*)\x1b[m\x1b[K\xe2\x80\x99:\n'}
[5.354260] (usb_device_driver) StderrLine: {'line': b'\x1b[01m\x1b[K/home/miles/usb_ros2_ws/src/usb_device_driver/generated/include/mavlink/v2.0/robot_dog/./mavlink_msg_dog_motors_state.h:19:49:\x1b[m\x1b[K \x1b[01;35m\x1b[Kwarning: \x1b[m\x1b[Kunsigned conversion from \xe2\x80\x98\x1b[01m\x1b[Kint\x1b[m\x1b[K\xe2\x80\x99 to \xe2\x80\x98\x1b[01m\x1b[Kuint8_t\x1b[m\x1b[K\xe2\x80\x99 {aka \xe2\x80\x98\x1b[01m\x1b[Kunsigned char\x1b[m\x1b[K\xe2\x80\x99} changes value from \xe2\x80\x98\x1b[01m\x1b[K272\x1b[m\x1b[K\xe2\x80\x99 to \xe2\x80\x98\x1b[01m\x1b[K16\x1b[m\x1b[K\xe2\x80\x99 [\x1b[01;35m\x1b[K\x1b]8;;https://gcc.gnu.org/onlinedocs/gcc/Warning-Options.html#index-Woverflow\x07-Woverflow\x1b]8;;\x07\x1b[m\x1b[K]\n'}
[5.354383] (usb_device_driver) StderrLine: {'line': b'   19 | #define MAVLINK_MSG_ID_DOG_MOTORS_STATE_MIN_LEN \x1b[01;35m\x1b[K272\x1b[m\x1b[K\n'}
[5.354494] (usb_device_driver) StderrLine: {'line': b'      |                                                 \x1b[01;35m\x1b[K^~~\x1b[m\x1b[K\n'}
[5.354602] (usb_device_driver) StderrLine: {'line': b'\x1b[01m\x1b[K/home/miles/usb_ros2_ws/src/usb_device_driver/generated/include/mavlink/v2.0/robot_dog/./mavlink_msg_dog_motors_state.h:209:78:\x1b[m\x1b[K \x1b[01;36m\x1b[Knote: \x1b[m\x1b[Kin expansion of macro \xe2\x80\x98\x1b[01m\x1b[KMAVLINK_MSG_ID_DOG_MOTORS_STATE_MIN_LEN\x1b[m\x1b[K\xe2\x80\x99\n'}
[5.354725] (usb_device_driver) StderrLine: {'line': b'  209 |     return mavlink_finalize_message_chan(msg, system_id, component_id, chan, \x1b[01;36m\x1b[KMAVLINK_MSG_ID_DOG_MOTORS_STATE_MIN_LEN\x1b[m\x1b[K, MAVLINK_MSG_ID_DOG_MOTORS_STATE_LEN, MAVLINK_MSG_ID_DOG_MOTORS_STATE_CRC);\n'}
[5.354879] (usb_device_driver) StderrLine: {'line': b'      |                                                                              \x1b[01;36m\x1b[K^~~~~~~~~~~~~~~~~~~~~~~~~~~~~~~~~~~~~~~\x1b[m\x1b[K\n'}
[5.355005] (usb_device_driver) StderrLine: {'line': b'\x1b[01m\x1b[K/home/miles/usb_ros2_ws/src/usb_device_driver/generated/include/mavlink/v2.0/robot_dog/./mavlink_msg_dog_motors_state.h:18:45:\x1b[m\x1b[K \x1b[01;35m\x1b[Kwarning: \x1b[m\x1b[Kunsigned conversion from \xe2\x80\x98\x1b[01m\x1b[Kint\x1b[m\x1b[K\xe2\x80\x99 to \xe2\x80\x98\x1b[01m\x1b[Kuint8_t\x1b[m\x1b[K\xe2\x80\x99 {aka \xe2\x80\x98\x1b[01m\x1b[Kunsigned char\x1b[m\x1b[K\xe2\x80\x99} changes value from \xe2\x80\x98\x1b[01m\x1b[K272\x1b[m\x1b[K\xe2\x80\x99 to \xe2\x80\x98\x1b[01m\x1b[K16\x1b[m\x1b[K\xe2\x80\x99 [\x1b[01;35m\x1b[K\x1b]8;;https://gcc.gnu.org/onlinedocs/gcc/Warning-Options.html#index-Woverflow\x07-Woverflow\x1b]8;;\x07\x1b[m\x1b[K]\n'}
[5.355134] (usb_device_driver) StderrLine: {'line': b'   18 | #define MAVLINK_MSG_ID_DOG_MOTORS_STATE_LEN \x1b[01;35m\x1b[K272\x1b[m\x1b[K\n'}
[5.355251] (usb_device_driver) StderrLine: {'line': b'      |                                             \x1b[01;35m\x1b[K^~~\x1b[m\x1b[K\n'}
[5.355362] (usb_device_driver) StderrLine: {'line': b'\x1b[01m\x1b[K/home/miles/usb_ros2_ws/src/usb_device_driver/generated/include/mavlink/v2.0/robot_dog/./mavlink_msg_dog_motors_state.h:209:119:\x1b[m\x1b[K \x1b[01;36m\x1b[Knote: \x1b[m\x1b[Kin expansion of macro \xe2\x80\x98\x1b[01m\x1b[KMAVLINK_MSG_ID_DOG_MOTORS_STATE_LEN\x1b[m\x1b[K\xe2\x80\x99\n'}
[5.355475] (usb_device_driver) StderrLine: {'line': b'  209 | alize_message_chan(msg, system_id, component_id, chan, MAVLINK_MSG_ID_DOG_MOTORS_STATE_MIN_LEN, \x1b[01;36m\x1b[KMAVLINK_MSG_ID_DOG_MOTORS_STATE_LEN\x1b[m\x1b[K, MAVLINK_MSG_ID_DOG_MOTORS_STATE_CRC);\n'}
[5.355588] (usb_device_driver) StderrLine: {'line': b'      |                                                                                                 \x1b[01;36m\x1b[K^~~~~~~~~~~~~~~~~~~~~~~~~~~~~~~~~~~\x1b[m\x1b[K\n'}
[5.356040] (usb_device_driver) StderrLine: {'line': b'\n'}
[5.356388] (usb_device_driver) StderrLine: {'line': b'In file included from \x1b[01m\x1b[K/home/miles/usb_ros2_ws/src/usb_device_driver/generated/include/mavlink/v2.0/robot_dog/robot_dog.h:58\x1b[m\x1b[K,\n'}
[5.356521] (usb_device_driver) StderrLine: {'line': b'                 from \x1b[01m\x1b[K/home/miles/usb_ros2_ws/src/usb_device_driver/generated/include/mavlink/v2.0/robot_dog/mavlink.h:39\x1b[m\x1b[K,\n'}
[5.356662] (usb_device_driver) StderrLine: {'line': b'                 from \x1b[01m\x1b[K/home/miles/usb_ros2_ws/src/usb_device_driver/include/usb_device_driver/usb_reader_node.hpp:20\x1b[m\x1b[K,\n'}
[5.356931] (usb_device_driver) StderrLine: {'line': b'                 from \x1b[01m\x1b[K/home/miles/usb_ros2_ws/src/usb_device_driver/src/main.cpp:1\x1b[m\x1b[K:\n'}
[5.357148] (usb_device_driver) StderrLine: {'line': b'\x1b[01m\x1b[K/home/miles/usb_ros2_ws/src/usb_device_driver/generated/include/mavlink/v2.0/robot_dog/./mavlink_msg_dog_motors_state.h:\x1b[m\x1b[K In function \xe2\x80\x98\x1b[01m\x1b[Kuint16_t mavlink_msg_dog_motors_state_get_statuses(const mavlink_message_t*, uint8_t*)\x1b[m\x1b[K\xe2\x80\x99:\n'}
[5.357241] (usb_device_driver) StderrLine: {'line': b'\x1b[01m\x1b[K/home/miles/usb_ros2_ws/src/usb_device_driver/generated/include/mavlink/v2.0/robot_dog/./mavlink_msg_dog_motors_state.h:427:58:\x1b[m\x1b[K \x1b[01;35m\x1b[Kwarning: \x1b[m\x1b[Kunsigned conversion from \xe2\x80\x98\x1b[01m\x1b[Kint\x1b[m\x1b[K\xe2\x80\x99 to \xe2\x80\x98\x1b[01m\x1b[Kuint8_t\x1b[m\x1b[K\xe2\x80\x99 {aka \xe2\x80\x98\x1b[01m\x1b[Kunsigned char\x1b[m\x1b[K\xe2\x80\x99} changes value from \xe2\x80\x98\x1b[01m\x1b[K260\x1b[m\x1b[K\xe2\x80\x99 to \xe2\x80\x98\x1b[01m\x1b[K4\x1b[m\x1b[K\xe2\x80\x99 [\x1b[01;35m\x1b[K\x1b]8;;https://gcc.gnu.org/onlinedocs/gcc/Warning-Options.html#index-Woverflow\x07-Woverflow\x1b]8;;\x07\x1b[m\x1b[K]\n'}
[5.357320] (usb_device_driver) StderrLine: {'line': b'  427 |     return _MAV_RETURN_uint8_t_array(msg, statuses, 12,  \x1b[01;35m\x1b[K260\x1b[m\x1b[K);\n'}
[5.357389] (usb_device_driver) StderrLine: {'line': b'      |                                                          \x1b[01;35m\x1b[K^~~\x1b[m\x1b[K\n'}
[5.357456] (usb_device_driver) StderrLine: {'line': b'In file included from \x1b[01m\x1b[K/home/miles/usb_ros2_ws/src/usb_device_driver/generated/include/mavlink/v2.0/robot_dog/mavlink.h:39\x1b[m\x1b[K,\n'}
[5.357532] (usb_device_driver) StderrLine: {'line': b'                 from \x1b[01m\x1b[K/home/miles/usb_ros2_ws/src/usb_device_driver/include/usb_device_driver/usb_reader_node.hpp:20\x1b[m\x1b[K,\n'}
[5.357603] (usb_device_driver) StderrLine: {'line': b'                 from \x1b[01m\x1b[K/home/miles/usb_ros2_ws/src/usb_device_driver/src/usb_reader_node.cpp:1\x1b[m\x1b[K:\n'}
[5.357671] (usb_device_driver) StderrLine: {'line': b'\x1b[01m\x1b[K/home/miles/usb_ros2_ws/src/usb_device_driver/generated/include/mavlink/v2.0/robot_dog/../mavlink_helpers.h:\x1b[m\x1b[K In function \xe2\x80\x98\x1b[01m\x1b[Kconst mavlink_msg_entry_t* mavlink_get_msg_entry(uint32_t)\x1b[m\x1b[K\xe2\x80\x99:\n'}
[5.357740] (usb_device_driver) StderrLine: {'line': b'\x1b[01m\x1b[K/home/miles/usb_ros2_ws/src/usb_device_driver/generated/include/mavlink/v2.0/robot_dog/robot_dog.h:31:119:\x1b[m\x1b[K \x1b[01;31m\x1b[Kerror: \x1b[m\x1b[Knarrowing conversion of \xe2\x80\x98\x1b[01m\x1b[K260\x1b[m\x1b[K\xe2\x80\x99 from \xe2\x80\x98\x1b[01m\x1b[Kint\x1b[m\x1b[K\xe2\x80\x99 to \xe2\x80\x98\x1b[01m\x1b[Kuint8_t\x1b[m\x1b[K\xe2\x80\x99 {aka \xe2\x80\x98\x1b[01m\x1b[Kunsigned char\x1b[m\x1b[K\xe2\x80\x99} [\x1b[01;31m\x1b[K\x1b]8;;https://gcc.gnu.org/onlinedocs/gcc/Warning-Options.html#index-Wnarrowing\x07-Wnarrowing\x1b]8;;\x07\x1b[m\x1b[K]\n'}
[5.357928] (usb_device_driver) StderrLine: {'line': b'   31 | #define MAVLINK_MESSAGE_CRCS {{230, 160, 260, 260, 0, 0, 0}, {231, 156, 272, 272, 0, 0, 0}, {232, 36, 48, 48, 0, 0, 0}\x1b[01;31m\x1b[K}\x1b[m\x1b[K\n'}
[5.358008] (usb_device_driver) StderrLine: {'line': b'      |                                                                                                                       \x1b[01;31m\x1b[K^\x1b[m\x1b[K\n'}
[5.358079] (usb_device_driver) StderrLine: {'line': b'\x1b[01m\x1b[K/home/miles/usb_ros2_ws/src/usb_device_driver/generated/include/mavlink/v2.0/robot_dog/../mavlink_helpers.h:520:67:\x1b[m\x1b[K \x1b[01;36m\x1b[Knote: \x1b[m\x1b[Kin expansion of macro \xe2\x80\x98\x1b[01m\x1b[KMAVLINK_MESSAGE_CRCS\x1b[m\x1b[K\xe2\x80\x99\n'}
[5.358158] (usb_device_driver) StderrLine: {'line': b'  520 |         static const mavlink_msg_entry_t mavlink_message_crcs[] = \x1b[01;36m\x1b[KMAVLINK_MESSAGE_CRCS\x1b[m\x1b[K;\n'}
[5.358227] (usb_device_driver) StderrLine: {'line': b'      |                                                                   \x1b[01;36m\x1b[K^~~~~~~~~~~~~~~~~~~~\x1b[m\x1b[K\n'}
[5.358294] (usb_device_driver) StderrLine: {'line': b'\x1b[01m\x1b[K/home/miles/usb_ros2_ws/src/usb_device_driver/generated/include/mavlink/v2.0/robot_dog/./mavlink_msg_dog_motors_state.h:\x1b[m\x1b[K In function \xe2\x80\x98\x1b[01m\x1b[Kvoid mavlink_msg_dog_motors_state_decode(const mavlink_message_t*, mavlink_dog_motors_state_t*)\x1b[m\x1b[K\xe2\x80\x99:\n'}
[5.358361] (usb_device_driver) StderrLine: {'line': b'\x1b[01m\x1b[K/home/miles/usb_ros2_ws/src/usb_device_driver/generated/include/mavlink/v2.0/robot_dog/./mavlink_msg_dog_motors_state.h:448:32:\x1b[m\x1b[K \x1b[01;35m\x1b[Kwarning: \x1b[m\x1b[Kcomparison is always true due to limited range of data type [\x1b[01;35m\x1b[K\x1b]8;;https://gcc.gnu.org/onlinedocs/gcc/Warning-Options.html#index-Wtype-limits\x07-Wtype-limits\x1b]8;;\x07\x1b[m\x1b[K]\n'}
[5.358431] (usb_device_driver) StderrLine: {'line': b'  448 |         uint8_t len = msg->len \x1b[01;35m\x1b[K<\x1b[m\x1b[K MAVLINK_MSG_ID_DOG_MOTORS_STATE_LEN? msg->len : MAVLINK_MSG_ID_DOG_MOTORS_STATE_LEN;\n'}
[5.358497] (usb_device_driver) StderrLine: {'line': b'      |                                \x1b[01;35m\x1b[K^\x1b[m\x1b[K\n'}
[5.358561] (usb_device_driver) StderrLine: {'line': b'\x1b[01m\x1b[K/home/miles/usb_ros2_ws/src/usb_device_driver/generated/include/mavlink/v2.0/robot_dog/robot_dog.h:31:119:\x1b[m\x1b[K \x1b[01;31m\x1b[Kerror: \x1b[m\x1b[Knarrowing conversion of \xe2\x80\x98\x1b[01m\x1b[K272\x1b[m\x1b[K\xe2\x80\x99 from \xe2\x80\x98\x1b[01m\x1b[Kint\x1b[m\x1b[K\xe2\x80\x99 to \xe2\x80\x98\x1b[01m\x1b[Kuint8_t\x1b[m\x1b[K\xe2\x80\x99 {aka \xe2\x80\x98\x1b[01m\x1b[Kunsigned char\x1b[m\x1b[K\xe2\x80\x99} [\x1b[01;31m\x1b[K\x1b]8;;https://gcc.gnu.org/onlinedocs/gcc/Warning-Options.html#index-Wnarrowing\x07-Wnarrowing\x1b]8;;\x07\x1b[m\x1b[K]\n'}
[5.358638] (usb_device_driver) StderrLine: {'line': b'   31 | #define MAVLINK_MESSAGE_CRCS {{230, 160, 260, 260, 0, 0, 0}, {231, 156, 272, 272, 0, 0, 0}, {232, 36, 48, 48, 0, 0, 0}\x1b[01;31m\x1b[K}\x1b[m\x1b[K\n'}
[5.358707] (usb_device_driver) StderrLine: {'line': b'      |                                                                                                                       \x1b[01;31m\x1b[K^\x1b[m\x1b[K\n'}
[5.358903] (usb_device_driver) StderrLine: {'line': b'\x1b[01m\x1b[K/home/miles/usb_ros2_ws/src/usb_device_driver/generated/include/mavlink/v2.0/robot_dog/../mavlink_helpers.h:520:67:\x1b[m\x1b[K \x1b[01;36m\x1b[Knote: \x1b[m\x1b[Kin expansion of macro \xe2\x80\x98\x1b[01m\x1b[KMAVLINK_MESSAGE_CRCS\x1b[m\x1b[K\xe2\x80\x99\n'}
[5.359055] (usb_device_driver) StderrLine: {'line': b'  520 |         static const mavlink_msg_entry_t mavlink_message_crcs[] = \x1b[01;36m\x1b[KMAVLINK_MESSAGE_CRCS\x1b[m\x1b[K;\n'}
[5.359132] (usb_device_driver) StderrLine: {'line': b'      |                                                                   \x1b[01;36m\x1b[K^~~~~~~~~~~~~~~~~~~~\x1b[m\x1b[K\n'}
[5.359202] (usb_device_driver) StderrLine: {'line': b'In file included from \x1b[01m\x1b[K/home/miles/usb_ros2_ws/src/usb_device_driver/generated/include/mavlink/v2.0/robot_dog/robot_dog.h:57\x1b[m\x1b[K,\n'}
[5.359270] (usb_device_driver) StderrLine: {'line': b'                 from \x1b[01m\x1b[K/home/miles/usb_ros2_ws/src/usb_device_driver/generated/include/mavlink/v2.0/robot_dog/mavlink.h:39\x1b[m\x1b[K,\n'}
[5.359338] (usb_device_driver) StderrLine: {'line': b'                 from \x1b[01m\x1b[K/home/miles/usb_ros2_ws/src/usb_device_driver/include/usb_device_driver/usb_reader_node.hpp:20\x1b[m\x1b[K,\n'}
[5.359407] (usb_device_driver) StderrLine: {'line': b'                 from \x1b[01m\x1b[K/home/miles/usb_ros2_ws/src/usb_device_driver/src/usb_reader_node.cpp:1\x1b[m\x1b[K:\n'}
[5.359521] (usb_device_driver) StderrLine: {'line': b'\x1b[01m\x1b[K/home/miles/usb_ros2_ws/src/usb_device_driver/generated/include/mavlink/v2.0/robot_dog/./mavlink_msg_dog_motors_cmd.h:\x1b[m\x1b[K In function \xe2\x80\x98\x1b[01m\x1b[Kuint16_t mavlink_msg_dog_motors_cmd_pack(uint8_t, uint8_t, mavlink_message_t*, uint64_t, const uint8_t*, const float*, const float*, const float*, const float*, const float*)\x1b[m\x1b[K\xe2\x80\x99:\n'}
[5.359718] (usb_device_driver) StderrLine: {'line': b'\x1b[01m\x1b[K/home/miles/usb_ros2_ws/src/usb_device_driver/generated/include/mavlink/v2.0/robot_dog/./mavlink_msg_dog_motors_cmd.h:18:47:\x1b[m\x1b[K \x1b[01;35m\x1b[Kwarning: \x1b[m\x1b[Kunsigned conversion from \xe2\x80\x98\x1b[01m\x1b[Kint\x1b[m\x1b[K\xe2\x80\x99 to \xe2\x80\x98\x1b[01m\x1b[Kuint8_t\x1b[m\x1b[K\xe2\x80\x99 {aka \xe2\x80\x98\x1b[01m\x1b[Kunsigned char\x1b[m\x1b[K\xe2\x80\x99} changes value from \xe2\x80\x98\x1b[01m\x1b[K260\x1b[m\x1b[K\xe2\x80\x99 to \xe2\x80\x98\x1b[01m\x1b[K4\x1b[m\x1b[K\xe2\x80\x99 [\x1b[01;35m\x1b[K\x1b]8;;https://gcc.gnu.org/onlinedocs/gcc/Warning-Options.html#index-Woverflow\x07-Woverflow\x1b]8;;\x07\x1b[m\x1b[K]\n'}
[5.359824] (usb_device_driver) StderrLine: {'line': b'   18 | #define MAVLINK_MSG_ID_DOG_MOTORS_CMD_MIN_LEN \x1b[01;35m\x1b[K260\x1b[m\x1b[K\n'}
[5.359910] (usb_device_driver) StderrLine: {'line': b'      |                                               \x1b[01;35m\x1b[K^~~\x1b[m\x1b[K\n'}
[5.359992] (usb_device_driver) StderrLine: {'line': b'\x1b[01m\x1b[K/home/miles/usb_ros2_ws/src/usb_device_driver/generated/include/mavlink/v2.0/robot_dog/./mavlink_msg_dog_motors_cmd.h:102:67:\x1b[m\x1b[K \x1b[01;36m\x1b[Knote: \x1b[m\x1b[Kin expansion of macro \xe2\x80\x98\x1b[01m\x1b[KMAVLINK_MSG_ID_DOG_MOTORS_CMD_MIN_LEN\x1b[m\x1b[K\xe2\x80\x99\n'}
[5.360075] (usb_device_driver) StderrLine: {'line': b'  102 |     return mavlink_finalize_message(msg, system_id, component_id, \x1b[01;36m\x1b[KMAVLINK_MSG_ID_DOG_MOTORS_CMD_MIN_LEN\x1b[m\x1b[K, MAVLINK_MSG_ID_DOG_MOTORS_CMD_LEN, MAVLINK_MSG_ID_DOG_MOTORS_CMD_CRC);\n'}
[5.360264] (usb_device_driver) StderrLine: {'line': b'      |                                                                   \x1b[01;36m\x1b[K^~~~~~~~~~~~~~~~~~~~~~~~~~~~~~~~~~~~~\x1b[m\x1b[K\n'}
[5.360341] (usb_device_driver) StderrLine: {'line': b'\x1b[01m\x1b[K/home/miles/usb_ros2_ws/src/usb_device_driver/generated/include/mavlink/v2.0/robot_dog/./mavlink_msg_dog_motors_cmd.h:17:43:\x1b[m\x1b[K \x1b[01;35m\x1b[Kwarning: \x1b[m\x1b[Kunsigned conversion from \xe2\x80\x98\x1b[01m\x1b[Kint\x1b[m\x1b[K\xe2\x80\x99 to \xe2\x80\x98\x1b[01m\x1b[Kuint8_t\x1b[m\x1b[K\xe2\x80\x99 {aka \xe2\x80\x98\x1b[01m\x1b[Kunsigned char\x1b[m\x1b[K\xe2\x80\x99} changes value from \xe2\x80\x98\x1b[01m\x1b[K260\x1b[m\x1b[K\xe2\x80\x99 to \xe2\x80\x98\x1b[01m\x1b[K4\x1b[m\x1b[K\xe2\x80\x99 [\x1b[01;35m\x1b[K\x1b]8;;https://gcc.gnu.org/onlinedocs/gcc/Warning-Options.html#index-Woverflow\x07-Woverflow\x1b]8;;\x07\x1b[m\x1b[K]\n'}
[5.360416] (usb_device_driver) StderrLine: {'line': b'   17 | #define MAVLINK_MSG_ID_DOG_MOTORS_CMD_LEN \x1b[01;35m\x1b[K260\x1b[m\x1b[K\n'}
[5.360485] (usb_device_driver) StderrLine: {'line': b'      |                                           \x1b[01;35m\x1b[K^~~\x1b[m\x1b[K\n'}
[5.360552] (usb_device_driver) StderrLine: {'line': b'\x1b[01m\x1b[K/home/miles/usb_ros2_ws/src/usb_device_driver/generated/include/mavlink/v2.0/robot_dog/./mavlink_msg_dog_motors_cmd.h:102:106:\x1b[m\x1b[K \x1b[01;36m\x1b[Knote: \x1b[m\x1b[Kin expansion of macro \xe2\x80\x98\x1b[01m\x1b[KMAVLINK_MSG_ID_DOG_MOTORS_CMD_LEN\x1b[m\x1b[K\xe2\x80\x99\n'}
[5.360620] (usb_device_driver) StderrLine: {'line': b'  102 |     return mavlink_finalize_message(msg, system_id, component_id, MAVLINK_MSG_ID_DOG_MOTORS_CMD_MIN_LEN, \x1b[01;36m\x1b[KMAVLINK_MSG_ID_DOG_MOTORS_CMD_LEN\x1b[m\x1b[K, MAVLINK_MSG_ID_DOG_MOTORS_CMD_CRC);\n'}
[5.360694] (usb_device_driver) StderrLine: {'line': b'      |                                                                                                          \x1b[01;36m\x1b[K^~~~~~~~~~~~~~~~~~~~~~~~~~~~~~~~~\x1b[m\x1b[K\n'}
[5.360768] (usb_device_driver) StderrLine: {'line': b'\x1b[01m\x1b[K/home/miles/usb_ros2_ws/src/usb_device_driver/generated/include/mavlink/v2.0/robot_dog/./mavlink_msg_dog_motors_cmd.h:\x1b[m\x1b[K In function \xe2\x80\x98\x1b[01m\x1b[Kuint16_t mavlink_msg_dog_motors_cmd_pack_status(uint8_t, uint8_t, mavlink_status_t*, mavlink_message_t*, uint64_t, const uint8_t*, const float*, const float*, const float*, const float*, const float*)\x1b[m\x1b[K\xe2\x80\x99:\n'}
[5.360868] (usb_device_driver) StderrLine: {'line': b'\x1b[01m\x1b[K/home/miles/usb_ros2_ws/src/usb_device_driver/generated/include/mavlink/v2.0/robot_dog/./mavlink_msg_dog_motors_cmd.h:18:47:\x1b[m\x1b[K \x1b[01;35m\x1b[Kwarning: \x1b[m\x1b[Kunsigned conversion from \xe2\x80\x98\x1b[01m\x1b[Kint\x1b[m\x1b[K\xe2\x80\x99 to \xe2\x80\x98\x1b[01m\x1b[Kuint8_t\x1b[m\x1b[K\xe2\x80\x99 {aka \xe2\x80\x98\x1b[01m\x1b[Kunsigned char\x1b[m\x1b[K\xe2\x80\x99} changes value from \xe2\x80\x98\x1b[01m\x1b[K260\x1b[m\x1b[K\xe2\x80\x99 to \xe2\x80\x98\x1b[01m\x1b[K4\x1b[m\x1b[K\xe2\x80\x99 [\x1b[01;35m\x1b[K\x1b]8;;https://gcc.gnu.org/onlinedocs/gcc/Warning-Options.html#index-Woverflow\x07-Woverflow\x1b]8;;\x07\x1b[m\x1b[K]\n'}
[5.360943] (usb_device_driver) StderrLine: {'line': b'   18 | #define MAVLINK_MSG_ID_DOG_MOTORS_CMD_MIN_LEN \x1b[01;35m\x1b[K260\x1b[m\x1b[K\n'}
[5.361010] (usb_device_driver) StderrLine: {'line': b'      |                                               \x1b[01;35m\x1b[K^~~\x1b[m\x1b[K\n'}
[5.361078] (usb_device_driver) StderrLine: {'line': b'\x1b[01m\x1b[K/home/miles/usb_ros2_ws/src/usb_device_driver/generated/include/mavlink/v2.0/robot_dog/./mavlink_msg_dog_motors_cmd.h:148:83:\x1b[m\x1b[K \x1b[01;36m\x1b[Knote: \x1b[m\x1b[Kin expansion of macro \xe2\x80\x98\x1b[01m\x1b[KMAVLINK_MSG_ID_DOG_MOTORS_CMD_MIN_LEN\x1b[m\x1b[K\xe2\x80\x99\n'}
[5.361147] (usb_device_driver) StderrLine: {'line': b'  148 |     return mavlink_finalize_message_buffer(msg, system_id, component_id, _status, \x1b[01;36m\x1b[KMAVLINK_MSG_ID_DOG_MOTORS_CMD_MIN_LEN\x1b[m\x1b[K, MAVLINK_MSG_ID_DOG_MOTORS_CMD_LEN, MAVLINK_MSG_ID_DOG_MOTORS_CMD_CRC);\n'}
[5.361245] (usb_device_driver) StderrLine: {'line': b'      |                                                                                   \x1b[01;36m\x1b[K^~~~~~~~~~~~~~~~~~~~~~~~~~~~~~~~~~~~~\x1b[m\x1b[K\n'}
[5.361348] (usb_device_driver) StderrLine: {'line': b'\x1b[01m\x1b[K/home/miles/usb_ros2_ws/src/usb_device_driver/generated/include/mavlink/v2.0/robot_dog/./mavlink_msg_dog_motors_cmd.h:17:43:\x1b[m\x1b[K \x1b[01;35m\x1b[Kwarning: \x1b[m\x1b[Kunsigned conversion from \xe2\x80\x98\x1b[01m\x1b[Kint\x1b[m\x1b[K\xe2\x80\x99 to \xe2\x80\x98\x1b[01m\x1b[Kuint8_t\x1b[m\x1b[K\xe2\x80\x99 {aka \xe2\x80\x98\x1b[01m\x1b[Kunsigned char\x1b[m\x1b[K\xe2\x80\x99} changes value from \xe2\x80\x98\x1b[01m\x1b[K260\x1b[m\x1b[K\xe2\x80\x99 to \xe2\x80\x98\x1b[01m\x1b[K4\x1b[m\x1b[K\xe2\x80\x99 [\x1b[01;35m\x1b[K\x1b]8;;https://gcc.gnu.org/onlinedocs/gcc/Warning-Options.html#index-Woverflow\x07-Woverflow\x1b]8;;\x07\x1b[m\x1b[K]\n'}
[5.361449] (usb_device_driver) StderrLine: {'line': b'   17 | #define MAVLINK_MSG_ID_DOG_MOTORS_CMD_LEN \x1b[01;35m\x1b[K260\x1b[m\x1b[K\n'}
[5.361546] (usb_device_driver) StderrLine: {'line': b'      |                                           \x1b[01;35m\x1b[K^~~\x1b[m\x1b[K\n'}
[5.361724] (usb_device_driver) StderrLine: {'line': b'\x1b[01m\x1b[K/home/miles/usb_ros2_ws/src/usb_device_driver/generated/include/mavlink/v2.0/robot_dog/./mavlink_msg_dog_motors_cmd.h:148:122:\x1b[m\x1b[K \x1b[01;36m\x1b[Knote: \x1b[m\x1b[Kin expansion of macro \xe2\x80\x98\x1b[01m\x1b[KMAVLINK_MSG_ID_DOG_MOTORS_CMD_LEN\x1b[m\x1b[K\xe2\x80\x99\n'}
[5.361836] (usb_device_driver) StderrLine: {'line': b'  148 |     return mavlink_finalize_message_buffer(msg, system_id, component_id, _status, MAVLINK_MSG_ID_DOG_MOTORS_CMD_MIN_LEN, \x1b[01;36m\x1b[KMAVLINK_MSG_ID_DOG_MOTORS_CMD_LEN\x1b[m\x1b[K, MAVLINK_MSG_ID_DOG_MOTORS_CMD_CRC);\n'}
[5.361927] (usb_device_driver) StderrLine: {'line': b'      |                                                                                                                          \x1b[01;36m\x1b[K^~~~~~~~~~~~~~~~~~~~~~~~~~~~~~~~~\x1b[m\x1b[K\n'}
[5.361998] (usb_device_driver) StderrLine: {'line': b'\x1b[01m\x1b[K/home/miles/usb_ros2_ws/src/usb_device_driver/generated/include/mavlink/v2.0/robot_dog/./mavlink_msg_dog_motors_cmd.h:\x1b[m\x1b[K In function \xe2\x80\x98\x1b[01m\x1b[Kuint16_t mavlink_msg_dog_motors_cmd_pack_chan(uint8_t, uint8_t, uint8_t, mavlink_message_t*, uint64_t, const uint8_t*, const float*, const float*, const float*, const float*, const float*)\x1b[m\x1b[K\xe2\x80\x99:\n'}
[5.362074] (usb_device_driver) StderrLine: {'line': b'\x1b[01m\x1b[K/home/miles/usb_ros2_ws/src/usb_device_driver/generated/include/mavlink/v2.0/robot_dog/./mavlink_msg_dog_motors_cmd.h:18:47:\x1b[m\x1b[K \x1b[01;35m\x1b[Kwarning: \x1b[m\x1b[Kunsigned conversion from \xe2\x80\x98\x1b[01m\x1b[Kint\x1b[m\x1b[K\xe2\x80\x99 to \xe2\x80\x98\x1b[01m\x1b[Kuint8_t\x1b[m\x1b[K\xe2\x80\x99 {aka \xe2\x80\x98\x1b[01m\x1b[Kunsigned char\x1b[m\x1b[K\xe2\x80\x99} changes value from \xe2\x80\x98\x1b[01m\x1b[K260\x1b[m\x1b[K\xe2\x80\x99 to \xe2\x80\x98\x1b[01m\x1b[K4\x1b[m\x1b[K\xe2\x80\x99 [\x1b[01;35m\x1b[K\x1b]8;;https://gcc.gnu.org/onlinedocs/gcc/Warning-Options.html#index-Woverflow\x07-Woverflow\x1b]8;;\x07\x1b[m\x1b[K]\n'}
[5.362145] (usb_device_driver) StderrLine: {'line': b'   18 | #define MAVLINK_MSG_ID_DOG_MOTORS_CMD_MIN_LEN \x1b[01;35m\x1b[K260\x1b[m\x1b[K\n'}
[5.362212] (usb_device_driver) StderrLine: {'line': b'      |                                               \x1b[01;35m\x1b[K^~~\x1b[m\x1b[K\n'}
[5.362277] (usb_device_driver) StderrLine: {'line': b'\x1b[01m\x1b[K/home/miles/usb_ros2_ws/src/usb_device_driver/generated/include/mavlink/v2.0/robot_dog/./mavlink_msg_dog_motors_cmd.h:196:78:\x1b[m\x1b[K \x1b[01;36m\x1b[Knote: \x1b[m\x1b[Kin expansion of macro \xe2\x80\x98\x1b[01m\x1b[KMAVLINK_MSG_ID_DOG_MOTORS_CMD_MIN_LEN\x1b[m\x1b[K\xe2\x80\x99\n'}
[5.362348] (usb_device_driver) StderrLine: {'line': b'  196 |     return mavlink_finalize_message_chan(msg, system_id, component_id, chan, \x1b[01;36m\x1b[KMAVLINK_MSG_ID_DOG_MOTORS_CMD_MIN_LEN\x1b[m\x1b[K, MAVLINK_MSG_ID_DOG_MOTORS_CMD_LEN, MAVLINK_MSG_ID_DOG_MOTORS_CMD_CRC);\n'}
[5.362422] (usb_device_driver) StderrLine: {'line': b'      |                                                                              \x1b[01;36m\x1b[K^~~~~~~~~~~~~~~~~~~~~~~~~~~~~~~~~~~~~\x1b[m\x1b[K\n'}
[5.362489] (usb_device_driver) StderrLine: {'line': b'\x1b[01m\x1b[K/home/miles/usb_ros2_ws/src/usb_device_driver/generated/include/mavlink/v2.0/robot_dog/./mavlink_msg_dog_motors_cmd.h:17:43:\x1b[m\x1b[K \x1b[01;35m\x1b[Kwarning: \x1b[m\x1b[Kunsigned conversion from \xe2\x80\x98\x1b[01m\x1b[Kint\x1b[m\x1b[K\xe2\x80\x99 to \xe2\x80\x98\x1b[01m\x1b[Kuint8_t\x1b[m\x1b[K\xe2\x80\x99 {aka \xe2\x80\x98\x1b[01m\x1b[Kunsigned char\x1b[m\x1b[K\xe2\x80\x99} changes value from \xe2\x80\x98\x1b[01m\x1b[K260\x1b[m\x1b[K\xe2\x80\x99 to \xe2\x80\x98\x1b[01m\x1b[K4\x1b[m\x1b[K\xe2\x80\x99 [\x1b[01;35m\x1b[K\x1b]8;;https://gcc.gnu.org/onlinedocs/gcc/Warning-Options.html#index-Woverflow\x07-Woverflow\x1b]8;;\x07\x1b[m\x1b[K]\n'}
[5.362557] (usb_device_driver) StderrLine: {'line': b'   17 | #define MAVLINK_MSG_ID_DOG_MOTORS_CMD_LEN \x1b[01;35m\x1b[K260\x1b[m\x1b[K\n'}
[5.362621] (usb_device_driver) StderrLine: {'line': b'      |                                           \x1b[01;35m\x1b[K^~~\x1b[m\x1b[K\n'}
[5.362685] (usb_device_driver) StderrLine: {'line': b'\x1b[01m\x1b[K/home/miles/usb_ros2_ws/src/usb_device_driver/generated/include/mavlink/v2.0/robot_dog/./mavlink_msg_dog_motors_cmd.h:196:117:\x1b[m\x1b[K \x1b[01;36m\x1b[Knote: \x1b[m\x1b[Kin expansion of macro \xe2\x80\x98\x1b[01m\x1b[KMAVLINK_MSG_ID_DOG_MOTORS_CMD_LEN\x1b[m\x1b[K\xe2\x80\x99\n'}
[5.362751] (usb_device_driver) StderrLine: {'line': b'  196 |     return mavlink_finalize_message_chan(msg, system_id, component_id, chan, MAVLINK_MSG_ID_DOG_MOTORS_CMD_MIN_LEN, \x1b[01;36m\x1b[KMAVLINK_MSG_ID_DOG_MOTORS_CMD_LEN\x1b[m\x1b[K, MAVLINK_MSG_ID_DOG_MOTORS_CMD_CRC);\n'}
[5.362845] (usb_device_driver) StderrLine: {'line': b'      |                                                                                                                     \x1b[01;36m\x1b[K^~~~~~~~~~~~~~~~~~~~~~~~~~~~~~~~~\x1b[m\x1b[K\n'}
[5.362914] (usb_device_driver) StderrLine: {'line': b'In file included from \x1b[01m\x1b[K/home/miles/usb_ros2_ws/src/usb_device_driver/generated/include/mavlink/v2.0/robot_dog/robot_dog.h:57\x1b[m\x1b[K,\n'}
[5.362977] (usb_device_driver) StderrLine: {'line': b'                 from \x1b[01m\x1b[K/home/miles/usb_ros2_ws/src/usb_device_driver/generated/include/mavlink/v2.0/robot_dog/mavlink.h:39\x1b[m\x1b[K,\n'}
[5.363040] (usb_device_driver) StderrLine: {'line': b'                 from \x1b[01m\x1b[K/home/miles/usb_ros2_ws/src/usb_device_driver/include/usb_device_driver/usb_reader_node.hpp:20\x1b[m\x1b[K,\n'}
[5.363103] (usb_device_driver) StderrLine: {'line': b'                 from \x1b[01m\x1b[K/home/miles/usb_ros2_ws/src/usb_device_driver/src/usb_reader_node.cpp:1\x1b[m\x1b[K:\n'}
[5.363167] (usb_device_driver) StderrLine: {'line': b'\x1b[01m\x1b[K/home/miles/usb_ros2_ws/src/usb_device_driver/generated/include/mavlink/v2.0/robot_dog/./mavlink_msg_dog_motors_cmd.h:\x1b[m\x1b[K In function \xe2\x80\x98\x1b[01m\x1b[Kvoid mavlink_msg_dog_motors_cmd_decode(const mavlink_message_t*, mavlink_dog_motors_cmd_t*)\x1b[m\x1b[K\xe2\x80\x99:\n'}
[5.363239] (usb_device_driver) StderrLine: {'line': b'\x1b[01m\x1b[K/home/miles/usb_ros2_ws/src/usb_device_driver/generated/include/mavlink/v2.0/robot_dog/./mavlink_msg_dog_motors_cmd.h:419:32:\x1b[m\x1b[K \x1b[01;35m\x1b[Kwarning: \x1b[m\x1b[Kcomparison is always true due to limited range of data type [\x1b[01;35m\x1b[K\x1b]8;;https://gcc.gnu.org/onlinedocs/gcc/Warning-Options.html#index-Wtype-limits\x07-Wtype-limits\x1b]8;;\x07\x1b[m\x1b[K]\n'}
[5.363308] (usb_device_driver) StderrLine: {'line': b'  419 |         uint8_t len = msg->len \x1b[01;35m\x1b[K<\x1b[m\x1b[K MAVLINK_MSG_ID_DOG_MOTORS_CMD_LEN? msg->len : MAVLINK_MSG_ID_DOG_MOTORS_CMD_LEN;\n'}
[5.363372] (usb_device_driver) StderrLine: {'line': b'      |                                \x1b[01;35m\x1b[K^\x1b[m\x1b[K\n'}
[5.363434] (usb_device_driver) StderrLine: {'line': b'In file included from \x1b[01m\x1b[K/home/miles/usb_ros2_ws/src/usb_device_driver/generated/include/mavlink/v2.0/robot_dog/robot_dog.h:58\x1b[m\x1b[K,\n'}
[5.363496] (usb_device_driver) StderrLine: {'line': b'                 from \x1b[01m\x1b[K/home/miles/usb_ros2_ws/src/usb_device_driver/generated/include/mavlink/v2.0/robot_dog/mavlink.h:39\x1b[m\x1b[K,\n'}
[5.363558] (usb_device_driver) StderrLine: {'line': b'                 from \x1b[01m\x1b[K/home/miles/usb_ros2_ws/src/usb_device_driver/include/usb_device_driver/usb_reader_node.hpp:20\x1b[m\x1b[K,\n'}
[5.363620] (usb_device_driver) StderrLine: {'line': b'                 from \x1b[01m\x1b[K/home/miles/usb_ros2_ws/src/usb_device_driver/src/usb_reader_node.cpp:1\x1b[m\x1b[K:\n'}
[5.363682] (usb_device_driver) StderrLine: {'line': b'\x1b[01m\x1b[K/home/miles/usb_ros2_ws/src/usb_device_driver/generated/include/mavlink/v2.0/robot_dog/./mavlink_msg_dog_motors_state.h:\x1b[m\x1b[K In function \xe2\x80\x98\x1b[01m\x1b[Kuint16_t mavlink_msg_dog_motors_state_pack(uint8_t, uint8_t, mavlink_message_t*, uint64_t, const uint8_t*, const float*, const float*, const float*, const float*, const float*, const uint8_t*)\x1b[m\x1b[K\xe2\x80\x99:\n'}
[5.363747] (usb_device_driver) StderrLine: {'line': b'\x1b[01m\x1b[K/home/miles/usb_ros2_ws/src/usb_device_driver/generated/include/mavlink/v2.0/robot_dog/./mavlink_msg_dog_motors_state.h:19:49:\x1b[m\x1b[K \x1b[01;35m\x1b[Kwarning: \x1b[m\x1b[Kunsigned conversion from \xe2\x80\x98\x1b[01m\x1b[Kint\x1b[m\x1b[K\xe2\x80\x99 to \xe2\x80\x98\x1b[01m\x1b[Kuint8_t\x1b[m\x1b[K\xe2\x80\x99 {aka \xe2\x80\x98\x1b[01m\x1b[Kunsigned char\x1b[m\x1b[K\xe2\x80\x99} changes value from \xe2\x80\x98\x1b[01m\x1b[K272\x1b[m\x1b[K\xe2\x80\x99 to \xe2\x80\x98\x1b[01m\x1b[K16\x1b[m\x1b[K\xe2\x80\x99 [\x1b[01;35m\x1b[K\x1b]8;;https://gcc.gnu.org/onlinedocs/gcc/Warning-Options.html#index-Woverflow\x07-Woverflow\x1b]8;;\x07\x1b[m\x1b[K]\n'}
[5.363858] (usb_device_driver) StderrLine: {'line': b'   19 | #define MAVLINK_MSG_ID_DOG_MOTORS_STATE_MIN_LEN \x1b[01;35m\x1b[K272\x1b[m\x1b[K\n'}
[5.363932] (usb_device_driver) StderrLine: {'line': b'      |                                                 \x1b[01;35m\x1b[K^~~\x1b[m\x1b[K\n'}
[5.363996] (usb_device_driver) StderrLine: {'line': b'\x1b[01m\x1b[K/home/miles/usb_ros2_ws/src/usb_device_driver/generated/include/mavlink/v2.0/robot_dog/./mavlink_msg_dog_motors_state.h:109:67:\x1b[m\x1b[K \x1b[01;36m\x1b[Knote: \x1b[m\x1b[Kin expansion of macro \xe2\x80\x98\x1b[01m\x1b[KMAVLINK_MSG_ID_DOG_MOTORS_STATE_MIN_LEN\x1b[m\x1b[K\xe2\x80\x99\n'}
[5.364060] (usb_device_driver) StderrLine: {'line': b'  109 |     return mavlink_finalize_message(msg, system_id, component_id, \x1b[01;36m\x1b[KMAVLINK_MSG_ID_DOG_MOTORS_STATE_MIN_LEN\x1b[m\x1b[K, MAVLINK_MSG_ID_DOG_MOTORS_STATE_LEN, MAVLINK_MSG_ID_DOG_MOTORS_STATE_CRC);\n'}
[5.364124] (usb_device_driver) StderrLine: {'line': b'      |                                                                   \x1b[01;36m\x1b[K^~~~~~~~~~~~~~~~~~~~~~~~~~~~~~~~~~~~~~~\x1b[m\x1b[K\n'}
[5.364186] (usb_device_driver) StderrLine: {'line': b'\x1b[01m\x1b[K/home/miles/usb_ros2_ws/src/usb_device_driver/generated/include/mavlink/v2.0/robot_dog/./mavlink_msg_dog_motors_state.h:18:45:\x1b[m\x1b[K \x1b[01;35m\x1b[Kwarning: \x1b[m\x1b[Kunsigned conversion from \xe2\x80\x98\x1b[01m\x1b[Kint\x1b[m\x1b[K\xe2\x80\x99 to \xe2\x80\x98\x1b[01m\x1b[Kuint8_t\x1b[m\x1b[K\xe2\x80\x99 {aka \xe2\x80\x98\x1b[01m\x1b[Kunsigned char\x1b[m\x1b[K\xe2\x80\x99} changes value from \xe2\x80\x98\x1b[01m\x1b[K272\x1b[m\x1b[K\xe2\x80\x99 to \xe2\x80\x98\x1b[01m\x1b[K16\x1b[m\x1b[K\xe2\x80\x99 [\x1b[01;35m\x1b[K\x1b]8;;https://gcc.gnu.org/onlinedocs/gcc/Warning-Options.html#index-Woverflow\x07-Woverflow\x1b]8;;\x07\x1b[m\x1b[K]\n'}
[5.364253] (usb_device_driver) StderrLine: {'line': b'   18 | #define MAVLINK_MSG_ID_DOG_MOTORS_STATE_LEN \x1b[01;35m\x1b[K272\x1b[m\x1b[K\n'}
[5.364316] (usb_device_driver) StderrLine: {'line': b'      |                                             \x1b[01;35m\x1b[K^~~\x1b[m\x1b[K\n'}
[5.364421] (usb_device_driver) StderrLine: {'line': b'\x1b[01m\x1b[K/home/miles/usb_ros2_ws/src/usb_device_driver/generated/include/mavlink/v2.0/robot_dog/./mavlink_msg_dog_motors_state.h:109:108:\x1b[m\x1b[K \x1b[01;36m\x1b[Knote: \x1b[m\x1b[Kin expansion of macro \xe2\x80\x98\x1b[01m\x1b[KMAVLINK_MSG_ID_DOG_MOTORS_STATE_LEN\x1b[m\x1b[K\xe2\x80\x99\n'}
[5.364533] (usb_device_driver) StderrLine: {'line': b'  109 |     return mavlink_finalize_message(msg, system_id, component_id, MAVLINK_MSG_ID_DOG_MOTORS_STATE_MIN_LEN, \x1b[01;36m\x1b[KMAVLINK_MSG_ID_DOG_MOTORS_STATE_LEN\x1b[m\x1b[K, MAVLINK_MSG_ID_DOG_MOTORS_STATE_CRC);\n'}
[5.364648] (usb_device_driver) StderrLine: {'line': b'      |                                                                                                            \x1b[01;36m\x1b[K^~~~~~~~~~~~~~~~~~~~~~~~~~~~~~~~~~~\x1b[m\x1b[K\n'}
[5.364762] (usb_device_driver) StderrLine: {'line': b'\x1b[01m\x1b[K/home/miles/usb_ros2_ws/src/usb_device_driver/generated/include/mavlink/v2.0/robot_dog/./mavlink_msg_dog_motors_state.h:\x1b[m\x1b[K In function \xe2\x80\x98\x1b[01m\x1b[Kuint16_t mavlink_msg_dog_motors_state_pack_status(uint8_t, uint8_t, mavlink_status_t*, mavlink_message_t*, uint64_t, const uint8_t*, const float*, const float*, const float*, const float*, const float*, const uint8_t*)\x1b[m\x1b[K\xe2\x80\x99:\n'}
[5.364926] (usb_device_driver) StderrLine: {'line': b'\x1b[01m\x1b[K/home/miles/usb_ros2_ws/src/usb_device_driver/generated/include/mavlink/v2.0/robot_dog/./mavlink_msg_dog_motors_state.h:19:49:\x1b[m\x1b[K \x1b[01;35m\x1b[Kwarning: \x1b[m\x1b[Kunsigned conversion from \xe2\x80\x98\x1b[01m\x1b[Kint\x1b[m\x1b[K\xe2\x80\x99 to \xe2\x80\x98\x1b[01m\x1b[Kuint8_t\x1b[m\x1b[K\xe2\x80\x99 {aka \xe2\x80\x98\x1b[01m\x1b[Kunsigned char\x1b[m\x1b[K\xe2\x80\x99} changes value from \xe2\x80\x98\x1b[01m\x1b[K272\x1b[m\x1b[K\xe2\x80\x99 to \xe2\x80\x98\x1b[01m\x1b[K16\x1b[m\x1b[K\xe2\x80\x99 [\x1b[01;35m\x1b[K\x1b]8;;https://gcc.gnu.org/onlinedocs/gcc/Warning-Options.html#index-Woverflow\x07-Woverflow\x1b]8;;\x07\x1b[m\x1b[K]\n'}
[5.365067] (usb_device_driver) StderrLine: {'line': b'   19 | #define MAVLINK_MSG_ID_DOG_MOTORS_STATE_MIN_LEN \x1b[01;35m\x1b[K272\x1b[m\x1b[K\n'}
[5.365184] (usb_device_driver) StderrLine: {'line': b'      |                                                 \x1b[01;35m\x1b[K^~~\x1b[m\x1b[K\n'}
[5.365306] (usb_device_driver) StderrLine: {'line': b'\x1b[01m\x1b[K/home/miles/usb_ros2_ws/src/usb_device_driver/generated/include/mavlink/v2.0/robot_dog/./mavlink_msg_dog_motors_state.h:158:83:\x1b[m\x1b[K \x1b[01;36m\x1b[Knote: \x1b[m\x1b[Kin expansion of macro \xe2\x80\x98\x1b[01m\x1b[KMAVLINK_MSG_ID_DOG_MOTORS_STATE_MIN_LEN\x1b[m\x1b[K\xe2\x80\x99\n'}
[5.365422] (usb_device_driver) StderrLine: {'line': b'  158 |     return mavlink_finalize_message_buffer(msg, system_id, component_id, _status, \x1b[01;36m\x1b[KMAVLINK_MSG_ID_DOG_MOTORS_STATE_MIN_LEN\x1b[m\x1b[K, MAVLINK_MSG_ID_DOG_MOTORS_STATE_LEN, MAVLINK_MSG_ID_DOG_MOTORS_STATE_CRC);\n'}
[5.365536] (usb_device_driver) StderrLine: {'line': b'      |                                                                                   \x1b[01;36m\x1b[K^~~~~~~~~~~~~~~~~~~~~~~~~~~~~~~~~~~~~~~\x1b[m\x1b[K\n'}
[5.365653] (usb_device_driver) StderrLine: {'line': b'\x1b[01m\x1b[K/home/miles/usb_ros2_ws/src/usb_device_driver/generated/include/mavlink/v2.0/robot_dog/./mavlink_msg_dog_motors_state.h:18:45:\x1b[m\x1b[K \x1b[01;35m\x1b[Kwarning: \x1b[m\x1b[Kunsigned conversion from \xe2\x80\x98\x1b[01m\x1b[Kint\x1b[m\x1b[K\xe2\x80\x99 to \xe2\x80\x98\x1b[01m\x1b[Kuint8_t\x1b[m\x1b[K\xe2\x80\x99 {aka \xe2\x80\x98\x1b[01m\x1b[Kunsigned char\x1b[m\x1b[K\xe2\x80\x99} changes value from \xe2\x80\x98\x1b[01m\x1b[K272\x1b[m\x1b[K\xe2\x80\x99 to \xe2\x80\x98\x1b[01m\x1b[K16\x1b[m\x1b[K\xe2\x80\x99 [\x1b[01;35m\x1b[K\x1b]8;;https://gcc.gnu.org/onlinedocs/gcc/Warning-Options.html#index-Woverflow\x07-Woverflow\x1b]8;;\x07\x1b[m\x1b[K]\n'}
[5.365806] (usb_device_driver) StderrLine: {'line': b'   18 | #define MAVLINK_MSG_ID_DOG_MOTORS_STATE_LEN \x1b[01;35m\x1b[K272\x1b[m\x1b[K\n'}
[5.365946] (usb_device_driver) StderrLine: {'line': b'      |                                             \x1b[01;35m\x1b[K^~~\x1b[m\x1b[K\n'}
[5.366063] (usb_device_driver) StderrLine: {'line': b'\x1b[01m\x1b[K/home/miles/usb_ros2_ws/src/usb_device_driver/generated/include/mavlink/v2.0/robot_dog/./mavlink_msg_dog_motors_state.h:158:124:\x1b[m\x1b[K \x1b[01;36m\x1b[Knote: \x1b[m\x1b[Kin expansion of macro \xe2\x80\x98\x1b[01m\x1b[KMAVLINK_MSG_ID_DOG_MOTORS_STATE_LEN\x1b[m\x1b[K\xe2\x80\x99\n'}
[5.366175] (usb_device_driver) StderrLine: {'line': b'  158 |     return mavlink_finalize_message_buffer(msg, system_id, component_id, _status, MAVLINK_MSG_ID_DOG_MOTORS_STATE_MIN_LEN, \x1b[01;36m\x1b[KMAVLINK_MSG_ID_DOG_MOTORS_STATE_LEN\x1b[m\x1b[K, MAVLINK_MSG_ID_DOG_MOTORS_STATE_CRC);\n'}
[5.366286] (usb_device_driver) StderrLine: {'line': b'      |                                                                                                                            \x1b[01;36m\x1b[K^~~~~~~~~~~~~~~~~~~~~~~~~~~~~~~~~~~\x1b[m\x1b[K\n'}
[5.366400] (usb_device_driver) StderrLine: {'line': b'\x1b[01m\x1b[K/home/miles/usb_ros2_ws/src/usb_device_driver/generated/include/mavlink/v2.0/robot_dog/./mavlink_msg_dog_motors_state.h:\x1b[m\x1b[K In function \xe2\x80\x98\x1b[01m\x1b[Kuint16_t mavlink_msg_dog_motors_state_pack_chan(uint8_t, uint8_t, uint8_t, mavlink_message_t*, uint64_t, const uint8_t*, const float*, const float*, const float*, const float*, const float*, const uint8_t*)\x1b[m\x1b[K\xe2\x80\x99:\n'}
[5.366514] (usb_device_driver) StderrLine: {'line': b'\x1b[01m\x1b[K/home/miles/usb_ros2_ws/src/usb_device_driver/generated/include/mavlink/v2.0/robot_dog/./mavlink_msg_dog_motors_state.h:19:49:\x1b[m\x1b[K \x1b[01;35m\x1b[Kwarning: \x1b[m\x1b[Kunsigned conversion from \xe2\x80\x98\x1b[01m\x1b[Kint\x1b[m\x1b[K\xe2\x80\x99 to \xe2\x80\x98\x1b[01m\x1b[Kuint8_t\x1b[m\x1b[K\xe2\x80\x99 {aka \xe2\x80\x98\x1b[01m\x1b[Kunsigned char\x1b[m\x1b[K\xe2\x80\x99} changes value from \xe2\x80\x98\x1b[01m\x1b[K272\x1b[m\x1b[K\xe2\x80\x99 to \xe2\x80\x98\x1b[01m\x1b[K16\x1b[m\x1b[K\xe2\x80\x99 [\x1b[01;35m\x1b[K\x1b]8;;https://gcc.gnu.org/onlinedocs/gcc/Warning-Options.html#index-Woverflow\x07-Woverflow\x1b]8;;\x07\x1b[m\x1b[K]\n'}
[5.366644] (usb_device_driver) StderrLine: {'line': b'   19 | #define MAVLINK_MSG_ID_DOG_MOTORS_STATE_MIN_LEN \x1b[01;35m\x1b[K272\x1b[m\x1b[K\n'}
[5.366758] (usb_device_driver) StderrLine: {'line': b'      |                                                 \x1b[01;35m\x1b[K^~~\x1b[m\x1b[K\n'}
[5.366964] (usb_device_driver) StderrLine: {'line': b'\x1b[01m\x1b[K/home/miles/usb_ros2_ws/src/usb_device_driver/generated/include/mavlink/v2.0/robot_dog/./mavlink_msg_dog_motors_state.h:209:78:\x1b[m\x1b[K \x1b[01;36m\x1b[Knote: \x1b[m\x1b[Kin expansion of macro \xe2\x80\x98\x1b[01m\x1b[KMAVLINK_MSG_ID_DOG_MOTORS_STATE_MIN_LEN\x1b[m\x1b[K\xe2\x80\x99\n'}
[5.367099] (usb_device_driver) StderrLine: {'line': b'  209 |     return mavlink_finalize_message_chan(msg, system_id, component_id, chan, \x1b[01;36m\x1b[KMAVLINK_MSG_ID_DOG_MOTORS_STATE_MIN_LEN\x1b[m\x1b[K, MAVLINK_MSG_ID_DOG_MOTORS_STATE_LEN, MAVLINK_MSG_ID_DOG_MOTORS_STATE_CRC);\n'}
[5.367229] (usb_device_driver) StderrLine: {'line': b'      |                                                                              \x1b[01;36m\x1b[K^~~~~~~~~~~~~~~~~~~~~~~~~~~~~~~~~~~~~~~\x1b[m\x1b[K\n'}
[5.367343] (usb_device_driver) StderrLine: {'line': b'\x1b[01m\x1b[K/home/miles/usb_ros2_ws/src/usb_device_driver/generated/include/mavlink/v2.0/robot_dog/./mavlink_msg_dog_motors_state.h:18:45:\x1b[m\x1b[K \x1b[01;35m\x1b[Kwarning: \x1b[m\x1b[Kunsigned conversion from \xe2\x80\x98\x1b[01m\x1b[Kint\x1b[m\x1b[K\xe2\x80\x99 to \xe2\x80\x98\x1b[01m\x1b[Kuint8_t\x1b[m\x1b[K\xe2\x80\x99 {aka \xe2\x80\x98\x1b[01m\x1b[Kunsigned char\x1b[m\x1b[K\xe2\x80\x99} changes value from \xe2\x80\x98\x1b[01m\x1b[K272\x1b[m\x1b[K\xe2\x80\x99 to \xe2\x80\x98\x1b[01m\x1b[K16\x1b[m\x1b[K\xe2\x80\x99 [\x1b[01;35m\x1b[K\x1b]8;;https://gcc.gnu.org/onlinedocs/gcc/Warning-Options.html#index-Woverflow\x07-Woverflow\x1b]8;;\x07\x1b[m\x1b[K]\n'}
[5.367460] (usb_device_driver) StderrLine: {'line': b'   18 | #define MAVLINK_MSG_ID_DOG_MOTORS_STATE_LEN \x1b[01;35m\x1b[K272\x1b[m\x1b[K\n'}
[5.367571] (usb_device_driver) StderrLine: {'line': b'      |                                             \x1b[01;35m\x1b[K^~~\x1b[m\x1b[K\n'}
[5.367684] (usb_device_driver) StderrLine: {'line': b'\x1b[01m\x1b[K/home/miles/usb_ros2_ws/src/usb_device_driver/generated/include/mavlink/v2.0/robot_dog/./mavlink_msg_dog_motors_state.h:209:119:\x1b[m\x1b[K \x1b[01;36m\x1b[Knote: \x1b[m\x1b[Kin expansion of macro \xe2\x80\x98\x1b[01m\x1b[KMAVLINK_MSG_ID_DOG_MOTORS_STATE_LEN\x1b[m\x1b[K\xe2\x80\x99\n'}
[5.367808] (usb_device_driver) StderrLine: {'line': b'  209 |     return mavlink_finalize_message_chan(msg, system_id, component_id, chan, MAVLINK_MSG_ID_DOG_MOTORS_STATE_MIN_LEN, \x1b[01;36m\x1b[KMAVLINK_MSG_ID_DOG_MOTORS_STATE_LEN\x1b[m\x1b[K, MAVLINK_MSG_ID_DOG_MOTORS_STATE_CRC);\n'}
[5.367939] (usb_device_driver) StderrLine: {'line': b'      |                                                                                                                       \x1b[01;36m\x1b[K^~~~~~~~~~~~~~~~~~~~~~~~~~~~~~~~~~~\x1b[m\x1b[K\n'}
[5.368062] (usb_device_driver) StderrLine: {'line': b'In file included from \x1b[01m\x1b[K/home/miles/usb_ros2_ws/src/usb_device_driver/generated/include/mavlink/v2.0/robot_dog/robot_dog.h:58\x1b[m\x1b[K,\n'}
[5.368184] (usb_device_driver) StderrLine: {'line': b'                 from \x1b[01m\x1b[K/home/miles/usb_ros2_ws/src/usb_device_driver/generated/include/mavlink/v2.0/robot_dog/mavlink.h:39\x1b[m\x1b[K,\n'}
[5.368295] (usb_device_driver) StderrLine: {'line': b'                 from \x1b[01m\x1b[K/home/miles/usb_ros2_ws/src/usb_device_driver/include/usb_device_driver/usb_reader_node.hpp:20\x1b[m\x1b[K,\n'}
[5.368421] (usb_device_driver) StderrLine: {'line': b'                 from \x1b[01m\x1b[K/home/miles/usb_ros2_ws/src/usb_device_driver/src/usb_reader_node.cpp:1\x1b[m\x1b[K:\n'}
[5.368531] (usb_device_driver) StderrLine: {'line': b'\x1b[01m\x1b[K/home/miles/usb_ros2_ws/src/usb_device_driver/generated/include/mavlink/v2.0/robot_dog/./mavlink_msg_dog_motors_state.h:\x1b[m\x1b[K In function \xe2\x80\x98\x1b[01m\x1b[Kuint16_t mavlink_msg_dog_motors_state_get_statuses(const mavlink_message_t*, uint8_t*)\x1b[m\x1b[K\xe2\x80\x99:\n'}
[5.368642] (usb_device_driver) StderrLine: {'line': b'\x1b[01m\x1b[K/home/miles/usb_ros2_ws/src/usb_device_driver/generated/include/mavlink/v2.0/robot_dog/./mavlink_msg_dog_motors_state.h:427:58:\x1b[m\x1b[K \x1b[01;35m\x1b[Kwarning: \x1b[m\x1b[Kunsigned conversion from \xe2\x80\x98\x1b[01m\x1b[Kint\x1b[m\x1b[K\xe2\x80\x99 to \xe2\x80\x98\x1b[01m\x1b[Kuint8_t\x1b[m\x1b[K\xe2\x80\x99 {aka \xe2\x80\x98\x1b[01m\x1b[Kunsigned char\x1b[m\x1b[K\xe2\x80\x99} changes value from \xe2\x80\x98\x1b[01m\x1b[K260\x1b[m\x1b[K\xe2\x80\x99 to \xe2\x80\x98\x1b[01m\x1b[K4\x1b[m\x1b[K\xe2\x80\x99 [\x1b[01;35m\x1b[K\x1b]8;;https://gcc.gnu.org/onlinedocs/gcc/Warning-Options.html#index-Woverflow\x07-Woverflow\x1b]8;;\x07\x1b[m\x1b[K]\n'}
[5.368756] (usb_device_driver) StderrLine: {'line': b'  427 |     return _MAV_RETURN_uint8_t_array(msg, statuses, 12,  \x1b[01;35m\x1b[K260\x1b[m\x1b[K);\n'}
[5.368890] (usb_device_driver) StderrLine: {'line': b'      |                                                          \x1b[01;35m\x1b[K^~~\x1b[m\x1b[K\n'}
[5.369004] (usb_device_driver) StderrLine: {'line': b'\x1b[01m\x1b[K/home/miles/usb_ros2_ws/src/usb_device_driver/generated/include/mavlink/v2.0/robot_dog/./mavlink_msg_dog_motors_state.h:\x1b[m\x1b[K In function \xe2\x80\x98\x1b[01m\x1b[Kvoid mavlink_msg_dog_motors_state_decode(const mavlink_message_t*, mavlink_dog_motors_state_t*)\x1b[m\x1b[K\xe2\x80\x99:\n'}
[5.369118] (usb_device_driver) StderrLine: {'line': b'\x1b[01m\x1b[K/home/miles/usb_ros2_ws/src/usb_device_driver/generated/include/mavlink/v2.0/robot_dog/./mavlink_msg_dog_motors_state.h:448:32:\x1b[m\x1b[K \x1b[01;35m\x1b[Kwarning: \x1b[m\x1b[Kcomparison is always true due to limited range of data type [\x1b[01;35m\x1b[K\x1b]8;;https://gcc.gnu.org/onlinedocs/gcc/Warning-Options.html#index-Wtype-limits\x07-Wtype-limits\x1b]8;;\x07\x1b[m\x1b[K]\n'}
[5.369239] (usb_device_driver) StderrLine: {'line': b'  448 |         uint8_t len = msg->len \x1b[01;35m\x1b[K<\x1b[m\x1b[K MAVLINK_MSG_ID_DOG_MOTORS_STATE_LEN? msg->len : MAVLINK_MSG_ID_DOG_MOTORS_STATE_LEN;\n'}
[5.369353] (usb_device_driver) StderrLine: {'line': b'      |                                \x1b[01;35m\x1b[K^\x1b[m\x1b[K\n'}
[5.425038] (-) TimerEvent: {}
[5.525563] (-) TimerEvent: {}
[5.626106] (-) TimerEvent: {}
[5.726605] (-) TimerEvent: {}
[5.776211] (usb_device_driver) StderrLine: {'line': b'\x1b[01m\x1b[K/home/miles/usb_ros2_ws/src/usb_device_driver/src/usb_reader_node.cpp:\x1b[m\x1b[K In constructor \xe2\x80\x98\x1b[01m\x1b[Kusb_device_driver::USBReaderNode::USBReaderNode(const rclcpp::NodeOptions&)\x1b[m\x1b[K\xe2\x80\x99:\n'}
[5.776931] (usb_device_driver) StderrLine: {'line': b'\x1b[01m\x1b[K/home/miles/usb_ros2_ws/src/usb_device_driver/src/usb_reader_node.cpp:33:86:\x1b[m\x1b[K \x1b[01;31m\x1b[Kerror: \x1b[m\x1b[Kno matching function for call to \xe2\x80\x98\x1b[01m\x1b[Kusb_device_driver::USBReaderNode::create_subscription<usb_device_driver::msg::MotorsCmd>(const char [16], int, void (usb_device_driver::USBReaderNode::*)(usb_device_driver::msg::MotorsCmd_<std::allocator<void> >::SharedPtr), usb_device_driver::USBReaderNode*)\x1b[m\x1b[K\xe2\x80\x99\n'}
[5.777267] (usb_device_driver) StderrLine: {'line': b'   33 |         motor_cmd_sub_ = \x1b[01;31m\x1b[Kthis->create_subscription<usb_device_driver::msg::MotorsCmd>(\x1b[m\x1b[K\n'}
[5.777493] (usb_device_driver) StderrLine: {'line': b'      |                          \x1b[01;31m\x1b[K~~~~~~~~~~~~~~~~~~~~~~~~~~~~~~~~~~~~~~~~~~~~~~~~~~~~~~~~~~~~^\x1b[m\x1b[K\n'}
[5.777727] (usb_device_driver) StderrLine: {'line': b'   34 | \x1b[01;31m\x1b[K            "/usb/motors_cmd", 10, &USBReaderNode::sendMotorCmdToSerial, this)\x1b[m\x1b[K;\n'}
[5.777971] (usb_device_driver) StderrLine: {'line': b'      |             \x1b[01;31m\x1b[K~~~~~~~~~~~~~~~~~~~~~~~~~~~~~~~~~~~~~~~~~~~~~~~~~~~~~~~~~~~~~~~~~~\x1b[m\x1b[K        \n'}
[5.778186] (usb_device_driver) StderrLine: {'line': b'In file included from \x1b[01m\x1b[K/opt/ros/humble/include/rclcpp/rclcpp/executors/single_threaded_executor.hpp:28\x1b[m\x1b[K,\n'}
[5.778401] (usb_device_driver) StderrLine: {'line': b'                 from \x1b[01m\x1b[K/opt/ros/humble/include/rclcpp/rclcpp/executors.hpp:22\x1b[m\x1b[K,\n'}
[5.778594] (usb_device_driver) StderrLine: {'line': b'                 from \x1b[01m\x1b[K/opt/ros/humble/include/rclcpp/rclcpp/rclcpp.hpp:155\x1b[m\x1b[K,\n'}
[5.778807] (usb_device_driver) StderrLine: {'line': b'                 from \x1b[01m\x1b[K/home/miles/usb_ros2_ws/src/usb_device_driver/include/usb_device_driver/usb_reader_node.hpp:4\x1b[m\x1b[K,\n'}
[5.779060] (usb_device_driver) StderrLine: {'line': b'                 from \x1b[01m\x1b[K/home/miles/usb_ros2_ws/src/usb_device_driver/src/usb_reader_node.cpp:1\x1b[m\x1b[K:\n'}
[5.779258] (usb_device_driver) StderrLine: {'line': b'\x1b[01m\x1b[K/opt/ros/humble/include/rclcpp/rclcpp/node.hpp:219:3:\x1b[m\x1b[K \x1b[01;36m\x1b[Knote: \x1b[m\x1b[Kcandidate: \xe2\x80\x98\x1b[01m\x1b[Ktemplate<class MessageT, class CallbackT, class AllocatorT, class SubscriptionT, class MessageMemoryStrategyT> std::shared_ptr<ROSMessageT> rclcpp::Node::create_subscription(const string&, const rclcpp::QoS&, CallbackT&&, const rclcpp::SubscriptionOptionsWithAllocator<AllocatorT>&, typename MessageMemoryStrategyT::SharedPtr)\x1b[m\x1b[K\xe2\x80\x99\n'}
[5.779489] (usb_device_driver) StderrLine: {'line': b'  219 |   \x1b[01;36m\x1b[Kcreate_subscription\x1b[m\x1b[K(\n'}
[5.779677] (usb_device_driver) StderrLine: {'line': b'      |   \x1b[01;36m\x1b[K^~~~~~~~~~~~~~~~~~~\x1b[m\x1b[K\n'}
[5.779910] (usb_device_driver) StderrLine: {'line': b'\x1b[01m\x1b[K/opt/ros/humble/include/rclcpp/rclcpp/node.hpp:219:3:\x1b[m\x1b[K \x1b[01;36m\x1b[Knote: \x1b[m\x1b[K  template argument deduction/substitution failed:\n'}
[5.780114] (usb_device_driver) StderrLine: {'line': b'\x1b[01m\x1b[K/home/miles/usb_ros2_ws/src/usb_device_driver/src/usb_reader_node.cpp:33:86:\x1b[m\x1b[K \x1b[01;36m\x1b[Knote: \x1b[m\x1b[K  mismatched types \xe2\x80\x98\x1b[01m\x1b[Kconst rclcpp::SubscriptionOptionsWithAllocator<AllocatorT>\x1b[m\x1b[K\xe2\x80\x99 and \xe2\x80\x98\x1b[01m\x1b[Kusb_device_driver::USBReaderNode*\x1b[m\x1b[K\xe2\x80\x99\n'}
[5.780321] (usb_device_driver) StderrLine: {'line': b'   33 |         motor_cmd_sub_ = \x1b[01;36m\x1b[Kthis->create_subscription<usb_device_driver::msg::MotorsCmd>(\x1b[m\x1b[K\n'}
[5.780512] (usb_device_driver) StderrLine: {'line': b'      |                          \x1b[01;36m\x1b[K~~~~~~~~~~~~~~~~~~~~~~~~~~~~~~~~~~~~~~~~~~~~~~~~~~~~~~~~~~~~^\x1b[m\x1b[K\n'}
[5.780727] (usb_device_driver) StderrLine: {'line': b'   34 | \x1b[01;36m\x1b[K            "/usb/motors_cmd", 10, &USBReaderNode::sendMotorCmdToSerial, this)\x1b[m\x1b[K;\n'}
[5.780975] (usb_device_driver) StderrLine: {'line': b'      |             \x1b[01;36m\x1b[K~~~~~~~~~~~~~~~~~~~~~~~~~~~~~~~~~~~~~~~~~~~~~~~~~~~~~~~~~~~~~~~~~~\x1b[m\x1b[K        \n'}
[5.826757] (-) TimerEvent: {}
[5.863724] (usb_device_driver) StderrLine: {'line': b'\x1b[01m\x1b[K/home/miles/usb_ros2_ws/src/usb_device_driver/src/usb_reader_node.cpp:\x1b[m\x1b[K In member function \xe2\x80\x98\x1b[01m\x1b[Kvoid usb_device_driver::USBReaderNode::readSerialThread()\x1b[m\x1b[K\xe2\x80\x99:\n'}
[5.864168] (usb_device_driver) StderrLine: {'line': b'\x1b[01m\x1b[K/home/miles/usb_ros2_ws/src/usb_device_driver/src/usb_reader_node.cpp:344:36:\x1b[m\x1b[K \x1b[01;31m\x1b[Kerror: \x1b[m\x1b[K\xe2\x80\x98\x1b[01m\x1b[Kreceived_data\x1b[m\x1b[K\xe2\x80\x99 was not declared in this scope\n'}
[5.864438] (usb_device_driver) StderrLine: {'line': b'  344 |                     raw_msg.data = \x1b[01;31m\x1b[Kreceived_data\x1b[m\x1b[K;\n'}
[5.864675] (usb_device_driver) StderrLine: {'line': b'      |                                    \x1b[01;31m\x1b[K^~~~~~~~~~~~~\x1b[m\x1b[K\n'}
[5.882543] (usb_device_driver) StderrLine: {'line': b'\x1b[01m\x1b[K/home/miles/usb_ros2_ws/src/usb_device_driver/src/usb_reader_node.cpp:\x1b[m\x1b[K In member function \xe2\x80\x98\x1b[01m\x1b[Kvoid usb_device_driver::USBReaderNode::sendMotorCmdToSerial(usb_device_driver::msg::MotorsCmd_<std::allocator<void> >::SharedPtr)\x1b[m\x1b[K\xe2\x80\x99:\n'}
[5.883106] (usb_device_driver) StderrLine: {'line': b'\x1b[01m\x1b[K/home/miles/usb_ros2_ws/src/usb_device_driver/src/usb_reader_node.cpp:530:28:\x1b[m\x1b[K \x1b[01;31m\x1b[Kerror: \x1b[m\x1b[K\xe2\x80\x98\x1b[01m\x1b[Kmavlink_dog_motors_cmd_t\x1b[m\x1b[K\xe2\x80\x99 {aka \xe2\x80\x98\x1b[01m\x1b[Kstruct __mavlink_dog_motors_cmd_t\x1b[m\x1b[K\xe2\x80\x99} has no member named \xe2\x80\x98\x1b[01m\x1b[Kmotor_ids\x1b[m\x1b[K\xe2\x80\x99; did you mean \xe2\x80\x98\x1b[01m\x1b[Kmotors_id\x1b[m\x1b[K\xe2\x80\x99?\n'}
[5.883398] (usb_device_driver) StderrLine: {'line': b'  530 |             dog_motors_cmd.\x1b[01;31m\x1b[Kmotor_ids\x1b[m\x1b[K[i] = static_cast<uint8_t>(msg->motor_ids[i]);\n'}
[5.883625] (usb_device_driver) StderrLine: {'line': b'      |                            \x1b[01;31m\x1b[K^~~~~~~~~\x1b[m\x1b[K\n'}
[5.883880] (usb_device_driver) StderrLine: {'line': b'      |                            \x1b[32m\x1b[Kmotors_id\x1b[m\x1b[K\n'}
[5.884095] (usb_device_driver) StderrLine: {'line': b'\x1b[01m\x1b[K/home/miles/usb_ros2_ws/src/usb_device_driver/src/usb_reader_node.cpp:546:74:\x1b[m\x1b[K \x1b[01;31m\x1b[Kerror: \x1b[m\x1b[K\xe2\x80\x98\x1b[01m\x1b[Kmavlink_message_t\x1b[m\x1b[K\xe2\x80\x99 {aka \xe2\x80\x98\x1b[01m\x1b[Kstruct __mavlink_message\x1b[m\x1b[K\xe2\x80\x99} has no member named \xe2\x80\x98\x1b[01m\x1b[Kmsg\x1b[m\x1b[K\xe2\x80\x99; did you mean \xe2\x80\x98\x1b[01m\x1b[Kmsgid\x1b[m\x1b[K\xe2\x80\x99?\n'}
[5.884329] (usb_device_driver) StderrLine: {'line': b'  546 |                 serial_port_.Write(reinterpret_cast<const char*>(mav_msg.\x1b[01;31m\x1b[Kmsg\x1b[m\x1b[K), len);\n'}
[5.884545] (usb_device_driver) StderrLine: {'line': b'      |                                                                          \x1b[01;31m\x1b[K^~~\x1b[m\x1b[K\n'}
[5.884740] (usb_device_driver) StderrLine: {'line': b'      |                                                                          \x1b[32m\x1b[Kmsgid\x1b[m\x1b[K\n'}
[5.887635] (usb_device_driver) StderrLine: {'line': b'In file included from \x1b[01m\x1b[K/opt/ros/humble/include/rclcpp/rclcpp/logging.hpp:24\x1b[m\x1b[K,\n'}
[5.887914] (usb_device_driver) StderrLine: {'line': b'                 from \x1b[01m\x1b[K/opt/ros/humble/include/rclcpp/rclcpp/client.hpp:40\x1b[m\x1b[K,\n'}
[5.888104] (usb_device_driver) StderrLine: {'line': b'                 from \x1b[01m\x1b[K/opt/ros/humble/include/rclcpp/rclcpp/callback_group.hpp:24\x1b[m\x1b[K,\n'}
[5.888250] (usb_device_driver) StderrLine: {'line': b'                 from \x1b[01m\x1b[K/opt/ros/humble/include/rclcpp/rclcpp/any_executable.hpp:20\x1b[m\x1b[K,\n'}
[5.888446] (usb_device_driver) StderrLine: {'line': b'                 from \x1b[01m\x1b[K/opt/ros/humble/include/rclcpp/rclcpp/memory_strategy.hpp:25\x1b[m\x1b[K,\n'}
[5.888586] (usb_device_driver) StderrLine: {'line': b'                 from \x1b[01m\x1b[K/opt/ros/humble/include/rclcpp/rclcpp/memory_strategies.hpp:18\x1b[m\x1b[K,\n'}
[5.888716] (usb_device_driver) StderrLine: {'line': b'                 from \x1b[01m\x1b[K/opt/ros/humble/include/rclcpp/rclcpp/executor_options.hpp:20\x1b[m\x1b[K,\n'}
[5.888872] (usb_device_driver) StderrLine: {'line': b'                 from \x1b[01m\x1b[K/opt/ros/humble/include/rclcpp/rclcpp/executor.hpp:37\x1b[m\x1b[K,\n'}
[5.889003] (usb_device_driver) StderrLine: {'line': b'                 from \x1b[01m\x1b[K/opt/ros/humble/include/rclcpp/rclcpp/executors/multi_threaded_executor.hpp:25\x1b[m\x1b[K,\n'}
[5.889134] (usb_device_driver) StderrLine: {'line': b'                 from \x1b[01m\x1b[K/opt/ros/humble/include/rclcpp/rclcpp/executors.hpp:21\x1b[m\x1b[K,\n'}
[5.889281] (usb_device_driver) StderrLine: {'line': b'                 from \x1b[01m\x1b[K/opt/ros/humble/include/rclcpp/rclcpp/rclcpp.hpp:155\x1b[m\x1b[K,\n'}
[5.889848] (usb_device_driver) StderrLine: {'line': b'                 from \x1b[01m\x1b[K/home/miles/usb_ros2_ws/src/usb_device_driver/include/usb_device_driver/usb_reader_node.hpp:4\x1b[m\x1b[K,\n'}
[5.890062] (usb_device_driver) StderrLine: {'line': b'                 from \x1b[01m\x1b[K/home/miles/usb_ros2_ws/src/usb_device_driver/src/usb_reader_node.cpp:1\x1b[m\x1b[K:\n'}
[5.890197] (usb_device_driver) StderrLine: {'line': b'\x1b[01m\x1b[K/home/miles/usb_ros2_ws/src/usb_device_driver/src/usb_reader_node.cpp:\x1b[m\x1b[K In member function \xe2\x80\x98\x1b[01m\x1b[Kvoid usb_device_driver::USBReaderNode::handleReceivedMavlinkData(const uint8_t*, size_t)\x1b[m\x1b[K\xe2\x80\x99:\n'}
[5.890333] (usb_device_driver) StderrLine: {'line': b'\x1b[01m\x1b[K/home/miles/usb_ros2_ws/src/usb_device_driver/src/usb_reader_node.cpp:604:61:\x1b[m\x1b[K \x1b[01;35m\x1b[Kwarning: \x1b[m\x1b[Kformat \xe2\x80\x98\x1b[01m\x1b[K%d\x1b[m\x1b[K\xe2\x80\x99 expects argument of type \xe2\x80\x98\x1b[01m\x1b[Kint\x1b[m\x1b[K\xe2\x80\x99, but argument 5 has type \xe2\x80\x98\x1b[01m\x1b[Ksize_t\x1b[m\x1b[K\xe2\x80\x99 {aka \xe2\x80\x98\x1b[01m\x1b[Klong unsigned int\x1b[m\x1b[K\xe2\x80\x99} [\x1b[01;35m\x1b[K\x1b]8;;https://gcc.gnu.org/onlinedocs/gcc/Warning-Options.html#index-Wformat=\x07-Wformat=\x1b]8;;\x07\x1b[m\x1b[K]\n'}
[5.890465] (usb_device_driver) StderrLine: {'line': b'  604 |                             RCLCPP_INFO(this->get_logger(), \x1b[01;35m\x1b[K"\xe5\x8f\x91\xe5\xb8\x83\xe7\x94\xb5\xe6\x9c\xba\xe7\x8a\xb6\xe6\x80\x81\xe6\xb6\x88\xe6\x81\xaf\xe5\x88\xb0ROS2:\xef\xbc\x8c\xe9\x95\xbf\xe5\xba\xa6\xef\xbc\x9a%d"\x1b[m\x1b[K, \x1b[32m\x1b[Klen\x1b[m\x1b[K);\n'}
[5.890619] (usb_device_driver) StderrLine: {'line': b'      |                                                             \x1b[01;35m\x1b[K^~~~~~~~~~~~~~~~~~~~~~~~~~~~~~~~~~~\x1b[m\x1b[K  \x1b[32m\x1b[K~~~\x1b[m\x1b[K\n'}
[5.890788] (usb_device_driver) StderrLine: {'line': b'      |                                                                                                  \x1b[32m\x1b[K|\x1b[m\x1b[K\n'}
[5.891067] (usb_device_driver) StderrLine: {'line': b'      |                                                                                                  \x1b[32m\x1b[Ksize_t {aka long unsigned int}\x1b[m\x1b[K\n'}
[5.891232] (usb_device_driver) StderrLine: {'line': b'\x1b[01m\x1b[K/home/miles/usb_ros2_ws/src/usb_device_driver/src/usb_reader_node.cpp:604:94:\x1b[m\x1b[K \x1b[01;36m\x1b[Knote: \x1b[m\x1b[Kformat string is defined here\n'}
[5.891366] (usb_device_driver) StderrLine: {'line': b'  604 |                             RCLCPP_INFO(this->get_logger(), "\xe5\x8f\x91\xe5\xb8\x83\xe7\x94\xb5\xe6\x9c\xba\xe7\x8a\xb6\xe6\x80\x81\xe6\xb6\x88\xe6\x81\xaf\xe5\x88\xb0ROS2:\xef\xbc\x8c\xe9\x95\xbf\xe5\xba\xa6\xef\xbc\x9a\x1b[01;36m\x1b[K%d\x1b[m\x1b[K", len);\n'}
[5.891529] (usb_device_driver) StderrLine: {'line': b'      |                                                                                             \x1b[01;36m\x1b[K~^\x1b[m\x1b[K\n'}
[5.891662] (usb_device_driver) StderrLine: {'line': b'      |                                                                                              \x1b[01;36m\x1b[K|\x1b[m\x1b[K\n'}
[5.891796] (usb_device_driver) StderrLine: {'line': b'      |                                                                                              \x1b[01;36m\x1b[Kint\x1b[m\x1b[K\n'}
[5.891934] (usb_device_driver) StderrLine: {'line': b'      |                                                                                             \x1b[32m\x1b[K%ld\x1b[m\x1b[K\n'}
[5.892066] (usb_device_driver) StderrLine: {'line': b'In file included from \x1b[01m\x1b[K/opt/ros/humble/include/rclcpp/rclcpp/logging.hpp:24\x1b[m\x1b[K,\n'}
[5.892203] (usb_device_driver) StderrLine: {'line': b'                 from \x1b[01m\x1b[K/opt/ros/humble/include/rclcpp/rclcpp/client.hpp:40\x1b[m\x1b[K,\n'}
[5.892320] (usb_device_driver) StderrLine: {'line': b'                 from \x1b[01m\x1b[K/opt/ros/humble/include/rclcpp/rclcpp/callback_group.hpp:24\x1b[m\x1b[K,\n'}
[5.892436] (usb_device_driver) StderrLine: {'line': b'                 from \x1b[01m\x1b[K/opt/ros/humble/include/rclcpp/rclcpp/any_executable.hpp:20\x1b[m\x1b[K,\n'}
[5.892549] (usb_device_driver) StderrLine: {'line': b'                 from \x1b[01m\x1b[K/opt/ros/humble/include/rclcpp/rclcpp/memory_strategy.hpp:25\x1b[m\x1b[K,\n'}
[5.892672] (usb_device_driver) StderrLine: {'line': b'                 from \x1b[01m\x1b[K/opt/ros/humble/include/rclcpp/rclcpp/memory_strategies.hpp:18\x1b[m\x1b[K,\n'}
[5.892792] (usb_device_driver) StderrLine: {'line': b'                 from \x1b[01m\x1b[K/opt/ros/humble/include/rclcpp/rclcpp/executor_options.hpp:20\x1b[m\x1b[K,\n'}
[5.892933] (usb_device_driver) StderrLine: {'line': b'                 from \x1b[01m\x1b[K/opt/ros/humble/include/rclcpp/rclcpp/executor.hpp:37\x1b[m\x1b[K,\n'}
[5.893057] (usb_device_driver) StderrLine: {'line': b'                 from \x1b[01m\x1b[K/opt/ros/humble/include/rclcpp/rclcpp/executors/multi_threaded_executor.hpp:25\x1b[m\x1b[K,\n'}
[5.893170] (usb_device_driver) StderrLine: {'line': b'                 from \x1b[01m\x1b[K/opt/ros/humble/include/rclcpp/rclcpp/executors.hpp:21\x1b[m\x1b[K,\n'}
[5.893280] (usb_device_driver) StderrLine: {'line': b'                 from \x1b[01m\x1b[K/opt/ros/humble/include/rclcpp/rclcpp/rclcpp.hpp:155\x1b[m\x1b[K,\n'}
[5.893401] (usb_device_driver) StderrLine: {'line': b'                 from \x1b[01m\x1b[K/home/miles/usb_ros2_ws/src/usb_device_driver/include/usb_device_driver/usb_reader_node.hpp:4\x1b[m\x1b[K,\n'}
[5.893515] (usb_device_driver) StderrLine: {'line': b'                 from \x1b[01m\x1b[K/home/miles/usb_ros2_ws/src/usb_device_driver/src/usb_reader_node.cpp:1\x1b[m\x1b[K:\n'}
[5.893627] (usb_device_driver) StderrLine: {'line': b'\x1b[01m\x1b[K/home/miles/usb_ros2_ws/src/usb_device_driver/src/usb_reader_node.cpp:643:61:\x1b[m\x1b[K \x1b[01;35m\x1b[Kwarning: \x1b[m\x1b[Kformat \xe2\x80\x98\x1b[01m\x1b[K%d\x1b[m\x1b[K\xe2\x80\x99 expects argument of type \xe2\x80\x98\x1b[01m\x1b[Kint\x1b[m\x1b[K\xe2\x80\x99, but argument 5 has type \xe2\x80\x98\x1b[01m\x1b[Ksize_t\x1b[m\x1b[K\xe2\x80\x99 {aka \xe2\x80\x98\x1b[01m\x1b[Klong unsigned int\x1b[m\x1b[K\xe2\x80\x99} [\x1b[01;35m\x1b[K\x1b]8;;https://gcc.gnu.org/onlinedocs/gcc/Warning-Options.html#index-Wformat=\x07-Wformat=\x1b]8;;\x07\x1b[m\x1b[K]\n'}
[5.893747] (usb_device_driver) StderrLine: {'line': b'  643 |                             RCLCPP_INFO(this->get_logger(), \x1b[01;35m\x1b[K"\xe5\x8f\x91\xe5\xb8\x83IMU\xe6\x95\xb0\xe6\x8d\xae\xe6\xb6\x88\xe6\x81\xaf\xe5\x88\xb0ROS2:\xef\xbc\x8c\xe9\x95\xbf\xe5\xba\xa6\xef\xbc\x9a%d"\x1b[m\x1b[K, \x1b[32m\x1b[Klen\x1b[m\x1b[K);\n'}
[5.893891] (usb_device_driver) StderrLine: {'line': b'      |                                                             \x1b[01;35m\x1b[K^~~~~~~~~~~~~~~~~~~~~~~~~~~~~~~~~~\x1b[m\x1b[K  \x1b[32m\x1b[K~~~\x1b[m\x1b[K\n'}
[5.894017] (usb_device_driver) StderrLine: {'line': b'      |                                                                                                 \x1b[32m\x1b[K|\x1b[m\x1b[K\n'}
[5.894147] (usb_device_driver) StderrLine: {'line': b'      |                                                                                                 \x1b[32m\x1b[Ksize_t {aka long unsigned int}\x1b[m\x1b[K\n'}
[5.894259] (usb_device_driver) StderrLine: {'line': b'\x1b[01m\x1b[K/home/miles/usb_ros2_ws/src/usb_device_driver/src/usb_reader_node.cpp:643:93:\x1b[m\x1b[K \x1b[01;36m\x1b[Knote: \x1b[m\x1b[Kformat string is defined here\n'}
[5.894366] (usb_device_driver) StderrLine: {'line': b'  643 |                             RCLCPP_INFO(this->get_logger(), "\xe5\x8f\x91\xe5\xb8\x83IMU\xe6\x95\xb0\xe6\x8d\xae\xe6\xb6\x88\xe6\x81\xaf\xe5\x88\xb0ROS2:\xef\xbc\x8c\xe9\x95\xbf\xe5\xba\xa6\xef\xbc\x9a\x1b[01;36m\x1b[K%d\x1b[m\x1b[K", len);\n'}
[5.894487] (usb_device_driver) StderrLine: {'line': b'      |                                                                                            \x1b[01;36m\x1b[K~^\x1b[m\x1b[K\n'}
[5.894596] (usb_device_driver) StderrLine: {'line': b'      |                                                                                             \x1b[01;36m\x1b[K|\x1b[m\x1b[K\n'}
[5.894706] (usb_device_driver) StderrLine: {'line': b'      |                                                                                             \x1b[01;36m\x1b[Kint\x1b[m\x1b[K\n'}
[5.894832] (usb_device_driver) StderrLine: {'line': b'      |                                                                                            \x1b[32m\x1b[K%ld\x1b[m\x1b[K\n'}
[5.926915] (-) TimerEvent: {}
[6.027368] (-) TimerEvent: {}
[6.127882] (-) TimerEvent: {}
[6.228351] (-) TimerEvent: {}
[6.328775] (-) TimerEvent: {}
[6.364222] (usb_device_driver) StderrLine: {'line': b'gmake[2]: *** [CMakeFiles/usb_reader_node.dir/build.make:76\xef\xbc\x9aCMakeFiles/usb_reader_node.dir/src/main.cpp.o] \xe9\x94\x99\xe8\xaf\xaf 1\n'}
[6.364556] (usb_device_driver) StderrLine: {'line': b'gmake[2]: *** \xe6\xad\xa3\xe5\x9c\xa8\xe7\xad\x89\xe5\xbe\x85\xe6\x9c\xaa\xe5\xae\x8c\xe6\x88\x90\xe7\x9a\x84\xe4\xbb\xbb\xe5\x8a\xa1....\n'}
[6.428913] (-) TimerEvent: {}
[6.529336] (-) TimerEvent: {}
[6.629758] (-) TimerEvent: {}
[6.730208] (-) TimerEvent: {}
[6.830716] (-) TimerEvent: {}
[6.931217] (-) TimerEvent: {}
[7.031669] (-) TimerEvent: {}
[7.132161] (-) TimerEvent: {}
[7.232670] (-) TimerEvent: {}
[7.333168] (-) TimerEvent: {}
[7.433620] (-) TimerEvent: {}
[7.534140] (-) TimerEvent: {}
[7.634669] (-) TimerEvent: {}
[7.735167] (-) TimerEvent: {}
[7.835695] (-) TimerEvent: {}
[7.936215] (-) TimerEvent: {}
[8.036667] (-) TimerEvent: {}
[8.137155] (-) TimerEvent: {}
[8.237590] (-) TimerEvent: {}
[8.337985] (-) TimerEvent: {}
[8.438412] (-) TimerEvent: {}
[8.538830] (-) TimerEvent: {}
[8.639199] (-) TimerEvent: {}
[8.739604] (-) TimerEvent: {}
[8.840056] (-) TimerEvent: {}
[8.894299] (usb_device_driver) StderrLine: {'line': b'gmake[2]: *** [CMakeFiles/usb_reader_node.dir/build.make:90\xef\xbc\x9aCMakeFiles/usb_reader_node.dir/src/usb_reader_node.cpp.o] \xe9\x94\x99\xe8\xaf\xaf 1\n'}
[8.895050] (usb_device_driver) StderrLine: {'line': b'gmake[1]: *** [CMakeFiles/Makefile2:593\xef\xbc\x9aCMakeFiles/usb_reader_node.dir/all] \xe9\x94\x99\xe8\xaf\xaf 2\n'}
[8.895396] (usb_device_driver) StderrLine: {'line': b'gmake: *** [Makefile:146\xef\xbc\x9aall] \xe9\x94\x99\xe8\xaf\xaf 2\n'}
[8.899012] (usb_device_driver) CommandEnded: {'returncode': 2}
[8.914321] (usb_device_driver) JobEnded: {'identifier': 'usb_device_driver', 'rc': 2}
[8.925024] (-) EventReactorShutdown: {}
