[0.000000] (-) TimerEvent: {}
[0.000553] (usb_device_driver) JobQueued: {'identifier': 'usb_device_driver', 'dependencies': OrderedDict()}
[0.000954] (usb_device_driver) JobStarted: {'identifier': 'usb_device_driver'}
[0.016227] (usb_device_driver) JobProgress: {'identifier': 'usb_device_driver', 'progress': 'cmake'}
[0.017887] (usb_device_driver) JobProgress: {'identifier': 'usb_device_driver', 'progress': 'build'}
[0.019781] (usb_device_driver) Command: {'cmd': ['/usr/bin/cmake', '--build', '/home/miles/usb_ros2_ws/build/usb_device_driver', '--', '-j12', '-l12'], 'cwd': '/home/miles/usb_ros2_ws/build/usb_device_driver', 'env': OrderedDict([('GJS_DEBUG_TOPICS', 'JS ERROR;JS LOG'), ('PYTHON_BASIC_REPL', '1'), ('LESSOPEN', '| /usr/bin/lesspipe %s'), ('LANGUAGE', 'zh_CN:en'), ('USER', 'miles'), ('LC_TIME', 'zh_CN.UTF-8'), ('XDG_SESSION_TYPE', 'wayland'), ('GIT_ASKPASS', '/usr/share/code/resources/app/extensions/git/dist/askpass.sh'), ('SHLVL', '1'), ('LD_LIBRARY_PATH', '/usr/lib/x86_64-linux-gnu/gazebo-11/plugins:/opt/ros/humble/opt/rviz_ogre_vendor/lib:/opt/ros/humble/lib/x86_64-linux-gnu:/opt/ros/humble/lib'), ('HOME', '/home/miles'), ('CHROME_DESKTOP', 'code.desktop'), ('TERM_PROGRAM_VERSION', '1.115.0'), ('DESKTOP_SESSION', 'ubuntu'), ('GIO_LAUNCHED_DESKTOP_FILE', '/usr/share/applications/code.desktop'), ('ROS_PYTHON_VERSION', '3'), ('GNOME_SHELL_SESSION_MODE', 'ubuntu'), ('GTK_MODULES', 'gail:atk-bridge'), ('VSCODE_GIT_ASKPASS_MAIN', '/usr/share/code/resources/app/extensions/git/dist/askpass-main.js'), ('LC_MONETARY', 'zh_CN.UTF-8'), ('VSCODE_GIT_ASKPASS_NODE', '/usr/share/code/code'), ('MANAGERPID', '1098'), ('PYDEVD_DISABLE_FILE_VALIDATION', '1'), ('SYSTEMD_EXEC_PID', '1512'), ('BUNDLED_DEBUGPY_PATH', '/home/miles/.vscode/extensions/ms-python.debugpy-2026.6.0-linux-x64/bundled/libs/debugpy'), ('IM_CONFIG_CHECK_ENV', '1'), ('VSCODE_PYTHON_AUTOACTIVATE_GUARD', '1'), ('DBUS_SESSION_BUS_ADDRESS', 'unix:path=/run/user/1000/bus'), ('COLORTERM', 'truecolor'), ('GIO_LAUNCHED_DESKTOP_FILE_PID', '2395'), ('IM_CONFIG_PHASE', '1'), ('WAYLAND_DISPLAY', 'wayland-0'), ('ROS_DISTRO', 'humble'), ('LOGNAME', 'miles'), ('JOURNAL_STREAM', '8:12938'), ('_', '/usr/bin/colcon'), ('ROS_VERSION', '2'), ('XDG_SESSION_CLASS', 'user'), ('USERNAME', 'miles'), ('TERM', 'xterm-256color'), ('GNOME_DESKTOP_SESSION_ID', 'this-is-deprecated'), ('FC_FONTATIONS', '1'), ('ROS_LOCALHOST_ONLY', '0'), ('PATH', '/home/miles/miniconda3/bin:/home/miles/.config/Code/User/globalStorage/github.copilot-chat/debugCommand:/home/miles/.config/Code/User/globalStorage/github.copilot-chat/copilotCli:/home/miles/.local/bin:/home/miles/miniconda3/bin:/opt/ros/humble/bin:/home/miles/.local/bin:/usr/local/sbin:/usr/local/bin:/usr/sbin:/usr/bin:/sbin:/bin:/usr/games:/usr/local/games:/snap/bin:/snap/bin:/home/miles/.vscode/extensions/ms-python.debugpy-2026.6.0-linux-x64/bundled/scripts/noConfigScripts'), ('SESSION_MANAGER', 'local/miles:@/tmp/.ICE-unix/1484,unix/miles:/tmp/.ICE-unix/1484'), ('INVOCATION_ID', '6bd4fc7edcdb4a4f8033df3d0818de29'), ('PAPERSIZE', 'a4'), ('XDG_MENU_PREFIX', 'gnome-'), ('LC_ADDRESS', 'zh_CN.UTF-8'), ('GNOME_SETUP_DISPLAY', ':1'), ('XDG_RUNTIME_DIR', '/run/user/1000'), ('GDK_BACKEND', 'wayland'), ('DISPLAY', ':0'), ('VSCODE_DEBUGPY_ADAPTER_ENDPOINTS', '/home/miles/.vscode/extensions/ms-python.debugpy-2026.6.0-linux-x64/.noConfigDebugAdapterEndpoints/endpoint-510fb0e7ba3d52da.txt'), ('LANG', 'zh_CN.UTF-8'), ('XDG_CURRENT_DESKTOP', 'ubuntu:GNOME'), ('PYTHONSTARTUP', '/home/miles/.config/Code/User/workspaceStorage/ff9966d21cc0024eeada1ee1a360488f/ms-python.python/pythonrc.py'), ('LC_TELEPHONE', 'zh_CN.UTF-8'), ('XMODIFIERS', '@im=ibus'), ('XDG_SESSION_DESKTOP', 'ubuntu'), ('XAUTHORITY', '/run/user/1000/.mutter-Xwaylandauth.UUYLP3'), ('LS_COLORS', 'rs=0:di=01;34:ln=01;36:mh=00:pi=40;33:so=01;35:do=01;35:bd=40;33;01:cd=40;33;01:or=40;31;01:mi=00:su=37;41:sg=30;43:ca=30;41:tw=30;42:ow=34;42:st=37;44:ex=01;32:*.tar=01;31:*.tgz=01;31:*.arc=01;31:*.arj=01;31:*.taz=01;31:*.lha=01;31:*.lz4=01;31:*.lzh=01;31:*.lzma=01;31:*.tlz=01;31:*.txz=01;31:*.tzo=01;31:*.t7z=01;31:*.zip=01;31:*.z=01;31:*.dz=01;31:*.gz=01;31:*.lrz=01;31:*.lz=01;31:*.lzo=01;31:*.xz=01;31:*.zst=01;31:*.tzst=01;31:*.bz2=01;31:*.bz=01;31:*.tbz=01;31:*.tbz2=01;31:*.tz=01;31:*.deb=01;31:*.rpm=01;31:*.jar=01;31:*.war=01;31:*.ear=01;31:*.sar=01;31:*.rar=01;31:*.alz=01;31:*.ace=01;31:*.zoo=01;31:*.cpio=01;31:*.7z=01;31:*.rz=01;31:*.cab=01;31:*.wim=01;31:*.swm=01;31:*.dwm=01;31:*.esd=01;31:*.jpg=01;35:*.jpeg=01;35:*.mjpg=01;35:*.mjpeg=01;35:*.gif=01;35:*.bmp=01;35:*.pbm=01;35:*.pgm=01;35:*.ppm=01;35:*.tga=01;35:*.xbm=01;35:*.xpm=01;35:*.tif=01;35:*.tiff=01;35:*.png=01;35:*.svg=01;35:*.svgz=01;35:*.mng=01;35:*.pcx=01;35:*.mov=01;35:*.mpg=01;35:*.mpeg=01;35:*.m2v=01;35:*.mkv=01;35:*.webm=01;35:*.webp=01;35:*.ogm=01;35:*.mp4=01;35:*.m4v=01;35:*.mp4v=01;35:*.vob=01;35:*.qt=01;35:*.nuv=01;35:*.wmv=01;35:*.asf=01;35:*.rm=01;35:*.rmvb=01;35:*.flc=01;35:*.avi=01;35:*.fli=01;35:*.flv=01;35:*.gl=01;35:*.dl=01;35:*.xcf=01;35:*.xwd=01;35:*.yuv=01;35:*.cgm=01;35:*.emf=01;35:*.ogv=01;35:*.ogx=01;35:*.aac=00;36:*.au=00;36:*.flac=00;36:*.m4a=00;36:*.mid=00;36:*.midi=00;36:*.mka=00;36:*.mp3=00;36:*.mpc=00;36:*.ogg=00;36:*.ra=00;36:*.wav=00;36:*.oga=00;36:*.opus=00;36:*.spx=00;36:*.xspf=00;36:'), ('VSCODE_GIT_IPC_HANDLE', '/run/user/1000/vscode-git-03b8406b82.sock'), ('TERM_PROGRAM', 'vscode'), ('SSH_AGENT_LAUNCHER', 'gnome-keyring'), ('SSH_AUTH_SOCK', '/run/user/1000/keyring/ssh'), ('AMENT_PREFIX_PATH', '/opt/ros/humble'), ('SHELL', '/bin/bash'), ('LC_NAME', 'zh_CN.UTF-8'), ('QT_ACCESSIBILITY', '1'), ('GDMSESSION', 'ubuntu'), ('LESSCLOSE', '/usr/bin/lesspipe %s %s'), ('LC_MEASUREMENT', 'zh_CN.UTF-8'), ('GJS_DEBUG_OUTPUT', 'stderr'), ('LC_IDENTIFICATION', 'zh_CN.UTF-8'), ('VSCODE_GIT_ASKPASS_EXTRA_ARGS', ''), ('QT_IM_MODULE', 'ibus'), ('PWD', '/home/miles/usb_ros2_ws/build/usb_device_driver'), ('XDG_CONFIG_DIRS', '/etc/xdg/xdg-ubuntu:/etc/xdg'), ('XDG_DATA_DIRS', '/usr/share/ubuntu:/usr/local/share/:/usr/share/:/var/lib/snapd/desktop'), ('PYTHONPATH', '/opt/ros/humble/lib/python3.10/site-packages:/opt/ros/humble/local/lib/python3.10/dist-packages'), ('LC_NUMERIC', 'zh_CN.UTF-8'), ('LC_PAPER', 'zh_CN.UTF-8'), ('COLCON', '1'), ('CMAKE_PREFIX_PATH', '/opt/ros/humble')]), 'shell': False}
[0.084267] (usb_device_driver) StdoutLine: {'line': b'-- Found ament_cmake: 1.3.13 (/opt/ros/humble/share/ament_cmake/cmake)\n'}
[0.099448] (-) TimerEvent: {}
[0.199760] (-) TimerEvent: {}
[0.300049] (-) TimerEvent: {}
[0.356411] (usb_device_driver) StdoutLine: {'line': b'-- Found rclcpp: 16.0.18 (/opt/ros/humble/share/rclcpp/cmake)\n'}
[0.400208] (-) TimerEvent: {}
[0.417492] (usb_device_driver) StdoutLine: {'line': b'-- Found rosidl_generator_c: 3.1.8 (/opt/ros/humble/share/rosidl_generator_c/cmake)\n'}
[0.423167] (usb_device_driver) StdoutLine: {'line': b'-- Found rosidl_adapter: 3.1.8 (/opt/ros/humble/share/rosidl_adapter/cmake)\n'}
[0.437212] (usb_device_driver) StdoutLine: {'line': b'-- Found rosidl_generator_cpp: 3.1.8 (/opt/ros/humble/share/rosidl_generator_cpp/cmake)\n'}
[0.459244] (usb_device_driver) StdoutLine: {'line': b'-- Using all available rosidl_typesupport_c: rosidl_typesupport_fastrtps_c;rosidl_typesupport_introspection_c\n'}
[0.487647] (usb_device_driver) StdoutLine: {'line': b'-- Using all available rosidl_typesupport_cpp: rosidl_typesupport_fastrtps_cpp;rosidl_typesupport_introspection_cpp\n'}
[0.500335] (-) TimerEvent: {}
[0.557091] (usb_device_driver) StdoutLine: {'line': b'-- Found rmw_implementation_cmake: 6.1.2 (/opt/ros/humble/share/rmw_implementation_cmake/cmake)\n'}
[0.560034] (usb_device_driver) StdoutLine: {'line': b'-- Found rmw_fastrtps_cpp: 6.2.10 (/opt/ros/humble/share/rmw_fastrtps_cpp/cmake)\n'}
[0.600429] (-) TimerEvent: {}
[0.700810] (-) TimerEvent: {}
[0.801283] (-) TimerEvent: {}
[0.830491] (usb_device_driver) StdoutLine: {'line': b"-- Using RMW implementation 'rmw_fastrtps_cpp' as default\n"}
[0.901457] (-) TimerEvent: {}
[0.938497] (usb_device_driver) StdoutLine: {'line': b'-- Found geometry_msgs: 4.9.1 (/opt/ros/humble/share/geometry_msgs/cmake)\n'}
[0.964935] (usb_device_driver) StdoutLine: {'line': b'-- Found rosidl_default_generators: 1.2.0 (/opt/ros/humble/share/rosidl_default_generators/cmake)\n'}
[1.001628] (-) TimerEvent: {}
[1.102134] (-) TimerEvent: {}
[1.202671] (-) TimerEvent: {}
[1.303280] (-) TimerEvent: {}
[1.403737] (-) TimerEvent: {}
[1.504194] (-) TimerEvent: {}
[1.604701] (-) TimerEvent: {}
[1.658399] (usb_device_driver) StdoutLine: {'line': b'-- Found ament_cmake_ros: 0.10.0 (/opt/ros/humble/share/ament_cmake_ros/cmake)\n'}
[1.704821] (-) TimerEvent: {}
[1.805297] (-) TimerEvent: {}
[1.905774] (-) TimerEvent: {}
[2.006208] (-) TimerEvent: {}
[2.106681] (-) TimerEvent: {}
[2.207148] (-) TimerEvent: {}
[2.307632] (-) TimerEvent: {}
[2.408063] (-) TimerEvent: {}
[2.508495] (-) TimerEvent: {}
[2.608957] (-) TimerEvent: {}
[2.610430] (usb_device_driver) StdoutLine: {'line': b'-- Using all available rosidl_typesupport_c: rosidl_typesupport_fastrtps_c;rosidl_typesupport_introspection_c\n'}
[2.709107] (-) TimerEvent: {}
[2.809570] (-) TimerEvent: {}
[2.909922] (-) TimerEvent: {}
[2.981734] (usb_device_driver) StdoutLine: {'line': b'-- Using all available rosidl_typesupport_cpp: rosidl_typesupport_fastrtps_cpp;rosidl_typesupport_introspection_cpp\n'}
[3.010029] (-) TimerEvent: {}
[3.033464] (usb_device_driver) StdoutLine: {'line': b'-- Found python_cmake_module: 0.10.0 (/opt/ros/humble/share/python_cmake_module/cmake)\n'}
[3.082322] (usb_device_driver) StdoutLine: {'line': b'-- Using PYTHON_EXECUTABLE: /usr/bin/python3\n'}
[3.082721] (usb_device_driver) StdoutLine: {'line': b'-- Using PYTHON_INCLUDE_DIRS: /usr/include/python3.10\n'}
[3.082975] (usb_device_driver) StdoutLine: {'line': b'-- Using PYTHON_LIBRARIES: /usr/lib/x86_64-linux-gnu/libpython3.10.so\n'}
[3.110213] (-) TimerEvent: {}
[3.184227] (usb_device_driver) StdoutLine: {'line': b'-- Configuring done\n'}
[3.210334] (-) TimerEvent: {}
[3.287939] (usb_device_driver) StdoutLine: {'line': b'-- Generating done\n'}
[3.310430] (-) TimerEvent: {}
[3.319637] (usb_device_driver) StdoutLine: {'line': b'-- Build files have been written to: /home/miles/usb_ros2_ws/build/usb_device_driver\n'}
[3.382222] (usb_device_driver) StdoutLine: {'line': b'[  2%] \x1b[34m\x1b[1mGenerating C code for ROS interfaces\x1b[0m\n'}
[3.404232] (usb_device_driver) StdoutLine: {'line': b'[  4%] \x1b[34m\x1b[1mGenerating C++ code for ROS interfaces\x1b[0m\n'}
[3.410547] (-) TimerEvent: {}
[3.427233] (usb_device_driver) StdoutLine: {'line': b'[  4%] Built target ament_cmake_python_copy_usb_device_driver\n'}
[3.510659] (-) TimerEvent: {}
[3.611062] (-) TimerEvent: {}
[3.711516] (-) TimerEvent: {}
[3.811932] (-) TimerEvent: {}
[3.912397] (-) TimerEvent: {}
[3.970201] (usb_device_driver) StdoutLine: {'line': b'running egg_info\n'}
[3.971878] (usb_device_driver) StdoutLine: {'line': b'writing usb_device_driver.egg-info/PKG-INFO\n'}
[3.972422] (usb_device_driver) StdoutLine: {'line': b'writing dependency_links to usb_device_driver.egg-info/dependency_links.txt\n'}
[3.972944] (usb_device_driver) StdoutLine: {'line': b'writing top-level names to usb_device_driver.egg-info/top_level.txt\n'}
[3.977742] (usb_device_driver) StdoutLine: {'line': b"reading manifest file 'usb_device_driver.egg-info/SOURCES.txt'\n"}
[3.979087] (usb_device_driver) StdoutLine: {'line': b"writing manifest file 'usb_device_driver.egg-info/SOURCES.txt'\n"}
[4.012504] (-) TimerEvent: {}
[4.033286] (usb_device_driver) StdoutLine: {'line': b'[  4%] Built target ament_cmake_python_build_usb_device_driver_egg\n'}
[4.112633] (-) TimerEvent: {}
[4.213076] (-) TimerEvent: {}
[4.313538] (-) TimerEvent: {}
[4.416304] (-) TimerEvent: {}
[4.470344] (usb_device_driver) StdoutLine: {'line': b'\x1b[35m\x1b[1mConsolidate compiler generated dependencies of target usb_device_driver__rosidl_generator_c\x1b[0m\n'}
[4.499279] (usb_device_driver) StdoutLine: {'line': b'[  6%] \x1b[32mBuilding C object CMakeFiles/usb_device_driver__rosidl_generator_c.dir/rosidl_generator_c/usb_device_driver/msg/detail/motors_cmd__functions.c.o\x1b[0m\n'}
[4.499662] (usb_device_driver) StdoutLine: {'line': b'[  8%] \x1b[32mBuilding C object CMakeFiles/usb_device_driver__rosidl_generator_c.dir/rosidl_generator_c/usb_device_driver/msg/detail/imu_data__functions.c.o\x1b[0m\n'}
[4.499918] (usb_device_driver) StdoutLine: {'line': b'[ 10%] \x1b[32mBuilding C object CMakeFiles/usb_device_driver__rosidl_generator_c.dir/rosidl_generator_c/usb_device_driver/msg/detail/motors_states__functions.c.o\x1b[0m\n'}
[4.516426] (-) TimerEvent: {}
[4.544690] (usb_device_driver) StdoutLine: {'line': b'[ 10%] Built target usb_device_driver__cpp\n'}
[4.565462] (usb_device_driver) StdoutLine: {'line': b'[ 14%] \x1b[34m\x1b[1mGenerating C++ type support dispatch for ROS interfaces\x1b[0m\n'}
[4.565872] (usb_device_driver) StdoutLine: {'line': b'[ 14%] \x1b[34m\x1b[1mGenerating C++ type support for eProsima Fast-RTPS\x1b[0m\n'}
[4.573557] (usb_device_driver) StdoutLine: {'line': b'[ 16%] \x1b[34m\x1b[1mGenerating C++ introspection for ROS interfaces\x1b[0m\n'}
[4.610467] (usb_device_driver) StdoutLine: {'line': b'[ 18%] \x1b[32m\x1b[1mLinking C shared library libusb_device_driver__rosidl_generator_c.so\x1b[0m\n'}
[4.616537] (-) TimerEvent: {}
[4.677598] (usb_device_driver) StdoutLine: {'line': b'[ 18%] Built target usb_device_driver__rosidl_generator_c\n'}
[4.696106] (usb_device_driver) StdoutLine: {'line': b'[ 20%] \x1b[34m\x1b[1mGenerating C introspection for ROS interfaces\x1b[0m\n'}
[4.696874] (usb_device_driver) StdoutLine: {'line': b'[ 22%] \x1b[34m\x1b[1mGenerating C type support for eProsima Fast-RTPS\x1b[0m\n'}
[4.700884] (usb_device_driver) StdoutLine: {'line': b'[ 24%] \x1b[34m\x1b[1mGenerating C type support dispatch for ROS interfaces\x1b[0m\n'}
[4.716651] (-) TimerEvent: {}
[4.817013] (-) TimerEvent: {}
[4.917394] (-) TimerEvent: {}
[5.017766] (-) TimerEvent: {}
[5.118114] (-) TimerEvent: {}
[5.218498] (-) TimerEvent: {}
[5.302214] (usb_device_driver) StdoutLine: {'line': b'\x1b[35m\x1b[1mConsolidate compiler generated dependencies of target usb_device_driver__rosidl_typesupport_cpp\x1b[0m\n'}
[5.319459] (-) TimerEvent: {}
[5.330654] (usb_device_driver) StdoutLine: {'line': b'[ 26%] \x1b[32mBuilding CXX object CMakeFiles/usb_device_driver__rosidl_typesupport_cpp.dir/rosidl_typesupport_cpp/usb_device_driver/msg/imu_data__type_support.cpp.o\x1b[0m\n'}
[5.330979] (usb_device_driver) StdoutLine: {'line': b'[ 28%] \x1b[32mBuilding CXX object CMakeFiles/usb_device_driver__rosidl_typesupport_cpp.dir/rosidl_typesupport_cpp/usb_device_driver/msg/motors_states__type_support.cpp.o\x1b[0m\n'}
[5.338263] (usb_device_driver) StdoutLine: {'line': b'[ 30%] \x1b[32mBuilding CXX object CMakeFiles/usb_device_driver__rosidl_typesupport_cpp.dir/rosidl_typesupport_cpp/usb_device_driver/msg/motors_cmd__type_support.cpp.o\x1b[0m\n'}
[5.350608] (usb_device_driver) StdoutLine: {'line': b'\x1b[35m\x1b[1mConsolidate compiler generated dependencies of target usb_device_driver__rosidl_typesupport_introspection_cpp\x1b[0m\n'}
[5.394318] (usb_device_driver) StdoutLine: {'line': b'[ 32%] \x1b[32mBuilding CXX object CMakeFiles/usb_device_driver__rosidl_typesupport_introspection_cpp.dir/rosidl_typesupport_introspection_cpp/usb_device_driver/msg/detail/imu_data__type_support.cpp.o\x1b[0m\n'}
[5.394558] (usb_device_driver) StdoutLine: {'line': b'[ 34%] \x1b[32mBuilding CXX object CMakeFiles/usb_device_driver__rosidl_typesupport_introspection_cpp.dir/rosidl_typesupport_introspection_cpp/usb_device_driver/msg/detail/motors_cmd__type_support.cpp.o\x1b[0m\n'}
[5.394667] (usb_device_driver) StdoutLine: {'line': b'[ 36%] \x1b[32mBuilding CXX object CMakeFiles/usb_device_driver__rosidl_typesupport_introspection_cpp.dir/rosidl_typesupport_introspection_cpp/usb_device_driver/msg/detail/motors_states__type_support.cpp.o\x1b[0m\n'}
[5.422248] (-) TimerEvent: {}
[5.463049] (usb_device_driver) StdoutLine: {'line': b'\x1b[35m\x1b[1mConsolidate compiler generated dependencies of target usb_device_driver__rosidl_typesupport_fastrtps_cpp\x1b[0m\n'}
[5.465237] (usb_device_driver) StdoutLine: {'line': b'\x1b[35m\x1b[1mConsolidate compiler generated dependencies of target usb_device_driver__rosidl_typesupport_c\x1b[0m\n'}
[5.488280] (usb_device_driver) StdoutLine: {'line': b'\x1b[35m\x1b[1mConsolidate compiler generated dependencies of target usb_device_driver__rosidl_typesupport_introspection_c\x1b[0m\n'}
[5.489013] (usb_device_driver) StdoutLine: {'line': b'[ 38%] \x1b[32mBuilding CXX object CMakeFiles/usb_device_driver__rosidl_typesupport_c.dir/rosidl_typesupport_c/usb_device_driver/msg/imu_data__type_support.cpp.o\x1b[0m\n'}
[5.497558] (usb_device_driver) StdoutLine: {'line': b'[ 40%] \x1b[32mBuilding CXX object CMakeFiles/usb_device_driver__rosidl_typesupport_c.dir/rosidl_typesupport_c/usb_device_driver/msg/motors_cmd__type_support.cpp.o\x1b[0m\n'}
[5.501809] (usb_device_driver) StdoutLine: {'line': b'[ 44%] \x1b[32mBuilding CXX object CMakeFiles/usb_device_driver__rosidl_typesupport_c.dir/rosidl_typesupport_c/usb_device_driver/msg/motors_states__type_support.cpp.o\x1b[0m\n'}
[5.502300] (usb_device_driver) StdoutLine: {'line': b'[ 44%] \x1b[32mBuilding CXX object CMakeFiles/usb_device_driver__rosidl_typesupport_fastrtps_cpp.dir/rosidl_typesupport_fastrtps_cpp/usb_device_driver/msg/detail/dds_fastrtps/imu_data__type_support.cpp.o\x1b[0m\n'}
[5.510482] (usb_device_driver) StdoutLine: {'line': b'[ 46%] \x1b[32mBuilding C object CMakeFiles/usb_device_driver__rosidl_typesupport_introspection_c.dir/rosidl_typesupport_introspection_c/usb_device_driver/msg/detail/imu_data__type_support.c.o\x1b[0m\n'}
[5.522365] (-) TimerEvent: {}
[5.545069] (usb_device_driver) StdoutLine: {'line': b'[ 48%] \x1b[32mBuilding CXX object CMakeFiles/usb_device_driver__rosidl_typesupport_fastrtps_cpp.dir/rosidl_typesupport_fastrtps_cpp/usb_device_driver/msg/detail/dds_fastrtps/motors_cmd__type_support.cpp.o\x1b[0m\n'}
[5.557217] (usb_device_driver) StdoutLine: {'line': b'[ 50%] \x1b[32m\x1b[1mLinking CXX shared library libusb_device_driver__rosidl_typesupport_c.so\x1b[0m\n'}
[5.560980] (usb_device_driver) StdoutLine: {'line': b'[ 52%] \x1b[32mBuilding CXX object CMakeFiles/usb_device_driver__rosidl_typesupport_fastrtps_cpp.dir/rosidl_typesupport_fastrtps_cpp/usb_device_driver/msg/detail/dds_fastrtps/motors_states__type_support.cpp.o\x1b[0m\n'}
[5.622487] (-) TimerEvent: {}
[5.625216] (usb_device_driver) StdoutLine: {'line': b'[ 54%] \x1b[32mBuilding C object CMakeFiles/usb_device_driver__rosidl_typesupport_introspection_c.dir/rosidl_typesupport_introspection_c/usb_device_driver/msg/detail/motors_cmd__type_support.c.o\x1b[0m\n'}
[5.647112] (usb_device_driver) StdoutLine: {'line': b'[ 54%] Built target usb_device_driver__rosidl_typesupport_c\n'}
[5.661321] (usb_device_driver) StdoutLine: {'line': b'[ 56%] \x1b[32mBuilding C object CMakeFiles/usb_device_driver__rosidl_typesupport_introspection_c.dir/rosidl_typesupport_introspection_c/usb_device_driver/msg/detail/motors_states__type_support.c.o\x1b[0m\n'}
[5.722611] (-) TimerEvent: {}
[5.729659] (usb_device_driver) StdoutLine: {'line': b'\x1b[35m\x1b[1mConsolidate compiler generated dependencies of target usb_device_driver__rosidl_typesupport_fastrtps_c\x1b[0m\n'}
[5.738243] (usb_device_driver) StdoutLine: {'line': b'[ 58%] \x1b[32m\x1b[1mLinking C shared library libusb_device_driver__rosidl_typesupport_introspection_c.so\x1b[0m\n'}
[5.759234] (usb_device_driver) StdoutLine: {'line': b'[ 60%] \x1b[32mBuilding CXX object CMakeFiles/usb_device_driver__rosidl_typesupport_fastrtps_c.dir/rosidl_typesupport_fastrtps_c/usb_device_driver/msg/detail/imu_data__type_support_c.cpp.o\x1b[0m\n'}
[5.759639] (usb_device_driver) StdoutLine: {'line': b'[ 62%] \x1b[32mBuilding CXX object CMakeFiles/usb_device_driver__rosidl_typesupport_fastrtps_c.dir/rosidl_typesupport_fastrtps_c/usb_device_driver/msg/detail/motors_states__type_support_c.cpp.o\x1b[0m\n'}
[5.762868] (usb_device_driver) StdoutLine: {'line': b'[ 64%] \x1b[32mBuilding CXX object CMakeFiles/usb_device_driver__rosidl_typesupport_fastrtps_c.dir/rosidl_typesupport_fastrtps_c/usb_device_driver/msg/detail/motors_cmd__type_support_c.cpp.o\x1b[0m\n'}
[5.813049] (usb_device_driver) StdoutLine: {'line': b'[ 64%] Built target usb_device_driver__rosidl_typesupport_introspection_c\n'}
[5.825255] (-) TimerEvent: {}
[5.837898] (usb_device_driver) StdoutLine: {'line': b'[ 66%] \x1b[32m\x1b[1mLinking CXX shared library libusb_device_driver__rosidl_typesupport_cpp.so\x1b[0m\n'}
[5.916442] (usb_device_driver) StdoutLine: {'line': b'[ 66%] Built target usb_device_driver__rosidl_typesupport_cpp\n'}
[5.925381] (-) TimerEvent: {}
[5.934602] (usb_device_driver) StdoutLine: {'line': b'\x1b[35m\x1b[1mConsolidate compiler generated dependencies of target usb_reader_node\x1b[0m\n'}
[5.980061] (usb_device_driver) StdoutLine: {'line': b'[ 68%] \x1b[32mBuilding CXX object CMakeFiles/usb_reader_node.dir/src/main.cpp.o\x1b[0m\n'}
[5.986320] (usb_device_driver) StdoutLine: {'line': b'[ 70%] \x1b[32mBuilding CXX object CMakeFiles/usb_reader_node.dir/src/usb_reader_node.cpp.o\x1b[0m\n'}
[6.025495] (-) TimerEvent: {}
[6.066349] (usb_device_driver) StdoutLine: {'line': b'[ 72%] \x1b[32m\x1b[1mLinking CXX shared library libusb_device_driver__rosidl_typesupport_introspection_cpp.so\x1b[0m\n'}
[6.125621] (-) TimerEvent: {}
[6.178477] (usb_device_driver) StdoutLine: {'line': b'[ 74%] \x1b[32m\x1b[1mLinking CXX shared library libusb_device_driver__rosidl_typesupport_fastrtps_cpp.so\x1b[0m\n'}
[6.195410] (usb_device_driver) StdoutLine: {'line': b'[ 74%] Built target usb_device_driver__rosidl_typesupport_introspection_cpp\n'}
[6.225743] (-) TimerEvent: {}
[6.235587] (usb_device_driver) StdoutLine: {'line': b'[ 76%] \x1b[32m\x1b[1mLinking CXX shared library libusb_device_driver__rosidl_typesupport_fastrtps_c.so\x1b[0m\n'}
[6.273139] (usb_device_driver) StdoutLine: {'line': b'[ 76%] Built target usb_device_driver__rosidl_typesupport_fastrtps_cpp\n'}
[6.316930] (usb_device_driver) StdoutLine: {'line': b'[ 76%] Built target usb_device_driver__rosidl_typesupport_fastrtps_c\n'}
[6.325887] (-) TimerEvent: {}
[6.336347] (usb_device_driver) StdoutLine: {'line': b'[ 76%] Built target usb_device_driver\n'}
[6.356786] (usb_device_driver) StdoutLine: {'line': b'[ 78%] \x1b[34m\x1b[1mGenerating Python code for ROS interfaces\x1b[0m\n'}
[6.425963] (-) TimerEvent: {}
[6.526307] (-) TimerEvent: {}
[6.626646] (-) TimerEvent: {}
[6.726978] (-) TimerEvent: {}
[6.827318] (-) TimerEvent: {}
[6.927588] (-) TimerEvent: {}
[7.027922] (-) TimerEvent: {}
[7.092723] (usb_device_driver) StdoutLine: {'line': b'[ 78%] Built target usb_device_driver__py\n'}
[7.102846] (usb_device_driver) StdoutLine: {'line': b'\x1b[35m\x1b[1mConsolidate compiler generated dependencies of target usb_device_driver__rosidl_generator_py\x1b[0m\n'}
[7.116310] (usb_device_driver) StdoutLine: {'line': b'[ 84%] \x1b[32mBuilding C object CMakeFiles/usb_device_driver__rosidl_generator_py.dir/rosidl_generator_py/usb_device_driver/msg/_motors_states_s.c.o\x1b[0m\n'}
[7.116511] (usb_device_driver) StdoutLine: {'line': b'[ 84%] \x1b[32mBuilding C object CMakeFiles/usb_device_driver__rosidl_generator_py.dir/rosidl_generator_py/usb_device_driver/msg/_imu_data_s.c.o\x1b[0m\n'}
[7.116585] (usb_device_driver) StdoutLine: {'line': b'[ 84%] \x1b[32mBuilding C object CMakeFiles/usb_device_driver__rosidl_generator_py.dir/rosidl_generator_py/usb_device_driver/msg/_motors_cmd_s.c.o\x1b[0m\n'}
[7.128032] (-) TimerEvent: {}
[7.212063] (usb_device_driver) StdoutLine: {'line': b'[ 86%] \x1b[32m\x1b[1mLinking C shared library rosidl_generator_py/usb_device_driver/libusb_device_driver__rosidl_generator_py.so\x1b[0m\n'}
[7.228153] (-) TimerEvent: {}
[7.251255] (usb_device_driver) StdoutLine: {'line': b'[ 86%] Built target usb_device_driver__rosidl_generator_py\n'}
[7.261220] (usb_device_driver) StdoutLine: {'line': b'\x1b[35m\x1b[1mConsolidate compiler generated dependencies of target usb_device_driver__rosidl_typesupport_introspection_c__pyext\x1b[0m\n'}
[7.261432] (usb_device_driver) StdoutLine: {'line': b'\x1b[35m\x1b[1mConsolidate compiler generated dependencies of target usb_device_driver__rosidl_typesupport_fastrtps_c__pyext\x1b[0m\n'}
[7.262770] (usb_device_driver) StdoutLine: {'line': b'\x1b[35m\x1b[1mConsolidate compiler generated dependencies of target usb_device_driver__rosidl_typesupport_c__pyext\x1b[0m\n'}
[7.273883] (usb_device_driver) StdoutLine: {'line': b'[ 90%] \x1b[32mBuilding C object CMakeFiles/usb_device_driver__rosidl_typesupport_introspection_c__pyext.dir/rosidl_generator_py/usb_device_driver/_usb_device_driver_s.ep.rosidl_typesupport_introspection_c.c.o\x1b[0m\n'}
[7.274130] (usb_device_driver) StdoutLine: {'line': b'[ 90%] \x1b[32mBuilding C object CMakeFiles/usb_device_driver__rosidl_typesupport_fastrtps_c__pyext.dir/rosidl_generator_py/usb_device_driver/_usb_device_driver_s.ep.rosidl_typesupport_fastrtps_c.c.o\x1b[0m\n'}
[7.277243] (usb_device_driver) StdoutLine: {'line': b'[ 92%] \x1b[32mBuilding C object CMakeFiles/usb_device_driver__rosidl_typesupport_c__pyext.dir/rosidl_generator_py/usb_device_driver/_usb_device_driver_s.ep.rosidl_typesupport_c.c.o\x1b[0m\n'}
[7.328260] (-) TimerEvent: {}
[7.361913] (usb_device_driver) StdoutLine: {'line': b'[ 96%] \x1b[32m\x1b[1mLinking C shared library rosidl_generator_py/usb_device_driver/usb_device_driver_s__rosidl_typesupport_fastrtps_c.cpython-310-x86_64-linux-gnu.so\x1b[0m\n'}
[7.362112] (usb_device_driver) StdoutLine: {'line': b'[ 96%] \x1b[32m\x1b[1mLinking C shared library rosidl_generator_py/usb_device_driver/usb_device_driver_s__rosidl_typesupport_introspection_c.cpython-310-x86_64-linux-gnu.so\x1b[0m\n'}
[7.362965] (usb_device_driver) StdoutLine: {'line': b'[ 98%] \x1b[32m\x1b[1mLinking C shared library rosidl_generator_py/usb_device_driver/usb_device_driver_s__rosidl_typesupport_c.cpython-310-x86_64-linux-gnu.so\x1b[0m\n'}
[7.399342] (usb_device_driver) StdoutLine: {'line': b'[ 98%] Built target usb_device_driver__rosidl_typesupport_introspection_c__pyext\n'}
[7.399545] (usb_device_driver) StdoutLine: {'line': b'[ 98%] Built target usb_device_driver__rosidl_typesupport_c__pyext\n'}
[7.399619] (usb_device_driver) StdoutLine: {'line': b'[ 98%] Built target usb_device_driver__rosidl_typesupport_fastrtps_c__pyext\n'}
[7.428364] (-) TimerEvent: {}
[7.528678] (-) TimerEvent: {}
[7.628996] (-) TimerEvent: {}
[7.731263] (-) TimerEvent: {}
[7.831580] (-) TimerEvent: {}
[7.931890] (-) TimerEvent: {}
[8.032251] (-) TimerEvent: {}
[8.132629] (-) TimerEvent: {}
[8.158017] (usb_device_driver) StderrLine: {'line': b'In file included from \x1b[01m\x1b[K/home/miles/usb_ros2_ws/src/usb_device_driver/generated/include/mavlink/v2.0/robot_dog/../protocol.h:4\x1b[m\x1b[K,\n'}
[8.158322] (usb_device_driver) StderrLine: {'line': b'                 from \x1b[01m\x1b[K/home/miles/usb_ros2_ws/src/usb_device_driver/generated/include/mavlink/v2.0/robot_dog/robot_dog.h:35\x1b[m\x1b[K,\n'}
[8.158520] (usb_device_driver) StderrLine: {'line': b'                 from \x1b[01m\x1b[K/home/miles/usb_ros2_ws/src/usb_device_driver/generated/include/mavlink/v2.0/robot_dog/mavlink.h:39\x1b[m\x1b[K,\n'}
[8.158677] (usb_device_driver) StderrLine: {'line': b'                 from \x1b[01m\x1b[K/home/miles/usb_ros2_ws/src/usb_device_driver/include/usb_device_driver/usb_reader_node.hpp:20\x1b[m\x1b[K,\n'}
[8.158828] (usb_device_driver) StderrLine: {'line': b'                 from \x1b[01m\x1b[K/home/miles/usb_ros2_ws/src/usb_device_driver/src/main.cpp:1\x1b[m\x1b[K:\n'}
[8.158983] (usb_device_driver) StderrLine: {'line': b'\x1b[01m\x1b[K/home/miles/usb_ros2_ws/src/usb_device_driver/generated/include/mavlink/v2.0/robot_dog/../mavlink_types.h:78:12:\x1b[m\x1b[K \x1b[01;35m\x1b[Kwarning: \x1b[m\x1b[KISO C++ prohibits anonymous structs [\x1b[01;35m\x1b[K\x1b]8;;https://gcc.gnu.org/onlinedocs/gcc/Warning-Options.html#index-Wpedantic\x07-Wpedantic\x1b]8;;\x07\x1b[m\x1b[K]\n'}
[8.159091] (usb_device_driver) StderrLine: {'line': b'   78 |     struct \x1b[01;35m\x1b[K{\x1b[m\x1b[K\n'}
[8.159154] (usb_device_driver) StderrLine: {'line': b'      |            \x1b[01;35m\x1b[K^\x1b[m\x1b[K\n'}
[8.159202] (usb_device_driver) StderrLine: {'line': b'\x1b[01m\x1b[K/home/miles/usb_ros2_ws/src/usb_device_driver/generated/include/mavlink/v2.0/robot_dog/../mavlink_types.h:17:40:\x1b[m\x1b[K \x1b[01;36m\x1b[Knote: \x1b[m\x1b[Kin definition of macro \xe2\x80\x98\x1b[01m\x1b[KMAVPACKED\x1b[m\x1b[K\xe2\x80\x99\n'}
[8.159249] (usb_device_driver) StderrLine: {'line': b'   17 |   #define MAVPACKED( __Declaration__ ) \x1b[01;36m\x1b[K__Declaration__\x1b[m\x1b[K __attribute__((packed))\n'}
[8.159305] (usb_device_driver) StderrLine: {'line': b'      |                                        \x1b[01;36m\x1b[K^~~~~~~~~~~~~~~\x1b[m\x1b[K\n'}
[8.163195] (usb_device_driver) StderrLine: {'line': b'In file included from \x1b[01m\x1b[K/home/miles/usb_ros2_ws/src/usb_device_driver/generated/include/mavlink/v2.0/robot_dog/mavlink.h:39\x1b[m\x1b[K,\n'}
[8.163411] (usb_device_driver) StderrLine: {'line': b'                 from \x1b[01m\x1b[K/home/miles/usb_ros2_ws/src/usb_device_driver/include/usb_device_driver/usb_reader_node.hpp:20\x1b[m\x1b[K,\n'}
[8.163467] (usb_device_driver) StderrLine: {'line': b'                 from \x1b[01m\x1b[K/home/miles/usb_ros2_ws/src/usb_device_driver/src/main.cpp:1\x1b[m\x1b[K:\n'}
[8.163514] (usb_device_driver) StderrLine: {'line': b'\x1b[01m\x1b[K/home/miles/usb_ros2_ws/src/usb_device_driver/generated/include/mavlink/v2.0/robot_dog/../mavlink_helpers.h:\x1b[m\x1b[K In function \xe2\x80\x98\x1b[01m\x1b[Kconst mavlink_msg_entry_t* mavlink_get_msg_entry(uint32_t)\x1b[m\x1b[K\xe2\x80\x99:\n'}
[8.163559] (usb_device_driver) StderrLine: {'line': b'\x1b[01m\x1b[K/home/miles/usb_ros2_ws/src/usb_device_driver/generated/include/mavlink/v2.0/robot_dog/robot_dog.h:31:119:\x1b[m\x1b[K \x1b[01;31m\x1b[Kerror: \x1b[m\x1b[Knarrowing conversion of \xe2\x80\x98\x1b[01m\x1b[K260\x1b[m\x1b[K\xe2\x80\x99 from \xe2\x80\x98\x1b[01m\x1b[Kint\x1b[m\x1b[K\xe2\x80\x99 to \xe2\x80\x98\x1b[01m\x1b[Kuint8_t\x1b[m\x1b[K\xe2\x80\x99 {aka \xe2\x80\x98\x1b[01m\x1b[Kunsigned char\x1b[m\x1b[K\xe2\x80\x99} [\x1b[01;31m\x1b[K\x1b]8;;https://gcc.gnu.org/onlinedocs/gcc/Warning-Options.html#index-Wnarrowing\x07-Wnarrowing\x1b]8;;\x07\x1b[m\x1b[K]\n'}
[8.163606] (usb_device_driver) StderrLine: {'line': b'   31 | INK_MESSAGE_CRCS {{230, 160, 260, 260, 0, 0, 0}, {231, 156, 272, 272, 0, 0, 0}, {232, 36, 48, 48, 0, 0, 0}\x1b[01;31m\x1b[K}\x1b[m\x1b[K\n'}
[8.163646] (usb_device_driver) StderrLine: {'line': b'      |                                                                                                           \x1b[01;31m\x1b[K^\x1b[m\x1b[K\n'}
[8.163686] (usb_device_driver) StderrLine: {'line': b'\n'}
[8.163725] (usb_device_driver) StderrLine: {'line': b'\x1b[01m\x1b[K/home/miles/usb_ros2_ws/src/usb_device_driver/generated/include/mavlink/v2.0/robot_dog/../mavlink_helpers.h:520:67:\x1b[m\x1b[K \x1b[01;36m\x1b[Knote: \x1b[m\x1b[Kin expansion of macro \xe2\x80\x98\x1b[01m\x1b[KMAVLINK_MESSAGE_CRCS\x1b[m\x1b[K\xe2\x80\x99\n'}
[8.163767] (usb_device_driver) StderrLine: {'line': b'  520 |         static const mavlink_msg_entry_t mavlink_message_crcs[] = \x1b[01;36m\x1b[KMAVLINK_MESSAGE_CRCS\x1b[m\x1b[K;\n'}
[8.163807] (usb_device_driver) StderrLine: {'line': b'      |                                                                   \x1b[01;36m\x1b[K^~~~~~~~~~~~~~~~~~~~\x1b[m\x1b[K\n'}
[8.163847] (usb_device_driver) StderrLine: {'line': b'\x1b[01m\x1b[K/home/miles/usb_ros2_ws/src/usb_device_driver/generated/include/mavlink/v2.0/robot_dog/robot_dog.h:31:119:\x1b[m\x1b[K \x1b[01;31m\x1b[Kerror: \x1b[m\x1b[Knarrowing conversion of \xe2\x80\x98\x1b[01m\x1b[K272\x1b[m\x1b[K\xe2\x80\x99 from \xe2\x80\x98\x1b[01m\x1b[Kint\x1b[m\x1b[K\xe2\x80\x99 to \xe2\x80\x98\x1b[01m\x1b[Kuint8_t\x1b[m\x1b[K\xe2\x80\x99 {aka \xe2\x80\x98\x1b[01m\x1b[Kunsigned char\x1b[m\x1b[K\xe2\x80\x99} [\x1b[01;31m\x1b[K\x1b]8;;https://gcc.gnu.org/onlinedocs/gcc/Warning-Options.html#index-Wnarrowing\x07-Wnarrowing\x1b]8;;\x07\x1b[m\x1b[K]\n'}
[8.163889] (usb_device_driver) StderrLine: {'line': b'   31 | INK_MESSAGE_CRCS {{230, 160, 260, 260, 0, 0, 0}, {231, 156, 272, 272, 0, 0, 0}, {232, 36, 48, 48, 0, 0, 0}\x1b[01;31m\x1b[K}\x1b[m\x1b[K\n'}
[8.163936] (usb_device_driver) StderrLine: {'line': b'      |                                                                                                           \x1b[01;31m\x1b[K^\x1b[m\x1b[K\n'}
[8.163976] (usb_device_driver) StderrLine: {'line': b'\n'}
[8.164020] (usb_device_driver) StderrLine: {'line': b'\x1b[01m\x1b[K/home/miles/usb_ros2_ws/src/usb_device_driver/generated/include/mavlink/v2.0/robot_dog/../mavlink_helpers.h:520:67:\x1b[m\x1b[K \x1b[01;36m\x1b[Knote: \x1b[m\x1b[Kin expansion of macro \xe2\x80\x98\x1b[01m\x1b[KMAVLINK_MESSAGE_CRCS\x1b[m\x1b[K\xe2\x80\x99\n'}
[8.164088] (usb_device_driver) StderrLine: {'line': b'  520 |         static const mavlink_msg_entry_t mavlink_message_crcs[] = \x1b[01;36m\x1b[KMAVLINK_MESSAGE_CRCS\x1b[m\x1b[K;\n'}
[8.164193] (usb_device_driver) StderrLine: {'line': b'      |                                                                   \x1b[01;36m\x1b[K^~~~~~~~~~~~~~~~~~~~\x1b[m\x1b[K\n'}
[8.166951] (usb_device_driver) StderrLine: {'line': b'In file included from \x1b[01m\x1b[K/home/miles/usb_ros2_ws/src/usb_device_driver/generated/include/mavlink/v2.0/robot_dog/robot_dog.h:57\x1b[m\x1b[K,\n'}
[8.167326] (usb_device_driver) StderrLine: {'line': b'                 from \x1b[01m\x1b[K/home/miles/usb_ros2_ws/src/usb_device_driver/generated/include/mavlink/v2.0/robot_dog/mavlink.h:39\x1b[m\x1b[K,\n'}
[8.167597] (usb_device_driver) StderrLine: {'line': b'                 from \x1b[01m\x1b[K/home/miles/usb_ros2_ws/src/usb_device_driver/include/usb_device_driver/usb_reader_node.hpp:20\x1b[m\x1b[K,\n'}
[8.167718] (usb_device_driver) StderrLine: {'line': b'                 from \x1b[01m\x1b[K/home/miles/usb_ros2_ws/src/usb_device_driver/src/main.cpp:1\x1b[m\x1b[K:\n'}
[8.167824] (usb_device_driver) StderrLine: {'line': b'\x1b[01m\x1b[K/home/miles/usb_ros2_ws/src/usb_device_driver/generated/include/mavlink/v2.0/robot_dog/./mavlink_msg_dog_motors_cmd.h:\x1b[m\x1b[K In function \xe2\x80\x98\x1b[01m\x1b[Kuint16_t mavlink_msg_dog_motors_cmd_pack(uint8_t, uint8_t, mavlink_message_t*, uint64_t, const uint8_t*, const float*, const float*, const float*, const float*, const float*)\x1b[m\x1b[K\xe2\x80\x99:\n'}
[8.168080] (usb_device_driver) StderrLine: {'line': b'\x1b[01m\x1b[K/home/miles/usb_ros2_ws/src/usb_device_driver/generated/include/mavlink/v2.0/robot_dog/./mavlink_msg_dog_motors_cmd.h:18:47:\x1b[m\x1b[K \x1b[01;35m\x1b[Kwarning: \x1b[m\x1b[Kunsigned conversion from \xe2\x80\x98\x1b[01m\x1b[Kint\x1b[m\x1b[K\xe2\x80\x99 to \xe2\x80\x98\x1b[01m\x1b[Kuint8_t\x1b[m\x1b[K\xe2\x80\x99 {aka \xe2\x80\x98\x1b[01m\x1b[Kunsigned char\x1b[m\x1b[K\xe2\x80\x99} changes value from \xe2\x80\x98\x1b[01m\x1b[K260\x1b[m\x1b[K\xe2\x80\x99 to \xe2\x80\x98\x1b[01m\x1b[K4\x1b[m\x1b[K\xe2\x80\x99 [\x1b[01;35m\x1b[K\x1b]8;;https://gcc.gnu.org/onlinedocs/gcc/Warning-Options.html#index-Woverflow\x07-Woverflow\x1b]8;;\x07\x1b[m\x1b[K]\n'}
[8.168364] (usb_device_driver) StderrLine: {'line': b'   18 | #define MAVLINK_MSG_ID_DOG_MOTORS_CMD_MIN_LEN \x1b[01;35m\x1b[K260\x1b[m\x1b[K\n'}
[8.168578] (usb_device_driver) StderrLine: {'line': b'      |                                               \x1b[01;35m\x1b[K^~~\x1b[m\x1b[K\n'}
[8.168684] (usb_device_driver) StderrLine: {'line': b'\x1b[01m\x1b[K/home/miles/usb_ros2_ws/src/usb_device_driver/generated/include/mavlink/v2.0/robot_dog/./mavlink_msg_dog_motors_cmd.h:102:67:\x1b[m\x1b[K \x1b[01;36m\x1b[Knote: \x1b[m\x1b[Kin expansion of macro \xe2\x80\x98\x1b[01m\x1b[KMAVLINK_MSG_ID_DOG_MOTORS_CMD_MIN_LEN\x1b[m\x1b[K\xe2\x80\x99\n'}
[8.168938] (usb_device_driver) StderrLine: {'line': b'  102 |     return mavlink_finalize_message(msg, system_id, component_id, \x1b[01;36m\x1b[KMAVLINK_MSG_ID_DOG_MOTORS_CMD_MIN_LEN\x1b[m\x1b[K, MAVLINK_MSG_ID_DOG_MOTORS_CMD_LEN, MAVLINK_MSG_ID_DOG_MOTORS_CMD_CRC);\n'}
[8.168983] (usb_device_driver) StderrLine: {'line': b'      |                                                                   \x1b[01;36m\x1b[K^~~~~~~~~~~~~~~~~~~~~~~~~~~~~~~~~~~~~\x1b[m\x1b[K\n'}
[8.169026] (usb_device_driver) StderrLine: {'line': b'\x1b[01m\x1b[K/home/miles/usb_ros2_ws/src/usb_device_driver/generated/include/mavlink/v2.0/robot_dog/./mavlink_msg_dog_motors_cmd.h:17:43:\x1b[m\x1b[K \x1b[01;35m\x1b[Kwarning: \x1b[m\x1b[Kunsigned conversion from \xe2\x80\x98\x1b[01m\x1b[Kint\x1b[m\x1b[K\xe2\x80\x99 to \xe2\x80\x98\x1b[01m\x1b[Kuint8_t\x1b[m\x1b[K\xe2\x80\x99 {aka \xe2\x80\x98\x1b[01m\x1b[Kunsigned char\x1b[m\x1b[K\xe2\x80\x99} changes value from \xe2\x80\x98\x1b[01m\x1b[K260\x1b[m\x1b[K\xe2\x80\x99 to \xe2\x80\x98\x1b[01m\x1b[K4\x1b[m\x1b[K\xe2\x80\x99 [\x1b[01;35m\x1b[K\x1b]8;;https://gcc.gnu.org/onlinedocs/gcc/Warning-Options.html#index-Woverflow\x07-Woverflow\x1b]8;;\x07\x1b[m\x1b[K]\n'}
[8.169080] (usb_device_driver) StderrLine: {'line': b'   17 | #define MAVLINK_MSG_ID_DOG_MOTORS_CMD_LEN \x1b[01;35m\x1b[K260\x1b[m\x1b[K\n'}
[8.169121] (usb_device_driver) StderrLine: {'line': b'      |                                           \x1b[01;35m\x1b[K^~~\x1b[m\x1b[K\n'}
[8.169166] (usb_device_driver) StderrLine: {'line': b'\x1b[01m\x1b[K/home/miles/usb_ros2_ws/src/usb_device_driver/generated/include/mavlink/v2.0/robot_dog/./mavlink_msg_dog_motors_cmd.h:102:106:\x1b[m\x1b[K \x1b[01;36m\x1b[Knote: \x1b[m\x1b[Kin expansion of macro \xe2\x80\x98\x1b[01m\x1b[KMAVLINK_MSG_ID_DOG_MOTORS_CMD_LEN\x1b[m\x1b[K\xe2\x80\x99\n'}
[8.169274] (usb_device_driver) StderrLine: {'line': b'  102 | n mavlink_finalize_message(msg, system_id, component_id, MAVLINK_MSG_ID_DOG_MOTORS_CMD_MIN_LEN, \x1b[01;36m\x1b[KMAVLINK_MSG_ID_DOG_MOTORS_CMD_LEN\x1b[m\x1b[K, MAVLINK_MSG_ID_DOG_MOTORS_CMD_CRC);\n'}
[8.169324] (usb_device_driver) StderrLine: {'line': b'      |                                                                                                 \x1b[01;36m\x1b[K^~~~~~~~~~~~~~~~~~~~~~~~~~~~~~~~~\x1b[m\x1b[K\n'}
[8.169369] (usb_device_driver) StderrLine: {'line': b'\n'}
[8.169412] (usb_device_driver) StderrLine: {'line': b'\x1b[01m\x1b[K/home/miles/usb_ros2_ws/src/usb_device_driver/generated/include/mavlink/v2.0/robot_dog/./mavlink_msg_dog_motors_cmd.h:\x1b[m\x1b[K In function \xe2\x80\x98\x1b[01m\x1b[Kuint16_t mavlink_msg_dog_motors_cmd_pack_status(uint8_t, uint8_t, mavlink_status_t*, mavlink_message_t*, uint64_t, const uint8_t*, const float*, const float*, const float*, const float*, const float*)\x1b[m\x1b[K\xe2\x80\x99:\n'}
[8.169497] (usb_device_driver) StderrLine: {'line': b'\x1b[01m\x1b[K/home/miles/usb_ros2_ws/src/usb_device_driver/generated/include/mavlink/v2.0/robot_dog/./mavlink_msg_dog_motors_cmd.h:18:47:\x1b[m\x1b[K \x1b[01;35m\x1b[Kwarning: \x1b[m\x1b[Kunsigned conversion from \xe2\x80\x98\x1b[01m\x1b[Kint\x1b[m\x1b[K\xe2\x80\x99 to \xe2\x80\x98\x1b[01m\x1b[Kuint8_t\x1b[m\x1b[K\xe2\x80\x99 {aka \xe2\x80\x98\x1b[01m\x1b[Kunsigned char\x1b[m\x1b[K\xe2\x80\x99} changes value from \xe2\x80\x98\x1b[01m\x1b[K260\x1b[m\x1b[K\xe2\x80\x99 to \xe2\x80\x98\x1b[01m\x1b[K4\x1b[m\x1b[K\xe2\x80\x99 [\x1b[01;35m\x1b[K\x1b]8;;https://gcc.gnu.org/onlinedocs/gcc/Warning-Options.html#index-Woverflow\x07-Woverflow\x1b]8;;\x07\x1b[m\x1b[K]\n'}
[8.169552] (usb_device_driver) StderrLine: {'line': b'   18 | #define MAVLINK_MSG_ID_DOG_MOTORS_CMD_MIN_LEN \x1b[01;35m\x1b[K260\x1b[m\x1b[K\n'}
[8.169592] (usb_device_driver) StderrLine: {'line': b'      |                                               \x1b[01;35m\x1b[K^~~\x1b[m\x1b[K\n'}
[8.169631] (usb_device_driver) StderrLine: {'line': b'\x1b[01m\x1b[K/home/miles/usb_ros2_ws/src/usb_device_driver/generated/include/mavlink/v2.0/robot_dog/./mavlink_msg_dog_motors_cmd.h:148:83:\x1b[m\x1b[K \x1b[01;36m\x1b[Knote: \x1b[m\x1b[Kin expansion of macro \xe2\x80\x98\x1b[01m\x1b[KMAVLINK_MSG_ID_DOG_MOTORS_CMD_MIN_LEN\x1b[m\x1b[K\xe2\x80\x99\n'}
[8.169670] (usb_device_driver) StderrLine: {'line': b'  148 |     return mavlink_finalize_message_buffer(msg, system_id, component_id, _status, \x1b[01;36m\x1b[KMAVLINK_MSG_ID_DOG_MOTORS_CMD_MIN_LEN\x1b[m\x1b[K, MAVLINK_MSG_ID_DOG_MOTORS_CMD_LEN, MAVLINK_MSG_ID_DOG_MOTORS_CMD_CRC);\n'}
[8.169709] (usb_device_driver) StderrLine: {'line': b'      |                                                                                   \x1b[01;36m\x1b[K^~~~~~~~~~~~~~~~~~~~~~~~~~~~~~~~~~~~~\x1b[m\x1b[K\n'}
[8.169747] (usb_device_driver) StderrLine: {'line': b'\x1b[01m\x1b[K/home/miles/usb_ros2_ws/src/usb_device_driver/generated/include/mavlink/v2.0/robot_dog/./mavlink_msg_dog_motors_cmd.h:17:43:\x1b[m\x1b[K \x1b[01;35m\x1b[Kwarning: \x1b[m\x1b[Kunsigned conversion from \xe2\x80\x98\x1b[01m\x1b[Kint\x1b[m\x1b[K\xe2\x80\x99 to \xe2\x80\x98\x1b[01m\x1b[Kuint8_t\x1b[m\x1b[K\xe2\x80\x99 {aka \xe2\x80\x98\x1b[01m\x1b[Kunsigned char\x1b[m\x1b[K\xe2\x80\x99} changes value from \xe2\x80\x98\x1b[01m\x1b[K260\x1b[m\x1b[K\xe2\x80\x99 to \xe2\x80\x98\x1b[01m\x1b[K4\x1b[m\x1b[K\xe2\x80\x99 [\x1b[01;35m\x1b[K\x1b]8;;https://gcc.gnu.org/onlinedocs/gcc/Warning-Options.html#index-Woverflow\x07-Woverflow\x1b]8;;\x07\x1b[m\x1b[K]\n'}
[8.169795] (usb_device_driver) StderrLine: {'line': b'   17 | #define MAVLINK_MSG_ID_DOG_MOTORS_CMD_LEN \x1b[01;35m\x1b[K260\x1b[m\x1b[K\n'}
[8.169833] (usb_device_driver) StderrLine: {'line': b'      |                                           \x1b[01;35m\x1b[K^~~\x1b[m\x1b[K\n'}
[8.169871] (usb_device_driver) StderrLine: {'line': b'\x1b[01m\x1b[K/home/miles/usb_ros2_ws/src/usb_device_driver/generated/include/mavlink/v2.0/robot_dog/./mavlink_msg_dog_motors_cmd.h:148:122:\x1b[m\x1b[K \x1b[01;36m\x1b[Knote: \x1b[m\x1b[Kin expansion of macro \xe2\x80\x98\x1b[01m\x1b[KMAVLINK_MSG_ID_DOG_MOTORS_CMD_LEN\x1b[m\x1b[K\xe2\x80\x99\n'}
[8.169909] (usb_device_driver) StderrLine: {'line': b'  148 | ze_message_buffer(msg, system_id, component_id, _status, MAVLINK_MSG_ID_DOG_MOTORS_CMD_MIN_LEN, \x1b[01;36m\x1b[KMAVLINK_MSG_ID_DOG_MOTORS_CMD_LEN\x1b[m\x1b[K, MAVLINK_MSG_ID_DOG_MOTORS_CMD_CRC);\n'}
[8.169947] (usb_device_driver) StderrLine: {'line': b'      |                                                                                                 \x1b[01;36m\x1b[K^~~~~~~~~~~~~~~~~~~~~~~~~~~~~~~~~\x1b[m\x1b[K\n'}
[8.169986] (usb_device_driver) StderrLine: {'line': b'\n'}
[8.170023] (usb_device_driver) StderrLine: {'line': b'\x1b[01m\x1b[K/home/miles/usb_ros2_ws/src/usb_device_driver/generated/include/mavlink/v2.0/robot_dog/./mavlink_msg_dog_motors_cmd.h:\x1b[m\x1b[K In function \xe2\x80\x98\x1b[01m\x1b[Kuint16_t mavlink_msg_dog_motors_cmd_pack_chan(uint8_t, uint8_t, uint8_t, mavlink_message_t*, uint64_t, const uint8_t*, const float*, const float*, const float*, const float*, const float*)\x1b[m\x1b[K\xe2\x80\x99:\n'}
[8.170062] (usb_device_driver) StderrLine: {'line': b'\x1b[01m\x1b[K/home/miles/usb_ros2_ws/src/usb_device_driver/generated/include/mavlink/v2.0/robot_dog/./mavlink_msg_dog_motors_cmd.h:18:47:\x1b[m\x1b[K \x1b[01;35m\x1b[Kwarning: \x1b[m\x1b[Kunsigned conversion from \xe2\x80\x98\x1b[01m\x1b[Kint\x1b[m\x1b[K\xe2\x80\x99 to \xe2\x80\x98\x1b[01m\x1b[Kuint8_t\x1b[m\x1b[K\xe2\x80\x99 {aka \xe2\x80\x98\x1b[01m\x1b[Kunsigned char\x1b[m\x1b[K\xe2\x80\x99} changes value from \xe2\x80\x98\x1b[01m\x1b[K260\x1b[m\x1b[K\xe2\x80\x99 to \xe2\x80\x98\x1b[01m\x1b[K4\x1b[m\x1b[K\xe2\x80\x99 [\x1b[01;35m\x1b[K\x1b]8;;https://gcc.gnu.org/onlinedocs/gcc/Warning-Options.html#index-Woverflow\x07-Woverflow\x1b]8;;\x07\x1b[m\x1b[K]\n'}
[8.170107] (usb_device_driver) StderrLine: {'line': b'   18 | #define MAVLINK_MSG_ID_DOG_MOTORS_CMD_MIN_LEN \x1b[01;35m\x1b[K260\x1b[m\x1b[K\n'}
[8.170146] (usb_device_driver) StderrLine: {'line': b'      |                                               \x1b[01;35m\x1b[K^~~\x1b[m\x1b[K\n'}
[8.170196] (usb_device_driver) StderrLine: {'line': b'\x1b[01m\x1b[K/home/miles/usb_ros2_ws/src/usb_device_driver/generated/include/mavlink/v2.0/robot_dog/./mavlink_msg_dog_motors_cmd.h:196:78:\x1b[m\x1b[K \x1b[01;36m\x1b[Knote: \x1b[m\x1b[Kin expansion of macro \xe2\x80\x98\x1b[01m\x1b[KMAVLINK_MSG_ID_DOG_MOTORS_CMD_MIN_LEN\x1b[m\x1b[K\xe2\x80\x99\n'}
[8.170249] (usb_device_driver) StderrLine: {'line': b'  196 |     return mavlink_finalize_message_chan(msg, system_id, component_id, chan, \x1b[01;36m\x1b[KMAVLINK_MSG_ID_DOG_MOTORS_CMD_MIN_LEN\x1b[m\x1b[K, MAVLINK_MSG_ID_DOG_MOTORS_CMD_LEN, MAVLINK_MSG_ID_DOG_MOTORS_CMD_CRC);\n'}
[8.170289] (usb_device_driver) StderrLine: {'line': b'      |                                                                              \x1b[01;36m\x1b[K^~~~~~~~~~~~~~~~~~~~~~~~~~~~~~~~~~~~~\x1b[m\x1b[K\n'}
[8.170327] (usb_device_driver) StderrLine: {'line': b'\x1b[01m\x1b[K/home/miles/usb_ros2_ws/src/usb_device_driver/generated/include/mavlink/v2.0/robot_dog/./mavlink_msg_dog_motors_cmd.h:17:43:\x1b[m\x1b[K \x1b[01;35m\x1b[Kwarning: \x1b[m\x1b[Kunsigned conversion from \xe2\x80\x98\x1b[01m\x1b[Kint\x1b[m\x1b[K\xe2\x80\x99 to \xe2\x80\x98\x1b[01m\x1b[Kuint8_t\x1b[m\x1b[K\xe2\x80\x99 {aka \xe2\x80\x98\x1b[01m\x1b[Kunsigned char\x1b[m\x1b[K\xe2\x80\x99} changes value from \xe2\x80\x98\x1b[01m\x1b[K260\x1b[m\x1b[K\xe2\x80\x99 to \xe2\x80\x98\x1b[01m\x1b[K4\x1b[m\x1b[K\xe2\x80\x99 [\x1b[01;35m\x1b[K\x1b]8;;https://gcc.gnu.org/onlinedocs/gcc/Warning-Options.html#index-Woverflow\x07-Woverflow\x1b]8;;\x07\x1b[m\x1b[K]\n'}
[8.170374] (usb_device_driver) StderrLine: {'line': b'   17 | #define MAVLINK_MSG_ID_DOG_MOTORS_CMD_LEN \x1b[01;35m\x1b[K260\x1b[m\x1b[K\n'}
[8.170417] (usb_device_driver) StderrLine: {'line': b'      |                                           \x1b[01;35m\x1b[K^~~\x1b[m\x1b[K\n'}
[8.170455] (usb_device_driver) StderrLine: {'line': b'\x1b[01m\x1b[K/home/miles/usb_ros2_ws/src/usb_device_driver/generated/include/mavlink/v2.0/robot_dog/./mavlink_msg_dog_motors_cmd.h:196:117:\x1b[m\x1b[K \x1b[01;36m\x1b[Knote: \x1b[m\x1b[Kin expansion of macro \xe2\x80\x98\x1b[01m\x1b[KMAVLINK_MSG_ID_DOG_MOTORS_CMD_LEN\x1b[m\x1b[K\xe2\x80\x99\n'}
[8.170494] (usb_device_driver) StderrLine: {'line': b'  196 | inalize_message_chan(msg, system_id, component_id, chan, MAVLINK_MSG_ID_DOG_MOTORS_CMD_MIN_LEN, \x1b[01;36m\x1b[KMAVLINK_MSG_ID_DOG_MOTORS_CMD_LEN\x1b[m\x1b[K, MAVLINK_MSG_ID_DOG_MOTORS_CMD_CRC);\n'}
[8.170532] (usb_device_driver) StderrLine: {'line': b'      |                                                                                                 \x1b[01;36m\x1b[K^~~~~~~~~~~~~~~~~~~~~~~~~~~~~~~~~\x1b[m\x1b[K\n'}
[8.170570] (usb_device_driver) StderrLine: {'line': b'\n'}
[8.170606] (usb_device_driver) StderrLine: {'line': b'In file included from \x1b[01m\x1b[K/home/miles/usb_ros2_ws/src/usb_device_driver/generated/include/mavlink/v2.0/robot_dog/robot_dog.h:57\x1b[m\x1b[K,\n'}
[8.170643] (usb_device_driver) StderrLine: {'line': b'                 from \x1b[01m\x1b[K/home/miles/usb_ros2_ws/src/usb_device_driver/generated/include/mavlink/v2.0/robot_dog/mavlink.h:39\x1b[m\x1b[K,\n'}
[8.170685] (usb_device_driver) StderrLine: {'line': b'                 from \x1b[01m\x1b[K/home/miles/usb_ros2_ws/src/usb_device_driver/include/usb_device_driver/usb_reader_node.hpp:20\x1b[m\x1b[K,\n'}
[8.170722] (usb_device_driver) StderrLine: {'line': b'                 from \x1b[01m\x1b[K/home/miles/usb_ros2_ws/src/usb_device_driver/src/main.cpp:1\x1b[m\x1b[K:\n'}
[8.170759] (usb_device_driver) StderrLine: {'line': b'\x1b[01m\x1b[K/home/miles/usb_ros2_ws/src/usb_device_driver/generated/include/mavlink/v2.0/robot_dog/./mavlink_msg_dog_motors_cmd.h:\x1b[m\x1b[K In function \xe2\x80\x98\x1b[01m\x1b[Kvoid mavlink_msg_dog_motors_cmd_decode(const mavlink_message_t*, mavlink_dog_motors_cmd_t*)\x1b[m\x1b[K\xe2\x80\x99:\n'}
[8.170797] (usb_device_driver) StderrLine: {'line': b'\x1b[01m\x1b[K/home/miles/usb_ros2_ws/src/usb_device_driver/generated/include/mavlink/v2.0/robot_dog/./mavlink_msg_dog_motors_cmd.h:419:32:\x1b[m\x1b[K \x1b[01;35m\x1b[Kwarning: \x1b[m\x1b[Kcomparison is always true due to limited range of data type [\x1b[01;35m\x1b[K\x1b]8;;https://gcc.gnu.org/onlinedocs/gcc/Warning-Options.html#index-Wtype-limits\x07-Wtype-limits\x1b]8;;\x07\x1b[m\x1b[K]\n'}
[8.170841] (usb_device_driver) StderrLine: {'line': b'  419 |         uint8_t len = msg->len \x1b[01;35m\x1b[K<\x1b[m\x1b[K MAVLINK_MSG_ID_DOG_MOTORS_CMD_LEN? msg->len : MAVLINK_MSG_ID_DOG_MOTORS_CMD_LEN;\n'}
[8.170879] (usb_device_driver) StderrLine: {'line': b'      |                                \x1b[01;35m\x1b[K^\x1b[m\x1b[K\n'}
[8.170916] (usb_device_driver) StderrLine: {'line': b'In file included from \x1b[01m\x1b[K/home/miles/usb_ros2_ws/src/usb_device_driver/generated/include/mavlink/v2.0/robot_dog/robot_dog.h:58\x1b[m\x1b[K,\n'}
[8.170953] (usb_device_driver) StderrLine: {'line': b'                 from \x1b[01m\x1b[K/home/miles/usb_ros2_ws/src/usb_device_driver/generated/include/mavlink/v2.0/robot_dog/mavlink.h:39\x1b[m\x1b[K,\n'}
[8.170995] (usb_device_driver) StderrLine: {'line': b'                 from \x1b[01m\x1b[K/home/miles/usb_ros2_ws/src/usb_device_driver/include/usb_device_driver/usb_reader_node.hpp:20\x1b[m\x1b[K,\n'}
[8.171033] (usb_device_driver) StderrLine: {'line': b'                 from \x1b[01m\x1b[K/home/miles/usb_ros2_ws/src/usb_device_driver/src/main.cpp:1\x1b[m\x1b[K:\n'}
[8.171070] (usb_device_driver) StderrLine: {'line': b'\x1b[01m\x1b[K/home/miles/usb_ros2_ws/src/usb_device_driver/generated/include/mavlink/v2.0/robot_dog/./mavlink_msg_dog_motors_state.h:\x1b[m\x1b[K In function \xe2\x80\x98\x1b[01m\x1b[Kuint16_t mavlink_msg_dog_motors_state_pack(uint8_t, uint8_t, mavlink_message_t*, uint64_t, const uint8_t*, const float*, const float*, const float*, const float*, const float*, const uint8_t*)\x1b[m\x1b[K\xe2\x80\x99:\n'}
[8.171111] (usb_device_driver) StderrLine: {'line': b'\x1b[01m\x1b[K/home/miles/usb_ros2_ws/src/usb_device_driver/generated/include/mavlink/v2.0/robot_dog/./mavlink_msg_dog_motors_state.h:19:49:\x1b[m\x1b[K \x1b[01;35m\x1b[Kwarning: \x1b[m\x1b[Kunsigned conversion from \xe2\x80\x98\x1b[01m\x1b[Kint\x1b[m\x1b[K\xe2\x80\x99 to \xe2\x80\x98\x1b[01m\x1b[Kuint8_t\x1b[m\x1b[K\xe2\x80\x99 {aka \xe2\x80\x98\x1b[01m\x1b[Kunsigned char\x1b[m\x1b[K\xe2\x80\x99} changes value from \xe2\x80\x98\x1b[01m\x1b[K272\x1b[m\x1b[K\xe2\x80\x99 to \xe2\x80\x98\x1b[01m\x1b[K16\x1b[m\x1b[K\xe2\x80\x99 [\x1b[01;35m\x1b[K\x1b]8;;https://gcc.gnu.org/onlinedocs/gcc/Warning-Options.html#index-Woverflow\x07-Woverflow\x1b]8;;\x07\x1b[m\x1b[K]\n'}
[8.171153] (usb_device_driver) StderrLine: {'line': b'   19 | #define MAVLINK_MSG_ID_DOG_MOTORS_STATE_MIN_LEN \x1b[01;35m\x1b[K272\x1b[m\x1b[K\n'}
[8.171207] (usb_device_driver) StderrLine: {'line': b'      |                                                 \x1b[01;35m\x1b[K^~~\x1b[m\x1b[K\n'}
[8.171250] (usb_device_driver) StderrLine: {'line': b'\x1b[01m\x1b[K/home/miles/usb_ros2_ws/src/usb_device_driver/generated/include/mavlink/v2.0/robot_dog/./mavlink_msg_dog_motors_state.h:109:67:\x1b[m\x1b[K \x1b[01;36m\x1b[Knote: \x1b[m\x1b[Kin expansion of macro \xe2\x80\x98\x1b[01m\x1b[KMAVLINK_MSG_ID_DOG_MOTORS_STATE_MIN_LEN\x1b[m\x1b[K\xe2\x80\x99\n'}
[8.171290] (usb_device_driver) StderrLine: {'line': b'  109 |     return mavlink_finalize_message(msg, system_id, component_id, \x1b[01;36m\x1b[KMAVLINK_MSG_ID_DOG_MOTORS_STATE_MIN_LEN\x1b[m\x1b[K, MAVLINK_MSG_ID_DOG_MOTORS_STATE_LEN, MAVLINK_MSG_ID_DOG_MOTORS_STATE_CRC);\n'}
[8.171332] (usb_device_driver) StderrLine: {'line': b'      |                                                                   \x1b[01;36m\x1b[K^~~~~~~~~~~~~~~~~~~~~~~~~~~~~~~~~~~~~~~\x1b[m\x1b[K\n'}
[8.171370] (usb_device_driver) StderrLine: {'line': b'\x1b[01m\x1b[K/home/miles/usb_ros2_ws/src/usb_device_driver/generated/include/mavlink/v2.0/robot_dog/./mavlink_msg_dog_motors_state.h:18:45:\x1b[m\x1b[K \x1b[01;35m\x1b[Kwarning: \x1b[m\x1b[Kunsigned conversion from \xe2\x80\x98\x1b[01m\x1b[Kint\x1b[m\x1b[K\xe2\x80\x99 to \xe2\x80\x98\x1b[01m\x1b[Kuint8_t\x1b[m\x1b[K\xe2\x80\x99 {aka \xe2\x80\x98\x1b[01m\x1b[Kunsigned char\x1b[m\x1b[K\xe2\x80\x99} changes value from \xe2\x80\x98\x1b[01m\x1b[K272\x1b[m\x1b[K\xe2\x80\x99 to \xe2\x80\x98\x1b[01m\x1b[K16\x1b[m\x1b[K\xe2\x80\x99 [\x1b[01;35m\x1b[K\x1b]8;;https://gcc.gnu.org/onlinedocs/gcc/Warning-Options.html#index-Woverflow\x07-Woverflow\x1b]8;;\x07\x1b[m\x1b[K]\n'}
[8.171414] (usb_device_driver) StderrLine: {'line': b'   18 | #define MAVLINK_MSG_ID_DOG_MOTORS_STATE_LEN \x1b[01;35m\x1b[K272\x1b[m\x1b[K\n'}
[8.171451] (usb_device_driver) StderrLine: {'line': b'      |                                             \x1b[01;35m\x1b[K^~~\x1b[m\x1b[K\n'}
[8.171488] (usb_device_driver) StderrLine: {'line': b'\x1b[01m\x1b[K/home/miles/usb_ros2_ws/src/usb_device_driver/generated/include/mavlink/v2.0/robot_dog/./mavlink_msg_dog_motors_state.h:109:108:\x1b[m\x1b[K \x1b[01;36m\x1b[Knote: \x1b[m\x1b[Kin expansion of macro \xe2\x80\x98\x1b[01m\x1b[KMAVLINK_MSG_ID_DOG_MOTORS_STATE_LEN\x1b[m\x1b[K\xe2\x80\x99\n'}
[8.171530] (usb_device_driver) StderrLine: {'line': b'  109 | mavlink_finalize_message(msg, system_id, component_id, MAVLINK_MSG_ID_DOG_MOTORS_STATE_MIN_LEN, \x1b[01;36m\x1b[KMAVLINK_MSG_ID_DOG_MOTORS_STATE_LEN\x1b[m\x1b[K, MAVLINK_MSG_ID_DOG_MOTORS_STATE_CRC);\n'}
[8.171572] (usb_device_driver) StderrLine: {'line': b'      |                                                                                                 \x1b[01;36m\x1b[K^~~~~~~~~~~~~~~~~~~~~~~~~~~~~~~~~~~\x1b[m\x1b[K\n'}
[8.171610] (usb_device_driver) StderrLine: {'line': b'\n'}
[8.171648] (usb_device_driver) StderrLine: {'line': b'\x1b[01m\x1b[K/home/miles/usb_ros2_ws/src/usb_device_driver/generated/include/mavlink/v2.0/robot_dog/./mavlink_msg_dog_motors_state.h:\x1b[m\x1b[K In function \xe2\x80\x98\x1b[01m\x1b[Kuint16_t mavlink_msg_dog_motors_state_pack_status(uint8_t, uint8_t, mavlink_status_t*, mavlink_message_t*, uint64_t, const uint8_t*, const float*, const float*, const float*, const float*, const float*, const uint8_t*)\x1b[m\x1b[K\xe2\x80\x99:\n'}
[8.171687] (usb_device_driver) StderrLine: {'line': b'\x1b[01m\x1b[K/home/miles/usb_ros2_ws/src/usb_device_driver/generated/include/mavlink/v2.0/robot_dog/./mavlink_msg_dog_motors_state.h:19:49:\x1b[m\x1b[K \x1b[01;35m\x1b[Kwarning: \x1b[m\x1b[Kunsigned conversion from \xe2\x80\x98\x1b[01m\x1b[Kint\x1b[m\x1b[K\xe2\x80\x99 to \xe2\x80\x98\x1b[01m\x1b[Kuint8_t\x1b[m\x1b[K\xe2\x80\x99 {aka \xe2\x80\x98\x1b[01m\x1b[Kunsigned char\x1b[m\x1b[K\xe2\x80\x99} changes value from \xe2\x80\x98\x1b[01m\x1b[K272\x1b[m\x1b[K\xe2\x80\x99 to \xe2\x80\x98\x1b[01m\x1b[K16\x1b[m\x1b[K\xe2\x80\x99 [\x1b[01;35m\x1b[K\x1b]8;;https://gcc.gnu.org/onlinedocs/gcc/Warning-Options.html#index-Woverflow\x07-Woverflow\x1b]8;;\x07\x1b[m\x1b[K]\n'}
[8.171730] (usb_device_driver) StderrLine: {'line': b'   19 | #define MAVLINK_MSG_ID_DOG_MOTORS_STATE_MIN_LEN \x1b[01;35m\x1b[K272\x1b[m\x1b[K\n'}
[8.171767] (usb_device_driver) StderrLine: {'line': b'      |                                                 \x1b[01;35m\x1b[K^~~\x1b[m\x1b[K\n'}
[8.171804] (usb_device_driver) StderrLine: {'line': b'\x1b[01m\x1b[K/home/miles/usb_ros2_ws/src/usb_device_driver/generated/include/mavlink/v2.0/robot_dog/./mavlink_msg_dog_motors_state.h:158:83:\x1b[m\x1b[K \x1b[01;36m\x1b[Knote: \x1b[m\x1b[Kin expansion of macro \xe2\x80\x98\x1b[01m\x1b[KMAVLINK_MSG_ID_DOG_MOTORS_STATE_MIN_LEN\x1b[m\x1b[K\xe2\x80\x99\n'}
[8.171841] (usb_device_driver) StderrLine: {'line': b'  158 |     return mavlink_finalize_message_buffer(msg, system_id, component_id, _status, \x1b[01;36m\x1b[KMAVLINK_MSG_ID_DOG_MOTORS_STATE_MIN_LEN\x1b[m\x1b[K, MAVLINK_MSG_ID_DOG_MOTORS_STATE_LEN, MAVLINK_MSG_ID_DOG_MOTORS_STATE_CRC);\n'}
[8.171879] (usb_device_driver) StderrLine: {'line': b'      |                                                                                   \x1b[01;36m\x1b[K^~~~~~~~~~~~~~~~~~~~~~~~~~~~~~~~~~~~~~~\x1b[m\x1b[K\n'}
[8.171915] (usb_device_driver) StderrLine: {'line': b'\x1b[01m\x1b[K/home/miles/usb_ros2_ws/src/usb_device_driver/generated/include/mavlink/v2.0/robot_dog/./mavlink_msg_dog_motors_state.h:18:45:\x1b[m\x1b[K \x1b[01;35m\x1b[Kwarning: \x1b[m\x1b[Kunsigned conversion from \xe2\x80\x98\x1b[01m\x1b[Kint\x1b[m\x1b[K\xe2\x80\x99 to \xe2\x80\x98\x1b[01m\x1b[Kuint8_t\x1b[m\x1b[K\xe2\x80\x99 {aka \xe2\x80\x98\x1b[01m\x1b[Kunsigned char\x1b[m\x1b[K\xe2\x80\x99} changes value from \xe2\x80\x98\x1b[01m\x1b[K272\x1b[m\x1b[K\xe2\x80\x99 to \xe2\x80\x98\x1b[01m\x1b[K16\x1b[m\x1b[K\xe2\x80\x99 [\x1b[01;35m\x1b[K\x1b]8;;https://gcc.gnu.org/onlinedocs/gcc/Warning-Options.html#index-Woverflow\x07-Woverflow\x1b]8;;\x07\x1b[m\x1b[K]\n'}
[8.171958] (usb_device_driver) StderrLine: {'line': b'   18 | #define MAVLINK_MSG_ID_DOG_MOTORS_STATE_LEN \x1b[01;35m\x1b[K272\x1b[m\x1b[K\n'}
[8.171995] (usb_device_driver) StderrLine: {'line': b'      |                                             \x1b[01;35m\x1b[K^~~\x1b[m\x1b[K\n'}
[8.172032] (usb_device_driver) StderrLine: {'line': b'\x1b[01m\x1b[K/home/miles/usb_ros2_ws/src/usb_device_driver/generated/include/mavlink/v2.0/robot_dog/./mavlink_msg_dog_motors_state.h:158:124:\x1b[m\x1b[K \x1b[01;36m\x1b[Knote: \x1b[m\x1b[Kin expansion of macro \xe2\x80\x98\x1b[01m\x1b[KMAVLINK_MSG_ID_DOG_MOTORS_STATE_LEN\x1b[m\x1b[K\xe2\x80\x99\n'}
[8.172073] (usb_device_driver) StderrLine: {'line': b'  158 | _message_buffer(msg, system_id, component_id, _status, MAVLINK_MSG_ID_DOG_MOTORS_STATE_MIN_LEN, \x1b[01;36m\x1b[KMAVLINK_MSG_ID_DOG_MOTORS_STATE_LEN\x1b[m\x1b[K, MAVLINK_MSG_ID_DOG_MOTORS_STATE_CRC);\n'}
[8.172110] (usb_device_driver) StderrLine: {'line': b'      |                                                                                                 \x1b[01;36m\x1b[K^~~~~~~~~~~~~~~~~~~~~~~~~~~~~~~~~~~\x1b[m\x1b[K\n'}
[8.172146] (usb_device_driver) StderrLine: {'line': b'\n'}
[8.172193] (usb_device_driver) StderrLine: {'line': b'\x1b[01m\x1b[K/home/miles/usb_ros2_ws/src/usb_device_driver/generated/include/mavlink/v2.0/robot_dog/./mavlink_msg_dog_motors_state.h:\x1b[m\x1b[K In function \xe2\x80\x98\x1b[01m\x1b[Kuint16_t mavlink_msg_dog_motors_state_pack_chan(uint8_t, uint8_t, uint8_t, mavlink_message_t*, uint64_t, const uint8_t*, const float*, const float*, const float*, const float*, const float*, const uint8_t*)\x1b[m\x1b[K\xe2\x80\x99:\n'}
[8.172247] (usb_device_driver) StderrLine: {'line': b'\x1b[01m\x1b[K/home/miles/usb_ros2_ws/src/usb_device_driver/generated/include/mavlink/v2.0/robot_dog/./mavlink_msg_dog_motors_state.h:19:49:\x1b[m\x1b[K \x1b[01;35m\x1b[Kwarning: \x1b[m\x1b[Kunsigned conversion from \xe2\x80\x98\x1b[01m\x1b[Kint\x1b[m\x1b[K\xe2\x80\x99 to \xe2\x80\x98\x1b[01m\x1b[Kuint8_t\x1b[m\x1b[K\xe2\x80\x99 {aka \xe2\x80\x98\x1b[01m\x1b[Kunsigned char\x1b[m\x1b[K\xe2\x80\x99} changes value from \xe2\x80\x98\x1b[01m\x1b[K272\x1b[m\x1b[K\xe2\x80\x99 to \xe2\x80\x98\x1b[01m\x1b[K16\x1b[m\x1b[K\xe2\x80\x99 [\x1b[01;35m\x1b[K\x1b]8;;https://gcc.gnu.org/onlinedocs/gcc/Warning-Options.html#index-Woverflow\x07-Woverflow\x1b]8;;\x07\x1b[m\x1b[K]\n'}
[8.172292] (usb_device_driver) StderrLine: {'line': b'   19 | #define MAVLINK_MSG_ID_DOG_MOTORS_STATE_MIN_LEN \x1b[01;35m\x1b[K272\x1b[m\x1b[K\n'}
[8.172336] (usb_device_driver) StderrLine: {'line': b'      |                                                 \x1b[01;35m\x1b[K^~~\x1b[m\x1b[K\n'}
[8.172373] (usb_device_driver) StderrLine: {'line': b'\x1b[01m\x1b[K/home/miles/usb_ros2_ws/src/usb_device_driver/generated/include/mavlink/v2.0/robot_dog/./mavlink_msg_dog_motors_state.h:209:78:\x1b[m\x1b[K \x1b[01;36m\x1b[Knote: \x1b[m\x1b[Kin expansion of macro \xe2\x80\x98\x1b[01m\x1b[KMAVLINK_MSG_ID_DOG_MOTORS_STATE_MIN_LEN\x1b[m\x1b[K\xe2\x80\x99\n'}
[8.172410] (usb_device_driver) StderrLine: {'line': b'  209 |     return mavlink_finalize_message_chan(msg, system_id, component_id, chan, \x1b[01;36m\x1b[KMAVLINK_MSG_ID_DOG_MOTORS_STATE_MIN_LEN\x1b[m\x1b[K, MAVLINK_MSG_ID_DOG_MOTORS_STATE_LEN, MAVLINK_MSG_ID_DOG_MOTORS_STATE_CRC);\n'}
[8.172447] (usb_device_driver) StderrLine: {'line': b'      |                                                                              \x1b[01;36m\x1b[K^~~~~~~~~~~~~~~~~~~~~~~~~~~~~~~~~~~~~~~\x1b[m\x1b[K\n'}
[8.172484] (usb_device_driver) StderrLine: {'line': b'\x1b[01m\x1b[K/home/miles/usb_ros2_ws/src/usb_device_driver/generated/include/mavlink/v2.0/robot_dog/./mavlink_msg_dog_motors_state.h:18:45:\x1b[m\x1b[K \x1b[01;35m\x1b[Kwarning: \x1b[m\x1b[Kunsigned conversion from \xe2\x80\x98\x1b[01m\x1b[Kint\x1b[m\x1b[K\xe2\x80\x99 to \xe2\x80\x98\x1b[01m\x1b[Kuint8_t\x1b[m\x1b[K\xe2\x80\x99 {aka \xe2\x80\x98\x1b[01m\x1b[Kunsigned char\x1b[m\x1b[K\xe2\x80\x99} changes value from \xe2\x80\x98\x1b[01m\x1b[K272\x1b[m\x1b[K\xe2\x80\x99 to \xe2\x80\x98\x1b[01m\x1b[K16\x1b[m\x1b[K\xe2\x80\x99 [\x1b[01;35m\x1b[K\x1b]8;;https://gcc.gnu.org/onlinedocs/gcc/Warning-Options.html#index-Woverflow\x07-Woverflow\x1b]8;;\x07\x1b[m\x1b[K]\n'}
[8.172522] (usb_device_driver) StderrLine: {'line': b'   18 | #define MAVLINK_MSG_ID_DOG_MOTORS_STATE_LEN \x1b[01;35m\x1b[K272\x1b[m\x1b[K\n'}
[8.172558] (usb_device_driver) StderrLine: {'line': b'      |                                             \x1b[01;35m\x1b[K^~~\x1b[m\x1b[K\n'}
[8.172600] (usb_device_driver) StderrLine: {'line': b'\x1b[01m\x1b[K/home/miles/usb_ros2_ws/src/usb_device_driver/generated/include/mavlink/v2.0/robot_dog/./mavlink_msg_dog_motors_state.h:209:119:\x1b[m\x1b[K \x1b[01;36m\x1b[Knote: \x1b[m\x1b[Kin expansion of macro \xe2\x80\x98\x1b[01m\x1b[KMAVLINK_MSG_ID_DOG_MOTORS_STATE_LEN\x1b[m\x1b[K\xe2\x80\x99\n'}
[8.172639] (usb_device_driver) StderrLine: {'line': b'  209 | alize_message_chan(msg, system_id, component_id, chan, MAVLINK_MSG_ID_DOG_MOTORS_STATE_MIN_LEN, \x1b[01;36m\x1b[KMAVLINK_MSG_ID_DOG_MOTORS_STATE_LEN\x1b[m\x1b[K, MAVLINK_MSG_ID_DOG_MOTORS_STATE_CRC);\n'}
[8.172677] (usb_device_driver) StderrLine: {'line': b'      |                                                                                                 \x1b[01;36m\x1b[K^~~~~~~~~~~~~~~~~~~~~~~~~~~~~~~~~~~\x1b[m\x1b[K\n'}
[8.172718] (usb_device_driver) StderrLine: {'line': b'\n'}
[8.172759] (usb_device_driver) StderrLine: {'line': b'In file included from \x1b[01m\x1b[K/home/miles/usb_ros2_ws/src/usb_device_driver/generated/include/mavlink/v2.0/robot_dog/robot_dog.h:58\x1b[m\x1b[K,\n'}
[8.172797] (usb_device_driver) StderrLine: {'line': b'                 from \x1b[01m\x1b[K/home/miles/usb_ros2_ws/src/usb_device_driver/generated/include/mavlink/v2.0/robot_dog/mavlink.h:39\x1b[m\x1b[K,\n'}
[8.172834] (usb_device_driver) StderrLine: {'line': b'                 from \x1b[01m\x1b[K/home/miles/usb_ros2_ws/src/usb_device_driver/include/usb_device_driver/usb_reader_node.hpp:20\x1b[m\x1b[K,\n'}
[8.172872] (usb_device_driver) StderrLine: {'line': b'                 from \x1b[01m\x1b[K/home/miles/usb_ros2_ws/src/usb_device_driver/src/main.cpp:1\x1b[m\x1b[K:\n'}
[8.172910] (usb_device_driver) StderrLine: {'line': b'\x1b[01m\x1b[K/home/miles/usb_ros2_ws/src/usb_device_driver/generated/include/mavlink/v2.0/robot_dog/./mavlink_msg_dog_motors_state.h:\x1b[m\x1b[K In function \xe2\x80\x98\x1b[01m\x1b[Kuint16_t mavlink_msg_dog_motors_state_get_statuses(const mavlink_message_t*, uint8_t*)\x1b[m\x1b[K\xe2\x80\x99:\n'}
[8.172947] (usb_device_driver) StderrLine: {'line': b'\x1b[01m\x1b[K/home/miles/usb_ros2_ws/src/usb_device_driver/generated/include/mavlink/v2.0/robot_dog/./mavlink_msg_dog_motors_state.h:427:58:\x1b[m\x1b[K \x1b[01;35m\x1b[Kwarning: \x1b[m\x1b[Kunsigned conversion from \xe2\x80\x98\x1b[01m\x1b[Kint\x1b[m\x1b[K\xe2\x80\x99 to \xe2\x80\x98\x1b[01m\x1b[Kuint8_t\x1b[m\x1b[K\xe2\x80\x99 {aka \xe2\x80\x98\x1b[01m\x1b[Kunsigned char\x1b[m\x1b[K\xe2\x80\x99} changes value from \xe2\x80\x98\x1b[01m\x1b[K260\x1b[m\x1b[K\xe2\x80\x99 to \xe2\x80\x98\x1b[01m\x1b[K4\x1b[m\x1b[K\xe2\x80\x99 [\x1b[01;35m\x1b[K\x1b]8;;https://gcc.gnu.org/onlinedocs/gcc/Warning-Options.html#index-Woverflow\x07-Woverflow\x1b]8;;\x07\x1b[m\x1b[K]\n'}
[8.172985] (usb_device_driver) StderrLine: {'line': b'  427 |     return _MAV_RETURN_uint8_t_array(msg, statuses, 12,  \x1b[01;35m\x1b[K260\x1b[m\x1b[K);\n'}
[8.173022] (usb_device_driver) StderrLine: {'line': b'      |                                                          \x1b[01;35m\x1b[K^~~\x1b[m\x1b[K\n'}
[8.173063] (usb_device_driver) StderrLine: {'line': b'\x1b[01m\x1b[K/home/miles/usb_ros2_ws/src/usb_device_driver/generated/include/mavlink/v2.0/robot_dog/./mavlink_msg_dog_motors_state.h:\x1b[m\x1b[K In function \xe2\x80\x98\x1b[01m\x1b[Kvoid mavlink_msg_dog_motors_state_decode(const mavlink_message_t*, mavlink_dog_motors_state_t*)\x1b[m\x1b[K\xe2\x80\x99:\n'}
[8.173101] (usb_device_driver) StderrLine: {'line': b'\x1b[01m\x1b[K/home/miles/usb_ros2_ws/src/usb_device_driver/generated/include/mavlink/v2.0/robot_dog/./mavlink_msg_dog_motors_state.h:448:32:\x1b[m\x1b[K \x1b[01;35m\x1b[Kwarning: \x1b[m\x1b[Kcomparison is always true due to limited range of data type [\x1b[01;35m\x1b[K\x1b]8;;https://gcc.gnu.org/onlinedocs/gcc/Warning-Options.html#index-Wtype-limits\x07-Wtype-limits\x1b]8;;\x07\x1b[m\x1b[K]\n'}
[8.173140] (usb_device_driver) StderrLine: {'line': b'  448 |         uint8_t len = msg->len \x1b[01;35m\x1b[K<\x1b[m\x1b[K MAVLINK_MSG_ID_DOG_MOTORS_STATE_LEN? msg->len : MAVLINK_MSG_ID_DOG_MOTORS_STATE_LEN;\n'}
[8.173189] (usb_device_driver) StderrLine: {'line': b'      |                                \x1b[01;35m\x1b[K^\x1b[m\x1b[K\n'}
[8.177547] (usb_device_driver) StderrLine: {'line': b'In file included from \x1b[01m\x1b[K/home/miles/usb_ros2_ws/src/usb_device_driver/generated/include/mavlink/v2.0/robot_dog/../protocol.h:4\x1b[m\x1b[K,\n'}
[8.177726] (usb_device_driver) StderrLine: {'line': b'                 from \x1b[01m\x1b[K/home/miles/usb_ros2_ws/src/usb_device_driver/generated/include/mavlink/v2.0/robot_dog/robot_dog.h:35\x1b[m\x1b[K,\n'}
[8.177845] (usb_device_driver) StderrLine: {'line': b'                 from \x1b[01m\x1b[K/home/miles/usb_ros2_ws/src/usb_device_driver/generated/include/mavlink/v2.0/robot_dog/mavlink.h:39\x1b[m\x1b[K,\n'}
[8.177944] (usb_device_driver) StderrLine: {'line': b'                 from \x1b[01m\x1b[K/home/miles/usb_ros2_ws/src/usb_device_driver/include/usb_device_driver/usb_reader_node.hpp:20\x1b[m\x1b[K,\n'}
[8.178048] (usb_device_driver) StderrLine: {'line': b'                 from \x1b[01m\x1b[K/home/miles/usb_ros2_ws/src/usb_device_driver/src/usb_reader_node.cpp:1\x1b[m\x1b[K:\n'}
[8.178141] (usb_device_driver) StderrLine: {'line': b'\x1b[01m\x1b[K/home/miles/usb_ros2_ws/src/usb_device_driver/generated/include/mavlink/v2.0/robot_dog/../mavlink_types.h:78:12:\x1b[m\x1b[K \x1b[01;35m\x1b[Kwarning: \x1b[m\x1b[KISO C++ prohibits anonymous structs [\x1b[01;35m\x1b[K\x1b]8;;https://gcc.gnu.org/onlinedocs/gcc/Warning-Options.html#index-Wpedantic\x07-Wpedantic\x1b]8;;\x07\x1b[m\x1b[K]\n'}
[8.178236] (usb_device_driver) StderrLine: {'line': b'   78 |     struct \x1b[01;35m\x1b[K{\x1b[m\x1b[K\n'}
[8.178282] (usb_device_driver) StderrLine: {'line': b'      |            \x1b[01;35m\x1b[K^\x1b[m\x1b[K\n'}
[8.178323] (usb_device_driver) StderrLine: {'line': b'\x1b[01m\x1b[K/home/miles/usb_ros2_ws/src/usb_device_driver/generated/include/mavlink/v2.0/robot_dog/../mavlink_types.h:17:40:\x1b[m\x1b[K \x1b[01;36m\x1b[Knote: \x1b[m\x1b[Kin definition of macro \xe2\x80\x98\x1b[01m\x1b[KMAVPACKED\x1b[m\x1b[K\xe2\x80\x99\n'}
[8.178365] (usb_device_driver) StderrLine: {'line': b'   17 |   #define MAVPACKED( __Declaration__ ) \x1b[01;36m\x1b[K__Declaration__\x1b[m\x1b[K __attribute__((packed))\n'}
[8.178406] (usb_device_driver) StderrLine: {'line': b'      |                                        \x1b[01;36m\x1b[K^~~~~~~~~~~~~~~\x1b[m\x1b[K\n'}
[8.182801] (usb_device_driver) StderrLine: {'line': b'In file included from \x1b[01m\x1b[K/home/miles/usb_ros2_ws/src/usb_device_driver/generated/include/mavlink/v2.0/robot_dog/mavlink.h:39\x1b[m\x1b[K,\n'}
[8.183026] (usb_device_driver) StderrLine: {'line': b'                 from \x1b[01m\x1b[K/home/miles/usb_ros2_ws/src/usb_device_driver/include/usb_device_driver/usb_reader_node.hpp:20\x1b[m\x1b[K,\n'}
[8.183164] (usb_device_driver) StderrLine: {'line': b'                 from \x1b[01m\x1b[K/home/miles/usb_ros2_ws/src/usb_device_driver/src/usb_reader_node.cpp:1\x1b[m\x1b[K:\n'}
[8.183302] (usb_device_driver) StderrLine: {'line': b'\x1b[01m\x1b[K/home/miles/usb_ros2_ws/src/usb_device_driver/generated/include/mavlink/v2.0/robot_dog/../mavlink_helpers.h:\x1b[m\x1b[K In function \xe2\x80\x98\x1b[01m\x1b[Kconst mavlink_msg_entry_t* mavlink_get_msg_entry(uint32_t)\x1b[m\x1b[K\xe2\x80\x99:\n'}
[8.183408] (usb_device_driver) StderrLine: {'line': b'\x1b[01m\x1b[K/home/miles/usb_ros2_ws/src/usb_device_driver/generated/include/mavlink/v2.0/robot_dog/robot_dog.h:31:119:\x1b[m\x1b[K \x1b[01;31m\x1b[Kerror: \x1b[m\x1b[Knarrowing conversion of \xe2\x80\x98\x1b[01m\x1b[K260\x1b[m\x1b[K\xe2\x80\x99 from \xe2\x80\x98\x1b[01m\x1b[Kint\x1b[m\x1b[K\xe2\x80\x99 to \xe2\x80\x98\x1b[01m\x1b[Kuint8_t\x1b[m\x1b[K\xe2\x80\x99 {aka \xe2\x80\x98\x1b[01m\x1b[Kunsigned char\x1b[m\x1b[K\xe2\x80\x99} [\x1b[01;31m\x1b[K\x1b]8;;https://gcc.gnu.org/onlinedocs/gcc/Warning-Options.html#index-Wnarrowing\x07-Wnarrowing\x1b]8;;\x07\x1b[m\x1b[K]\n'}
[8.183513] (usb_device_driver) StderrLine: {'line': b'   31 | #define MAVLINK_MESSAGE_CRCS {{230, 160, 260, 260, 0, 0, 0}, {231, 156, 272, 272, 0, 0, 0}, {232, 36, 48, 48, 0, 0, 0}\x1b[01;31m\x1b[K}\x1b[m\x1b[K\n'}
[8.183609] (usb_device_driver) StderrLine: {'line': b'      |                                                                                                                       \x1b[01;31m\x1b[K^\x1b[m\x1b[K\n'}
[8.183691] (usb_device_driver) StderrLine: {'line': b'\x1b[01m\x1b[K/home/miles/usb_ros2_ws/src/usb_device_driver/generated/include/mavlink/v2.0/robot_dog/../mavlink_helpers.h:520:67:\x1b[m\x1b[K \x1b[01;36m\x1b[Knote: \x1b[m\x1b[Kin expansion of macro \xe2\x80\x98\x1b[01m\x1b[KMAVLINK_MESSAGE_CRCS\x1b[m\x1b[K\xe2\x80\x99\n'}
[8.183783] (usb_device_driver) StderrLine: {'line': b'  520 |         static const mavlink_msg_entry_t mavlink_message_crcs[] = \x1b[01;36m\x1b[KMAVLINK_MESSAGE_CRCS\x1b[m\x1b[K;\n'}
[8.183864] (usb_device_driver) StderrLine: {'line': b'      |                                                                   \x1b[01;36m\x1b[K^~~~~~~~~~~~~~~~~~~~\x1b[m\x1b[K\n'}
[8.183942] (usb_device_driver) StderrLine: {'line': b'\x1b[01m\x1b[K/home/miles/usb_ros2_ws/src/usb_device_driver/generated/include/mavlink/v2.0/robot_dog/robot_dog.h:31:119:\x1b[m\x1b[K \x1b[01;31m\x1b[Kerror: \x1b[m\x1b[Knarrowing conversion of \xe2\x80\x98\x1b[01m\x1b[K272\x1b[m\x1b[K\xe2\x80\x99 from \xe2\x80\x98\x1b[01m\x1b[Kint\x1b[m\x1b[K\xe2\x80\x99 to \xe2\x80\x98\x1b[01m\x1b[Kuint8_t\x1b[m\x1b[K\xe2\x80\x99 {aka \xe2\x80\x98\x1b[01m\x1b[Kunsigned char\x1b[m\x1b[K\xe2\x80\x99} [\x1b[01;31m\x1b[K\x1b]8;;https://gcc.gnu.org/onlinedocs/gcc/Warning-Options.html#index-Wnarrowing\x07-Wnarrowing\x1b]8;;\x07\x1b[m\x1b[K]\n'}
[8.184037] (usb_device_driver) StderrLine: {'line': b'   31 | #define MAVLINK_MESSAGE_CRCS {{230, 160, 260, 260, 0, 0, 0}, {231, 156, 272, 272, 0, 0, 0}, {232, 36, 48, 48, 0, 0, 0}\x1b[01;31m\x1b[K}\x1b[m\x1b[K\n'}
[8.184119] (usb_device_driver) StderrLine: {'line': b'      |                                                                                                                       \x1b[01;31m\x1b[K^\x1b[m\x1b[K\n'}
[8.184215] (usb_device_driver) StderrLine: {'line': b'\x1b[01m\x1b[K/home/miles/usb_ros2_ws/src/usb_device_driver/generated/include/mavlink/v2.0/robot_dog/../mavlink_helpers.h:520:67:\x1b[m\x1b[K \x1b[01;36m\x1b[Knote: \x1b[m\x1b[Kin expansion of macro \xe2\x80\x98\x1b[01m\x1b[KMAVLINK_MESSAGE_CRCS\x1b[m\x1b[K\xe2\x80\x99\n'}
[8.184303] (usb_device_driver) StderrLine: {'line': b'  520 |         static const mavlink_msg_entry_t mavlink_message_crcs[] = \x1b[01;36m\x1b[KMAVLINK_MESSAGE_CRCS\x1b[m\x1b[K;\n'}
[8.184364] (usb_device_driver) StderrLine: {'line': b'      |                                                                   \x1b[01;36m\x1b[K^~~~~~~~~~~~~~~~~~~~\x1b[m\x1b[K\n'}
[8.186593] (usb_device_driver) StderrLine: {'line': b'In file included from \x1b[01m\x1b[K/home/miles/usb_ros2_ws/src/usb_device_driver/generated/include/mavlink/v2.0/robot_dog/robot_dog.h:57\x1b[m\x1b[K,\n'}
[8.186778] (usb_device_driver) StderrLine: {'line': b'                 from \x1b[01m\x1b[K/home/miles/usb_ros2_ws/src/usb_device_driver/generated/include/mavlink/v2.0/robot_dog/mavlink.h:39\x1b[m\x1b[K,\n'}
[8.186841] (usb_device_driver) StderrLine: {'line': b'                 from \x1b[01m\x1b[K/home/miles/usb_ros2_ws/src/usb_device_driver/include/usb_device_driver/usb_reader_node.hpp:20\x1b[m\x1b[K,\n'}
[8.186893] (usb_device_driver) StderrLine: {'line': b'                 from \x1b[01m\x1b[K/home/miles/usb_ros2_ws/src/usb_device_driver/src/usb_reader_node.cpp:1\x1b[m\x1b[K:\n'}
[8.186972] (usb_device_driver) StderrLine: {'line': b'\x1b[01m\x1b[K/home/miles/usb_ros2_ws/src/usb_device_driver/generated/include/mavlink/v2.0/robot_dog/./mavlink_msg_dog_motors_cmd.h:\x1b[m\x1b[K In function \xe2\x80\x98\x1b[01m\x1b[Kuint16_t mavlink_msg_dog_motors_cmd_pack(uint8_t, uint8_t, mavlink_message_t*, uint64_t, const uint8_t*, const float*, const float*, const float*, const float*, const float*)\x1b[m\x1b[K\xe2\x80\x99:\n'}
[8.187253] (usb_device_driver) StderrLine: {'line': b'\x1b[01m\x1b[K/home/miles/usb_ros2_ws/src/usb_device_driver/generated/include/mavlink/v2.0/robot_dog/./mavlink_msg_dog_motors_cmd.h:18:47:\x1b[m\x1b[K \x1b[01;35m\x1b[Kwarning: \x1b[m\x1b[Kunsigned conversion from \xe2\x80\x98\x1b[01m\x1b[Kint\x1b[m\x1b[K\xe2\x80\x99 to \xe2\x80\x98\x1b[01m\x1b[Kuint8_t\x1b[m\x1b[K\xe2\x80\x99 {aka \xe2\x80\x98\x1b[01m\x1b[Kunsigned char\x1b[m\x1b[K\xe2\x80\x99} changes value from \xe2\x80\x98\x1b[01m\x1b[K260\x1b[m\x1b[K\xe2\x80\x99 to \xe2\x80\x98\x1b[01m\x1b[K4\x1b[m\x1b[K\xe2\x80\x99 [\x1b[01;35m\x1b[K\x1b]8;;https://gcc.gnu.org/onlinedocs/gcc/Warning-Options.html#index-Woverflow\x07-Woverflow\x1b]8;;\x07\x1b[m\x1b[K]\n'}
[8.187365] (usb_device_driver) StderrLine: {'line': b'   18 | #define MAVLINK_MSG_ID_DOG_MOTORS_CMD_MIN_LEN \x1b[01;35m\x1b[K260\x1b[m\x1b[K\n'}
[8.187442] (usb_device_driver) StderrLine: {'line': b'      |                                               \x1b[01;35m\x1b[K^~~\x1b[m\x1b[K\n'}
[8.187512] (usb_device_driver) StderrLine: {'line': b'\x1b[01m\x1b[K/home/miles/usb_ros2_ws/src/usb_device_driver/generated/include/mavlink/v2.0/robot_dog/./mavlink_msg_dog_motors_cmd.h:102:67:\x1b[m\x1b[K \x1b[01;36m\x1b[Knote: \x1b[m\x1b[Kin expansion of macro \xe2\x80\x98\x1b[01m\x1b[KMAVLINK_MSG_ID_DOG_MOTORS_CMD_MIN_LEN\x1b[m\x1b[K\xe2\x80\x99\n'}
[8.187646] (usb_device_driver) StderrLine: {'line': b'  102 |     return mavlink_finalize_message(msg, system_id, component_id, \x1b[01;36m\x1b[KMAVLINK_MSG_ID_DOG_MOTORS_CMD_MIN_LEN\x1b[m\x1b[K, MAVLINK_MSG_ID_DOG_MOTORS_CMD_LEN, MAVLINK_MSG_ID_DOG_MOTORS_CMD_CRC);\n'}
[8.187716] (usb_device_driver) StderrLine: {'line': b'      |                                                                   \x1b[01;36m\x1b[K^~~~~~~~~~~~~~~~~~~~~~~~~~~~~~~~~~~~~\x1b[m\x1b[K\n'}
[8.187787] (usb_device_driver) StderrLine: {'line': b'\x1b[01m\x1b[K/home/miles/usb_ros2_ws/src/usb_device_driver/generated/include/mavlink/v2.0/robot_dog/./mavlink_msg_dog_motors_cmd.h:17:43:\x1b[m\x1b[K \x1b[01;35m\x1b[Kwarning: \x1b[m\x1b[Kunsigned conversion from \xe2\x80\x98\x1b[01m\x1b[Kint\x1b[m\x1b[K\xe2\x80\x99 to \xe2\x80\x98\x1b[01m\x1b[Kuint8_t\x1b[m\x1b[K\xe2\x80\x99 {aka \xe2\x80\x98\x1b[01m\x1b[Kunsigned char\x1b[m\x1b[K\xe2\x80\x99} changes value from \xe2\x80\x98\x1b[01m\x1b[K260\x1b[m\x1b[K\xe2\x80\x99 to \xe2\x80\x98\x1b[01m\x1b[K4\x1b[m\x1b[K\xe2\x80\x99 [\x1b[01;35m\x1b[K\x1b]8;;https://gcc.gnu.org/onlinedocs/gcc/Warning-Options.html#index-Woverflow\x07-Woverflow\x1b]8;;\x07\x1b[m\x1b[K]\n'}
[8.187872] (usb_device_driver) StderrLine: {'line': b'   17 | #define MAVLINK_MSG_ID_DOG_MOTORS_CMD_LEN \x1b[01;35m\x1b[K260\x1b[m\x1b[K\n'}
[8.188008] (usb_device_driver) StderrLine: {'line': b'      |                                           \x1b[01;35m\x1b[K^~~\x1b[m\x1b[K\n'}
[8.188051] (usb_device_driver) StderrLine: {'line': b'\x1b[01m\x1b[K/home/miles/usb_ros2_ws/src/usb_device_driver/generated/include/mavlink/v2.0/robot_dog/./mavlink_msg_dog_motors_cmd.h:102:106:\x1b[m\x1b[K \x1b[01;36m\x1b[Knote: \x1b[m\x1b[Kin expansion of macro \xe2\x80\x98\x1b[01m\x1b[KMAVLINK_MSG_ID_DOG_MOTORS_CMD_LEN\x1b[m\x1b[K\xe2\x80\x99\n'}
[8.188095] (usb_device_driver) StderrLine: {'line': b'  102 |     return mavlink_finalize_message(msg, system_id, component_id, MAVLINK_MSG_ID_DOG_MOTORS_CMD_MIN_LEN, \x1b[01;36m\x1b[KMAVLINK_MSG_ID_DOG_MOTORS_CMD_LEN\x1b[m\x1b[K, MAVLINK_MSG_ID_DOG_MOTORS_CMD_CRC);\n'}
[8.188185] (usb_device_driver) StderrLine: {'line': b'      |                                                                                                          \x1b[01;36m\x1b[K^~~~~~~~~~~~~~~~~~~~~~~~~~~~~~~~~\x1b[m\x1b[K\n'}
[8.188234] (usb_device_driver) StderrLine: {'line': b'\x1b[01m\x1b[K/home/miles/usb_ros2_ws/src/usb_device_driver/generated/include/mavlink/v2.0/robot_dog/./mavlink_msg_dog_motors_cmd.h:\x1b[m\x1b[K In function \xe2\x80\x98\x1b[01m\x1b[Kuint16_t mavlink_msg_dog_motors_cmd_pack_status(uint8_t, uint8_t, mavlink_status_t*, mavlink_message_t*, uint64_t, const uint8_t*, const float*, const float*, const float*, const float*, const float*)\x1b[m\x1b[K\xe2\x80\x99:\n'}
[8.188286] (usb_device_driver) StderrLine: {'line': b'\x1b[01m\x1b[K/home/miles/usb_ros2_ws/src/usb_device_driver/generated/include/mavlink/v2.0/robot_dog/./mavlink_msg_dog_motors_cmd.h:18:47:\x1b[m\x1b[K \x1b[01;35m\x1b[Kwarning: \x1b[m\x1b[Kunsigned conversion from \xe2\x80\x98\x1b[01m\x1b[Kint\x1b[m\x1b[K\xe2\x80\x99 to \xe2\x80\x98\x1b[01m\x1b[Kuint8_t\x1b[m\x1b[K\xe2\x80\x99 {aka \xe2\x80\x98\x1b[01m\x1b[Kunsigned char\x1b[m\x1b[K\xe2\x80\x99} changes value from \xe2\x80\x98\x1b[01m\x1b[K260\x1b[m\x1b[K\xe2\x80\x99 to \xe2\x80\x98\x1b[01m\x1b[K4\x1b[m\x1b[K\xe2\x80\x99 [\x1b[01;35m\x1b[K\x1b]8;;https://gcc.gnu.org/onlinedocs/gcc/Warning-Options.html#index-Woverflow\x07-Woverflow\x1b]8;;\x07\x1b[m\x1b[K]\n'}
[8.188666] (usb_device_driver) StderrLine: {'line': b'   18 | #define MAVLINK_MSG_ID_DOG_MOTORS_CMD_MIN_LEN \x1b[01;35m\x1b[K260\x1b[m\x1b[K\n'}
[8.188827] (usb_device_driver) StderrLine: {'line': b'      |                                               \x1b[01;35m\x1b[K^~~\x1b[m\x1b[K\n'}
[8.188932] (usb_device_driver) StderrLine: {'line': b'\x1b[01m\x1b[K/home/miles/usb_ros2_ws/src/usb_device_driver/generated/include/mavlink/v2.0/robot_dog/./mavlink_msg_dog_motors_cmd.h:148:83:\x1b[m\x1b[K \x1b[01;36m\x1b[Knote: \x1b[m\x1b[Kin expansion of macro \xe2\x80\x98\x1b[01m\x1b[KMAVLINK_MSG_ID_DOG_MOTORS_CMD_MIN_LEN\x1b[m\x1b[K\xe2\x80\x99\n'}
[8.189126] (usb_device_driver) StderrLine: {'line': b'  148 |     return mavlink_finalize_message_buffer(msg, system_id, component_id, _status, \x1b[01;36m\x1b[KMAVLINK_MSG_ID_DOG_MOTORS_CMD_MIN_LEN\x1b[m\x1b[K, MAVLINK_MSG_ID_DOG_MOTORS_CMD_LEN, MAVLINK_MSG_ID_DOG_MOTORS_CMD_CRC);\n'}
[8.189199] (usb_device_driver) StderrLine: {'line': b'      |                                                                                   \x1b[01;36m\x1b[K^~~~~~~~~~~~~~~~~~~~~~~~~~~~~~~~~~~~~\x1b[m\x1b[K\n'}
[8.189252] (usb_device_driver) StderrLine: {'line': b'\x1b[01m\x1b[K/home/miles/usb_ros2_ws/src/usb_device_driver/generated/include/mavlink/v2.0/robot_dog/./mavlink_msg_dog_motors_cmd.h:17:43:\x1b[m\x1b[K \x1b[01;35m\x1b[Kwarning: \x1b[m\x1b[Kunsigned conversion from \xe2\x80\x98\x1b[01m\x1b[Kint\x1b[m\x1b[K\xe2\x80\x99 to \xe2\x80\x98\x1b[01m\x1b[Kuint8_t\x1b[m\x1b[K\xe2\x80\x99 {aka \xe2\x80\x98\x1b[01m\x1b[Kunsigned char\x1b[m\x1b[K\xe2\x80\x99} changes value from \xe2\x80\x98\x1b[01m\x1b[K260\x1b[m\x1b[K\xe2\x80\x99 to \xe2\x80\x98\x1b[01m\x1b[K4\x1b[m\x1b[K\xe2\x80\x99 [\x1b[01;35m\x1b[K\x1b]8;;https://gcc.gnu.org/onlinedocs/gcc/Warning-Options.html#index-Woverflow\x07-Woverflow\x1b]8;;\x07\x1b[m\x1b[K]\n'}
[8.189328] (usb_device_driver) StderrLine: {'line': b'   17 | #define MAVLINK_MSG_ID_DOG_MOTORS_CMD_LEN \x1b[01;35m\x1b[K260\x1b[m\x1b[K\n'}
[8.189404] (usb_device_driver) StderrLine: {'line': b'      |                                           \x1b[01;35m\x1b[K^~~\x1b[m\x1b[K\n'}
[8.189449] (usb_device_driver) StderrLine: {'line': b'\x1b[01m\x1b[K/home/miles/usb_ros2_ws/src/usb_device_driver/generated/include/mavlink/v2.0/robot_dog/./mavlink_msg_dog_motors_cmd.h:148:122:\x1b[m\x1b[K \x1b[01;36m\x1b[Knote: \x1b[m\x1b[Kin expansion of macro \xe2\x80\x98\x1b[01m\x1b[KMAVLINK_MSG_ID_DOG_MOTORS_CMD_LEN\x1b[m\x1b[K\xe2\x80\x99\n'}
[8.189490] (usb_device_driver) StderrLine: {'line': b'  148 |     return mavlink_finalize_message_buffer(msg, system_id, component_id, _status, MAVLINK_MSG_ID_DOG_MOTORS_CMD_MIN_LEN, \x1b[01;36m\x1b[KMAVLINK_MSG_ID_DOG_MOTORS_CMD_LEN\x1b[m\x1b[K, MAVLINK_MSG_ID_DOG_MOTORS_CMD_CRC);\n'}
[8.189530] (usb_device_driver) StderrLine: {'line': b'      |                                                                                                                          \x1b[01;36m\x1b[K^~~~~~~~~~~~~~~~~~~~~~~~~~~~~~~~~\x1b[m\x1b[K\n'}
[8.189571] (usb_device_driver) StderrLine: {'line': b'\x1b[01m\x1b[K/home/miles/usb_ros2_ws/src/usb_device_driver/generated/include/mavlink/v2.0/robot_dog/./mavlink_msg_dog_motors_cmd.h:\x1b[m\x1b[K In function \xe2\x80\x98\x1b[01m\x1b[Kuint16_t mavlink_msg_dog_motors_cmd_pack_chan(uint8_t, uint8_t, uint8_t, mavlink_message_t*, uint64_t, const uint8_t*, const float*, const float*, const float*, const float*, const float*)\x1b[m\x1b[K\xe2\x80\x99:\n'}
[8.189621] (usb_device_driver) StderrLine: {'line': b'\x1b[01m\x1b[K/home/miles/usb_ros2_ws/src/usb_device_driver/generated/include/mavlink/v2.0/robot_dog/./mavlink_msg_dog_motors_cmd.h:18:47:\x1b[m\x1b[K \x1b[01;35m\x1b[Kwarning: \x1b[m\x1b[Kunsigned conversion from \xe2\x80\x98\x1b[01m\x1b[Kint\x1b[m\x1b[K\xe2\x80\x99 to \xe2\x80\x98\x1b[01m\x1b[Kuint8_t\x1b[m\x1b[K\xe2\x80\x99 {aka \xe2\x80\x98\x1b[01m\x1b[Kunsigned char\x1b[m\x1b[K\xe2\x80\x99} changes value from \xe2\x80\x98\x1b[01m\x1b[K260\x1b[m\x1b[K\xe2\x80\x99 to \xe2\x80\x98\x1b[01m\x1b[K4\x1b[m\x1b[K\xe2\x80\x99 [\x1b[01;35m\x1b[K\x1b]8;;https://gcc.gnu.org/onlinedocs/gcc/Warning-Options.html#index-Woverflow\x07-Woverflow\x1b]8;;\x07\x1b[m\x1b[K]\n'}
[8.189661] (usb_device_driver) StderrLine: {'line': b'   18 | #define MAVLINK_MSG_ID_DOG_MOTORS_CMD_MIN_LEN \x1b[01;35m\x1b[K260\x1b[m\x1b[K\n'}
[8.189703] (usb_device_driver) StderrLine: {'line': b'      |                                               \x1b[01;35m\x1b[K^~~\x1b[m\x1b[K\n'}
[8.189743] (usb_device_driver) StderrLine: {'line': b'\x1b[01m\x1b[K/home/miles/usb_ros2_ws/src/usb_device_driver/generated/include/mavlink/v2.0/robot_dog/./mavlink_msg_dog_motors_cmd.h:196:78:\x1b[m\x1b[K \x1b[01;36m\x1b[Knote: \x1b[m\x1b[Kin expansion of macro \xe2\x80\x98\x1b[01m\x1b[KMAVLINK_MSG_ID_DOG_MOTORS_CMD_MIN_LEN\x1b[m\x1b[K\xe2\x80\x99\n'}
[8.189787] (usb_device_driver) StderrLine: {'line': b'  196 |     return mavlink_finalize_message_chan(msg, system_id, component_id, chan, \x1b[01;36m\x1b[KMAVLINK_MSG_ID_DOG_MOTORS_CMD_MIN_LEN\x1b[m\x1b[K, MAVLINK_MSG_ID_DOG_MOTORS_CMD_LEN, MAVLINK_MSG_ID_DOG_MOTORS_CMD_CRC);\n'}
[8.189826] (usb_device_driver) StderrLine: {'line': b'      |                                                                              \x1b[01;36m\x1b[K^~~~~~~~~~~~~~~~~~~~~~~~~~~~~~~~~~~~~\x1b[m\x1b[K\n'}
[8.189863] (usb_device_driver) StderrLine: {'line': b'\x1b[01m\x1b[K/home/miles/usb_ros2_ws/src/usb_device_driver/generated/include/mavlink/v2.0/robot_dog/./mavlink_msg_dog_motors_cmd.h:17:43:\x1b[m\x1b[K \x1b[01;35m\x1b[Kwarning: \x1b[m\x1b[Kunsigned conversion from \xe2\x80\x98\x1b[01m\x1b[Kint\x1b[m\x1b[K\xe2\x80\x99 to \xe2\x80\x98\x1b[01m\x1b[Kuint8_t\x1b[m\x1b[K\xe2\x80\x99 {aka \xe2\x80\x98\x1b[01m\x1b[Kunsigned char\x1b[m\x1b[K\xe2\x80\x99} changes value from \xe2\x80\x98\x1b[01m\x1b[K260\x1b[m\x1b[K\xe2\x80\x99 to \xe2\x80\x98\x1b[01m\x1b[K4\x1b[m\x1b[K\xe2\x80\x99 [\x1b[01;35m\x1b[K\x1b]8;;https://gcc.gnu.org/onlinedocs/gcc/Warning-Options.html#index-Woverflow\x07-Woverflow\x1b]8;;\x07\x1b[m\x1b[K]\n'}
[8.189907] (usb_device_driver) StderrLine: {'line': b'   17 | #define MAVLINK_MSG_ID_DOG_MOTORS_CMD_LEN \x1b[01;35m\x1b[K260\x1b[m\x1b[K\n'}
[8.189946] (usb_device_driver) StderrLine: {'line': b'      |                                           \x1b[01;35m\x1b[K^~~\x1b[m\x1b[K\n'}
[8.189983] (usb_device_driver) StderrLine: {'line': b'\x1b[01m\x1b[K/home/miles/usb_ros2_ws/src/usb_device_driver/generated/include/mavlink/v2.0/robot_dog/./mavlink_msg_dog_motors_cmd.h:196:117:\x1b[m\x1b[K \x1b[01;36m\x1b[Knote: \x1b[m\x1b[Kin expansion of macro \xe2\x80\x98\x1b[01m\x1b[KMAVLINK_MSG_ID_DOG_MOTORS_CMD_LEN\x1b[m\x1b[K\xe2\x80\x99\n'}
[8.190021] (usb_device_driver) StderrLine: {'line': b'  196 |     return mavlink_finalize_message_chan(msg, system_id, component_id, chan, MAVLINK_MSG_ID_DOG_MOTORS_CMD_MIN_LEN, \x1b[01;36m\x1b[KMAVLINK_MSG_ID_DOG_MOTORS_CMD_LEN\x1b[m\x1b[K, MAVLINK_MSG_ID_DOG_MOTORS_CMD_CRC);\n'}
[8.190059] (usb_device_driver) StderrLine: {'line': b'      |                                                                                                                     \x1b[01;36m\x1b[K^~~~~~~~~~~~~~~~~~~~~~~~~~~~~~~~~\x1b[m\x1b[K\n'}
[8.190097] (usb_device_driver) StderrLine: {'line': b'In file included from \x1b[01m\x1b[K/home/miles/usb_ros2_ws/src/usb_device_driver/generated/include/mavlink/v2.0/robot_dog/robot_dog.h:57\x1b[m\x1b[K,\n'}
[8.190138] (usb_device_driver) StderrLine: {'line': b'                 from \x1b[01m\x1b[K/home/miles/usb_ros2_ws/src/usb_device_driver/generated/include/mavlink/v2.0/robot_dog/mavlink.h:39\x1b[m\x1b[K,\n'}
[8.190187] (usb_device_driver) StderrLine: {'line': b'                 from \x1b[01m\x1b[K/home/miles/usb_ros2_ws/src/usb_device_driver/include/usb_device_driver/usb_reader_node.hpp:20\x1b[m\x1b[K,\n'}
[8.190234] (usb_device_driver) StderrLine: {'line': b'                 from \x1b[01m\x1b[K/home/miles/usb_ros2_ws/src/usb_device_driver/src/usb_reader_node.cpp:1\x1b[m\x1b[K:\n'}
[8.190274] (usb_device_driver) StderrLine: {'line': b'\x1b[01m\x1b[K/home/miles/usb_ros2_ws/src/usb_device_driver/generated/include/mavlink/v2.0/robot_dog/./mavlink_msg_dog_motors_cmd.h:\x1b[m\x1b[K In function \xe2\x80\x98\x1b[01m\x1b[Kvoid mavlink_msg_dog_motors_cmd_decode(const mavlink_message_t*, mavlink_dog_motors_cmd_t*)\x1b[m\x1b[K\xe2\x80\x99:\n'}
[8.190314] (usb_device_driver) StderrLine: {'line': b'\x1b[01m\x1b[K/home/miles/usb_ros2_ws/src/usb_device_driver/generated/include/mavlink/v2.0/robot_dog/./mavlink_msg_dog_motors_cmd.h:419:32:\x1b[m\x1b[K \x1b[01;35m\x1b[Kwarning: \x1b[m\x1b[Kcomparison is always true due to limited range of data type [\x1b[01;35m\x1b[K\x1b]8;;https://gcc.gnu.org/onlinedocs/gcc/Warning-Options.html#index-Wtype-limits\x07-Wtype-limits\x1b]8;;\x07\x1b[m\x1b[K]\n'}
[8.190355] (usb_device_driver) StderrLine: {'line': b'  419 |         uint8_t len = msg->len \x1b[01;35m\x1b[K<\x1b[m\x1b[K MAVLINK_MSG_ID_DOG_MOTORS_CMD_LEN? msg->len : MAVLINK_MSG_ID_DOG_MOTORS_CMD_LEN;\n'}
[8.190393] (usb_device_driver) StderrLine: {'line': b'      |                                \x1b[01;35m\x1b[K^\x1b[m\x1b[K\n'}
[8.190431] (usb_device_driver) StderrLine: {'line': b'In file included from \x1b[01m\x1b[K/home/miles/usb_ros2_ws/src/usb_device_driver/generated/include/mavlink/v2.0/robot_dog/robot_dog.h:58\x1b[m\x1b[K,\n'}
[8.190469] (usb_device_driver) StderrLine: {'line': b'                 from \x1b[01m\x1b[K/home/miles/usb_ros2_ws/src/usb_device_driver/generated/include/mavlink/v2.0/robot_dog/mavlink.h:39\x1b[m\x1b[K,\n'}
[8.190506] (usb_device_driver) StderrLine: {'line': b'                 from \x1b[01m\x1b[K/home/miles/usb_ros2_ws/src/usb_device_driver/include/usb_device_driver/usb_reader_node.hpp:20\x1b[m\x1b[K,\n'}
[8.190544] (usb_device_driver) StderrLine: {'line': b'                 from \x1b[01m\x1b[K/home/miles/usb_ros2_ws/src/usb_device_driver/src/usb_reader_node.cpp:1\x1b[m\x1b[K:\n'}
[8.190581] (usb_device_driver) StderrLine: {'line': b'\x1b[01m\x1b[K/home/miles/usb_ros2_ws/src/usb_device_driver/generated/include/mavlink/v2.0/robot_dog/./mavlink_msg_dog_motors_state.h:\x1b[m\x1b[K In function \xe2\x80\x98\x1b[01m\x1b[Kuint16_t mavlink_msg_dog_motors_state_pack(uint8_t, uint8_t, mavlink_message_t*, uint64_t, const uint8_t*, const float*, const float*, const float*, const float*, const float*, const uint8_t*)\x1b[m\x1b[K\xe2\x80\x99:\n'}
[8.190620] (usb_device_driver) StderrLine: {'line': b'\x1b[01m\x1b[K/home/miles/usb_ros2_ws/src/usb_device_driver/generated/include/mavlink/v2.0/robot_dog/./mavlink_msg_dog_motors_state.h:19:49:\x1b[m\x1b[K \x1b[01;35m\x1b[Kwarning: \x1b[m\x1b[Kunsigned conversion from \xe2\x80\x98\x1b[01m\x1b[Kint\x1b[m\x1b[K\xe2\x80\x99 to \xe2\x80\x98\x1b[01m\x1b[Kuint8_t\x1b[m\x1b[K\xe2\x80\x99 {aka \xe2\x80\x98\x1b[01m\x1b[Kunsigned char\x1b[m\x1b[K\xe2\x80\x99} changes value from \xe2\x80\x98\x1b[01m\x1b[K272\x1b[m\x1b[K\xe2\x80\x99 to \xe2\x80\x98\x1b[01m\x1b[K16\x1b[m\x1b[K\xe2\x80\x99 [\x1b[01;35m\x1b[K\x1b]8;;https://gcc.gnu.org/onlinedocs/gcc/Warning-Options.html#index-Woverflow\x07-Woverflow\x1b]8;;\x07\x1b[m\x1b[K]\n'}
[8.190671] (usb_device_driver) StderrLine: {'line': b'   19 | #define MAVLINK_MSG_ID_DOG_MOTORS_STATE_MIN_LEN \x1b[01;35m\x1b[K272\x1b[m\x1b[K\n'}
[8.190708] (usb_device_driver) StderrLine: {'line': b'      |                                                 \x1b[01;35m\x1b[K^~~\x1b[m\x1b[K\n'}
[8.190746] (usb_device_driver) StderrLine: {'line': b'\x1b[01m\x1b[K/home/miles/usb_ros2_ws/src/usb_device_driver/generated/include/mavlink/v2.0/robot_dog/./mavlink_msg_dog_motors_state.h:109:67:\x1b[m\x1b[K \x1b[01;36m\x1b[Knote: \x1b[m\x1b[Kin expansion of macro \xe2\x80\x98\x1b[01m\x1b[KMAVLINK_MSG_ID_DOG_MOTORS_STATE_MIN_LEN\x1b[m\x1b[K\xe2\x80\x99\n'}
[8.190788] (usb_device_driver) StderrLine: {'line': b'  109 |     return mavlink_finalize_message(msg, system_id, component_id, \x1b[01;36m\x1b[KMAVLINK_MSG_ID_DOG_MOTORS_STATE_MIN_LEN\x1b[m\x1b[K, MAVLINK_MSG_ID_DOG_MOTORS_STATE_LEN, MAVLINK_MSG_ID_DOG_MOTORS_STATE_CRC);\n'}
[8.190832] (usb_device_driver) StderrLine: {'line': b'      |                                                                   \x1b[01;36m\x1b[K^~~~~~~~~~~~~~~~~~~~~~~~~~~~~~~~~~~~~~~\x1b[m\x1b[K\n'}
[8.190870] (usb_device_driver) StderrLine: {'line': b'\x1b[01m\x1b[K/home/miles/usb_ros2_ws/src/usb_device_driver/generated/include/mavlink/v2.0/robot_dog/./mavlink_msg_dog_motors_state.h:18:45:\x1b[m\x1b[K \x1b[01;35m\x1b[Kwarning: \x1b[m\x1b[Kunsigned conversion from \xe2\x80\x98\x1b[01m\x1b[Kint\x1b[m\x1b[K\xe2\x80\x99 to \xe2\x80\x98\x1b[01m\x1b[Kuint8_t\x1b[m\x1b[K\xe2\x80\x99 {aka \xe2\x80\x98\x1b[01m\x1b[Kunsigned char\x1b[m\x1b[K\xe2\x80\x99} changes value from \xe2\x80\x98\x1b[01m\x1b[K272\x1b[m\x1b[K\xe2\x80\x99 to \xe2\x80\x98\x1b[01m\x1b[K16\x1b[m\x1b[K\xe2\x80\x99 [\x1b[01;35m\x1b[K\x1b]8;;https://gcc.gnu.org/onlinedocs/gcc/Warning-Options.html#index-Woverflow\x07-Woverflow\x1b]8;;\x07\x1b[m\x1b[K]\n'}
[8.190910] (usb_device_driver) StderrLine: {'line': b'   18 | #define MAVLINK_MSG_ID_DOG_MOTORS_STATE_LEN \x1b[01;35m\x1b[K272\x1b[m\x1b[K\n'}
[8.190947] (usb_device_driver) StderrLine: {'line': b'      |                                             \x1b[01;35m\x1b[K^~~\x1b[m\x1b[K\n'}
[8.190985] (usb_device_driver) StderrLine: {'line': b'\x1b[01m\x1b[K/home/miles/usb_ros2_ws/src/usb_device_driver/generated/include/mavlink/v2.0/robot_dog/./mavlink_msg_dog_motors_state.h:109:108:\x1b[m\x1b[K \x1b[01;36m\x1b[Knote: \x1b[m\x1b[Kin expansion of macro \xe2\x80\x98\x1b[01m\x1b[KMAVLINK_MSG_ID_DOG_MOTORS_STATE_LEN\x1b[m\x1b[K\xe2\x80\x99\n'}
[8.191031] (usb_device_driver) StderrLine: {'line': b'  109 |     return mavlink_finalize_message(msg, system_id, component_id, MAVLINK_MSG_ID_DOG_MOTORS_STATE_MIN_LEN, \x1b[01;36m\x1b[KMAVLINK_MSG_ID_DOG_MOTORS_STATE_LEN\x1b[m\x1b[K, MAVLINK_MSG_ID_DOG_MOTORS_STATE_CRC);\n'}
[8.191073] (usb_device_driver) StderrLine: {'line': b'      |                                                                                                            \x1b[01;36m\x1b[K^~~~~~~~~~~~~~~~~~~~~~~~~~~~~~~~~~~\x1b[m\x1b[K\n'}
[8.191112] (usb_device_driver) StderrLine: {'line': b'\x1b[01m\x1b[K/home/miles/usb_ros2_ws/src/usb_device_driver/generated/include/mavlink/v2.0/robot_dog/./mavlink_msg_dog_motors_state.h:\x1b[m\x1b[K In function \xe2\x80\x98\x1b[01m\x1b[Kuint16_t mavlink_msg_dog_motors_state_pack_status(uint8_t, uint8_t, mavlink_status_t*, mavlink_message_t*, uint64_t, const uint8_t*, const float*, const float*, const float*, const float*, const float*, const uint8_t*)\x1b[m\x1b[K\xe2\x80\x99:\n'}
[8.191152] (usb_device_driver) StderrLine: {'line': b'\x1b[01m\x1b[K/home/miles/usb_ros2_ws/src/usb_device_driver/generated/include/mavlink/v2.0/robot_dog/./mavlink_msg_dog_motors_state.h:19:49:\x1b[m\x1b[K \x1b[01;35m\x1b[Kwarning: \x1b[m\x1b[Kunsigned conversion from \xe2\x80\x98\x1b[01m\x1b[Kint\x1b[m\x1b[K\xe2\x80\x99 to \xe2\x80\x98\x1b[01m\x1b[Kuint8_t\x1b[m\x1b[K\xe2\x80\x99 {aka \xe2\x80\x98\x1b[01m\x1b[Kunsigned char\x1b[m\x1b[K\xe2\x80\x99} changes value from \xe2\x80\x98\x1b[01m\x1b[K272\x1b[m\x1b[K\xe2\x80\x99 to \xe2\x80\x98\x1b[01m\x1b[K16\x1b[m\x1b[K\xe2\x80\x99 [\x1b[01;35m\x1b[K\x1b]8;;https://gcc.gnu.org/onlinedocs/gcc/Warning-Options.html#index-Woverflow\x07-Woverflow\x1b]8;;\x07\x1b[m\x1b[K]\n'}
[8.191204] (usb_device_driver) StderrLine: {'line': b'   19 | #define MAVLINK_MSG_ID_DOG_MOTORS_STATE_MIN_LEN \x1b[01;35m\x1b[K272\x1b[m\x1b[K\n'}
[8.191246] (usb_device_driver) StderrLine: {'line': b'      |                                                 \x1b[01;35m\x1b[K^~~\x1b[m\x1b[K\n'}
[8.191284] (usb_device_driver) StderrLine: {'line': b'\x1b[01m\x1b[K/home/miles/usb_ros2_ws/src/usb_device_driver/generated/include/mavlink/v2.0/robot_dog/./mavlink_msg_dog_motors_state.h:158:83:\x1b[m\x1b[K \x1b[01;36m\x1b[Knote: \x1b[m\x1b[Kin expansion of macro \xe2\x80\x98\x1b[01m\x1b[KMAVLINK_MSG_ID_DOG_MOTORS_STATE_MIN_LEN\x1b[m\x1b[K\xe2\x80\x99\n'}
[8.191328] (usb_device_driver) StderrLine: {'line': b'  158 |     return mavlink_finalize_message_buffer(msg, system_id, component_id, _status, \x1b[01;36m\x1b[KMAVLINK_MSG_ID_DOG_MOTORS_STATE_MIN_LEN\x1b[m\x1b[K, MAVLINK_MSG_ID_DOG_MOTORS_STATE_LEN, MAVLINK_MSG_ID_DOG_MOTORS_STATE_CRC);\n'}
[8.191367] (usb_device_driver) StderrLine: {'line': b'      |                                                                                   \x1b[01;36m\x1b[K^~~~~~~~~~~~~~~~~~~~~~~~~~~~~~~~~~~~~~~\x1b[m\x1b[K\n'}
[8.191404] (usb_device_driver) StderrLine: {'line': b'\x1b[01m\x1b[K/home/miles/usb_ros2_ws/src/usb_device_driver/generated/include/mavlink/v2.0/robot_dog/./mavlink_msg_dog_motors_state.h:18:45:\x1b[m\x1b[K \x1b[01;35m\x1b[Kwarning: \x1b[m\x1b[Kunsigned conversion from \xe2\x80\x98\x1b[01m\x1b[Kint\x1b[m\x1b[K\xe2\x80\x99 to \xe2\x80\x98\x1b[01m\x1b[Kuint8_t\x1b[m\x1b[K\xe2\x80\x99 {aka \xe2\x80\x98\x1b[01m\x1b[Kunsigned char\x1b[m\x1b[K\xe2\x80\x99} changes value from \xe2\x80\x98\x1b[01m\x1b[K272\x1b[m\x1b[K\xe2\x80\x99 to \xe2\x80\x98\x1b[01m\x1b[K16\x1b[m\x1b[K\xe2\x80\x99 [\x1b[01;35m\x1b[K\x1b]8;;https://gcc.gnu.org/onlinedocs/gcc/Warning-Options.html#index-Woverflow\x07-Woverflow\x1b]8;;\x07\x1b[m\x1b[K]\n'}
[8.191447] (usb_device_driver) StderrLine: {'line': b'   18 | #define MAVLINK_MSG_ID_DOG_MOTORS_STATE_LEN \x1b[01;35m\x1b[K272\x1b[m\x1b[K\n'}
[8.191484] (usb_device_driver) StderrLine: {'line': b'      |                                             \x1b[01;35m\x1b[K^~~\x1b[m\x1b[K\n'}
[8.191521] (usb_device_driver) StderrLine: {'line': b'\x1b[01m\x1b[K/home/miles/usb_ros2_ws/src/usb_device_driver/generated/include/mavlink/v2.0/robot_dog/./mavlink_msg_dog_motors_state.h:158:124:\x1b[m\x1b[K \x1b[01;36m\x1b[Knote: \x1b[m\x1b[Kin expansion of macro \xe2\x80\x98\x1b[01m\x1b[KMAVLINK_MSG_ID_DOG_MOTORS_STATE_LEN\x1b[m\x1b[K\xe2\x80\x99\n'}
[8.191558] (usb_device_driver) StderrLine: {'line': b'  158 |     return mavlink_finalize_message_buffer(msg, system_id, component_id, _status, MAVLINK_MSG_ID_DOG_MOTORS_STATE_MIN_LEN, \x1b[01;36m\x1b[KMAVLINK_MSG_ID_DOG_MOTORS_STATE_LEN\x1b[m\x1b[K, MAVLINK_MSG_ID_DOG_MOTORS_STATE_CRC);\n'}
[8.191600] (usb_device_driver) StderrLine: {'line': b'      |                                                                                                                            \x1b[01;36m\x1b[K^~~~~~~~~~~~~~~~~~~~~~~~~~~~~~~~~~~\x1b[m\x1b[K\n'}
[8.191638] (usb_device_driver) StderrLine: {'line': b'\x1b[01m\x1b[K/home/miles/usb_ros2_ws/src/usb_device_driver/generated/include/mavlink/v2.0/robot_dog/./mavlink_msg_dog_motors_state.h:\x1b[m\x1b[K In function \xe2\x80\x98\x1b[01m\x1b[Kuint16_t mavlink_msg_dog_motors_state_pack_chan(uint8_t, uint8_t, uint8_t, mavlink_message_t*, uint64_t, const uint8_t*, const float*, const float*, const float*, const float*, const float*, const uint8_t*)\x1b[m\x1b[K\xe2\x80\x99:\n'}
[8.191678] (usb_device_driver) StderrLine: {'line': b'\x1b[01m\x1b[K/home/miles/usb_ros2_ws/src/usb_device_driver/generated/include/mavlink/v2.0/robot_dog/./mavlink_msg_dog_motors_state.h:19:49:\x1b[m\x1b[K \x1b[01;35m\x1b[Kwarning: \x1b[m\x1b[Kunsigned conversion from \xe2\x80\x98\x1b[01m\x1b[Kint\x1b[m\x1b[K\xe2\x80\x99 to \xe2\x80\x98\x1b[01m\x1b[Kuint8_t\x1b[m\x1b[K\xe2\x80\x99 {aka \xe2\x80\x98\x1b[01m\x1b[Kunsigned char\x1b[m\x1b[K\xe2\x80\x99} changes value from \xe2\x80\x98\x1b[01m\x1b[K272\x1b[m\x1b[K\xe2\x80\x99 to \xe2\x80\x98\x1b[01m\x1b[K16\x1b[m\x1b[K\xe2\x80\x99 [\x1b[01;35m\x1b[K\x1b]8;;https://gcc.gnu.org/onlinedocs/gcc/Warning-Options.html#index-Woverflow\x07-Woverflow\x1b]8;;\x07\x1b[m\x1b[K]\n'}
[8.191720] (usb_device_driver) StderrLine: {'line': b'   19 | #define MAVLINK_MSG_ID_DOG_MOTORS_STATE_MIN_LEN \x1b[01;35m\x1b[K272\x1b[m\x1b[K\n'}
[8.191761] (usb_device_driver) StderrLine: {'line': b'      |                                                 \x1b[01;35m\x1b[K^~~\x1b[m\x1b[K\n'}
[8.191798] (usb_device_driver) StderrLine: {'line': b'\x1b[01m\x1b[K/home/miles/usb_ros2_ws/src/usb_device_driver/generated/include/mavlink/v2.0/robot_dog/./mavlink_msg_dog_motors_state.h:209:78:\x1b[m\x1b[K \x1b[01;36m\x1b[Knote: \x1b[m\x1b[Kin expansion of macro \xe2\x80\x98\x1b[01m\x1b[KMAVLINK_MSG_ID_DOG_MOTORS_STATE_MIN_LEN\x1b[m\x1b[K\xe2\x80\x99\n'}
[8.191842] (usb_device_driver) StderrLine: {'line': b'  209 |     return mavlink_finalize_message_chan(msg, system_id, component_id, chan, \x1b[01;36m\x1b[KMAVLINK_MSG_ID_DOG_MOTORS_STATE_MIN_LEN\x1b[m\x1b[K, MAVLINK_MSG_ID_DOG_MOTORS_STATE_LEN, MAVLINK_MSG_ID_DOG_MOTORS_STATE_CRC);\n'}
[8.191880] (usb_device_driver) StderrLine: {'line': b'      |                                                                              \x1b[01;36m\x1b[K^~~~~~~~~~~~~~~~~~~~~~~~~~~~~~~~~~~~~~~\x1b[m\x1b[K\n'}
[8.191917] (usb_device_driver) StderrLine: {'line': b'\x1b[01m\x1b[K/home/miles/usb_ros2_ws/src/usb_device_driver/generated/include/mavlink/v2.0/robot_dog/./mavlink_msg_dog_motors_state.h:18:45:\x1b[m\x1b[K \x1b[01;35m\x1b[Kwarning: \x1b[m\x1b[Kunsigned conversion from \xe2\x80\x98\x1b[01m\x1b[Kint\x1b[m\x1b[K\xe2\x80\x99 to \xe2\x80\x98\x1b[01m\x1b[Kuint8_t\x1b[m\x1b[K\xe2\x80\x99 {aka \xe2\x80\x98\x1b[01m\x1b[Kunsigned char\x1b[m\x1b[K\xe2\x80\x99} changes value from \xe2\x80\x98\x1b[01m\x1b[K272\x1b[m\x1b[K\xe2\x80\x99 to \xe2\x80\x98\x1b[01m\x1b[K16\x1b[m\x1b[K\xe2\x80\x99 [\x1b[01;35m\x1b[K\x1b]8;;https://gcc.gnu.org/onlinedocs/gcc/Warning-Options.html#index-Woverflow\x07-Woverflow\x1b]8;;\x07\x1b[m\x1b[K]\n'}
[8.191955] (usb_device_driver) StderrLine: {'line': b'   18 | #define MAVLINK_MSG_ID_DOG_MOTORS_STATE_LEN \x1b[01;35m\x1b[K272\x1b[m\x1b[K\n'}
[8.191992] (usb_device_driver) StderrLine: {'line': b'      |                                             \x1b[01;35m\x1b[K^~~\x1b[m\x1b[K\n'}
[8.192028] (usb_device_driver) StderrLine: {'line': b'\x1b[01m\x1b[K/home/miles/usb_ros2_ws/src/usb_device_driver/generated/include/mavlink/v2.0/robot_dog/./mavlink_msg_dog_motors_state.h:209:119:\x1b[m\x1b[K \x1b[01;36m\x1b[Knote: \x1b[m\x1b[Kin expansion of macro \xe2\x80\x98\x1b[01m\x1b[KMAVLINK_MSG_ID_DOG_MOTORS_STATE_LEN\x1b[m\x1b[K\xe2\x80\x99\n'}
[8.192065] (usb_device_driver) StderrLine: {'line': b'  209 |     return mavlink_finalize_message_chan(msg, system_id, component_id, chan, MAVLINK_MSG_ID_DOG_MOTORS_STATE_MIN_LEN, \x1b[01;36m\x1b[KMAVLINK_MSG_ID_DOG_MOTORS_STATE_LEN\x1b[m\x1b[K, MAVLINK_MSG_ID_DOG_MOTORS_STATE_CRC);\n'}
[8.192101] (usb_device_driver) StderrLine: {'line': b'      |                                                                                                                       \x1b[01;36m\x1b[K^~~~~~~~~~~~~~~~~~~~~~~~~~~~~~~~~~~\x1b[m\x1b[K\n'}
[8.192138] (usb_device_driver) StderrLine: {'line': b'In file included from \x1b[01m\x1b[K/home/miles/usb_ros2_ws/src/usb_device_driver/generated/include/mavlink/v2.0/robot_dog/robot_dog.h:58\x1b[m\x1b[K,\n'}
[8.192182] (usb_device_driver) StderrLine: {'line': b'                 from \x1b[01m\x1b[K/home/miles/usb_ros2_ws/src/usb_device_driver/generated/include/mavlink/v2.0/robot_dog/mavlink.h:39\x1b[m\x1b[K,\n'}
[8.192230] (usb_device_driver) StderrLine: {'line': b'                 from \x1b[01m\x1b[K/home/miles/usb_ros2_ws/src/usb_device_driver/include/usb_device_driver/usb_reader_node.hpp:20\x1b[m\x1b[K,\n'}
[8.192268] (usb_device_driver) StderrLine: {'line': b'                 from \x1b[01m\x1b[K/home/miles/usb_ros2_ws/src/usb_device_driver/src/usb_reader_node.cpp:1\x1b[m\x1b[K:\n'}
[8.192306] (usb_device_driver) StderrLine: {'line': b'\x1b[01m\x1b[K/home/miles/usb_ros2_ws/src/usb_device_driver/generated/include/mavlink/v2.0/robot_dog/./mavlink_msg_dog_motors_state.h:\x1b[m\x1b[K In function \xe2\x80\x98\x1b[01m\x1b[Kuint16_t mavlink_msg_dog_motors_state_get_statuses(const mavlink_message_t*, uint8_t*)\x1b[m\x1b[K\xe2\x80\x99:\n'}
[8.192346] (usb_device_driver) StderrLine: {'line': b'\x1b[01m\x1b[K/home/miles/usb_ros2_ws/src/usb_device_driver/generated/include/mavlink/v2.0/robot_dog/./mavlink_msg_dog_motors_state.h:427:58:\x1b[m\x1b[K \x1b[01;35m\x1b[Kwarning: \x1b[m\x1b[Kunsigned conversion from \xe2\x80\x98\x1b[01m\x1b[Kint\x1b[m\x1b[K\xe2\x80\x99 to \xe2\x80\x98\x1b[01m\x1b[Kuint8_t\x1b[m\x1b[K\xe2\x80\x99 {aka \xe2\x80\x98\x1b[01m\x1b[Kunsigned char\x1b[m\x1b[K\xe2\x80\x99} changes value from \xe2\x80\x98\x1b[01m\x1b[K260\x1b[m\x1b[K\xe2\x80\x99 to \xe2\x80\x98\x1b[01m\x1b[K4\x1b[m\x1b[K\xe2\x80\x99 [\x1b[01;35m\x1b[K\x1b]8;;https://gcc.gnu.org/onlinedocs/gcc/Warning-Options.html#index-Woverflow\x07-Woverflow\x1b]8;;\x07\x1b[m\x1b[K]\n'}
[8.192394] (usb_device_driver) StderrLine: {'line': b'  427 |     return _MAV_RETURN_uint8_t_array(msg, statuses, 12,  \x1b[01;35m\x1b[K260\x1b[m\x1b[K);\n'}
[8.192432] (usb_device_driver) StderrLine: {'line': b'      |                                                          \x1b[01;35m\x1b[K^~~\x1b[m\x1b[K\n'}
[8.192469] (usb_device_driver) StderrLine: {'line': b'\x1b[01m\x1b[K/home/miles/usb_ros2_ws/src/usb_device_driver/generated/include/mavlink/v2.0/robot_dog/./mavlink_msg_dog_motors_state.h:\x1b[m\x1b[K In function \xe2\x80\x98\x1b[01m\x1b[Kvoid mavlink_msg_dog_motors_state_decode(const mavlink_message_t*, mavlink_dog_motors_state_t*)\x1b[m\x1b[K\xe2\x80\x99:\n'}
[8.192510] (usb_device_driver) StderrLine: {'line': b'\x1b[01m\x1b[K/home/miles/usb_ros2_ws/src/usb_device_driver/generated/include/mavlink/v2.0/robot_dog/./mavlink_msg_dog_motors_state.h:448:32:\x1b[m\x1b[K \x1b[01;35m\x1b[Kwarning: \x1b[m\x1b[Kcomparison is always true due to limited range of data type [\x1b[01;35m\x1b[K\x1b]8;;https://gcc.gnu.org/onlinedocs/gcc/Warning-Options.html#index-Wtype-limits\x07-Wtype-limits\x1b]8;;\x07\x1b[m\x1b[K]\n'}
[8.192550] (usb_device_driver) StderrLine: {'line': b'  448 |         uint8_t len = msg->len \x1b[01;35m\x1b[K<\x1b[m\x1b[K MAVLINK_MSG_ID_DOG_MOTORS_STATE_LEN? msg->len : MAVLINK_MSG_ID_DOG_MOTORS_STATE_LEN;\n'}
[8.192596] (usb_device_driver) StderrLine: {'line': b'      |                                \x1b[01;35m\x1b[K^\x1b[m\x1b[K\n'}
[8.232743] (-) TimerEvent: {}
[8.333101] (-) TimerEvent: {}
[8.362970] (usb_device_driver) StderrLine: {'line': b'\x1b[01m\x1b[K/home/miles/usb_ros2_ws/src/usb_device_driver/src/usb_reader_node.cpp:\x1b[m\x1b[K In constructor \xe2\x80\x98\x1b[01m\x1b[Kusb_device_driver::USBReaderNode::USBReaderNode(const rclcpp::NodeOptions&)\x1b[m\x1b[K\xe2\x80\x99:\n'}
[8.363358] (usb_device_driver) StderrLine: {'line': b'\x1b[01m\x1b[K/home/miles/usb_ros2_ws/src/usb_device_driver/src/usb_reader_node.cpp:28:9:\x1b[m\x1b[K \x1b[01;31m\x1b[Kerror: \x1b[m\x1b[K\xe2\x80\x98\x1b[01m\x1b[Kmotors_states_pub_\x1b[m\x1b[K\xe2\x80\x99 was not declared in this scope; did you mean \xe2\x80\x98\x1b[01m\x1b[Kmotor_states_pub_\x1b[m\x1b[K\xe2\x80\x99?\n'}
[8.363428] (usb_device_driver) StderrLine: {'line': b'   28 |         \x1b[01;31m\x1b[Kmotors_states_pub_\x1b[m\x1b[K = this->create_publisher<usb_device_driver::msg::MotorsStates>(\n'}
[8.363475] (usb_device_driver) StderrLine: {'line': b'      |         \x1b[01;31m\x1b[K^~~~~~~~~~~~~~~~~~\x1b[m\x1b[K\n'}
[8.363520] (usb_device_driver) StderrLine: {'line': b'      |         \x1b[32m\x1b[Kmotor_states_pub_\x1b[m\x1b[K\n'}
[8.363562] (usb_device_driver) StderrLine: {'line': b'\x1b[01m\x1b[K/home/miles/usb_ros2_ws/src/usb_device_driver/src/usb_reader_node.cpp:30:74:\x1b[m\x1b[K \x1b[01;31m\x1b[Kerror: \x1b[m\x1b[K\xe2\x80\x98\x1b[01m\x1b[KImuData\x1b[m\x1b[K\xe2\x80\x99 is not a member of \xe2\x80\x98\x1b[01m\x1b[Kusb_device_driver::msg\x1b[m\x1b[K\xe2\x80\x99; did you mean \xe2\x80\x98\x1b[01m\x1b[KIMUData\x1b[m\x1b[K\xe2\x80\x99?\n'}
[8.363609] (usb_device_driver) StderrLine: {'line': b'   30 |         imu_states_pub_ = this->create_publisher<usb_device_driver::msg::\x1b[01;31m\x1b[KImuData\x1b[m\x1b[K>(\n'}
[8.363650] (usb_device_driver) StderrLine: {'line': b'      |                                                                          \x1b[01;31m\x1b[K^~~~~~~\x1b[m\x1b[K\n'}
[8.363708] (usb_device_driver) StderrLine: {'line': b'      |                                                                          \x1b[32m\x1b[KIMUData\x1b[m\x1b[K\n'}
[8.363749] (usb_device_driver) StderrLine: {'line': b'\x1b[01m\x1b[K/home/miles/usb_ros2_ws/src/usb_device_driver/src/usb_reader_node.cpp:30:82:\x1b[m\x1b[K \x1b[01;31m\x1b[Kerror: \x1b[m\x1b[Kno matching function for call to \xe2\x80\x98\x1b[01m\x1b[Kusb_device_driver::USBReaderNode::create_publisher<<expression error> >(const char [14], int)\x1b[m\x1b[K\xe2\x80\x99\n'}
[8.363791] (usb_device_driver) StderrLine: {'line': b'   30 |         imu_states_pub_ = \x1b[01;31m\x1b[Kthis->create_publisher<usb_device_driver::msg::ImuData>(\x1b[m\x1b[K\n'}
[8.363830] (usb_device_driver) StderrLine: {'line': b'      |                           \x1b[01;31m\x1b[K~~~~~~~~~~~~~~~~~~~~~~~~~~~~~~~~~~~~~~~~~~~~~~~~~~~~~~~^\x1b[m\x1b[K\n'}
[8.363866] (usb_device_driver) StderrLine: {'line': b'   31 | \x1b[01;31m\x1b[K            "/usb/imu_data", 10)\x1b[m\x1b[K;\n'}
[8.363902] (usb_device_driver) StderrLine: {'line': b'      |             \x1b[01;31m\x1b[K~~~~~~~~~~~~~~~~~~~~\x1b[m\x1b[K                                                  \n'}
[8.363939] (usb_device_driver) StderrLine: {'line': b'In file included from \x1b[01m\x1b[K/opt/ros/humble/include/rclcpp/rclcpp/node.hpp:1321\x1b[m\x1b[K,\n'}
[8.363977] (usb_device_driver) StderrLine: {'line': b'                 from \x1b[01m\x1b[K/opt/ros/humble/include/rclcpp/rclcpp/executors/single_threaded_executor.hpp:28\x1b[m\x1b[K,\n'}
[8.364022] (usb_device_driver) StderrLine: {'line': b'                 from \x1b[01m\x1b[K/opt/ros/humble/include/rclcpp/rclcpp/executors.hpp:22\x1b[m\x1b[K,\n'}
[8.364059] (usb_device_driver) StderrLine: {'line': b'                 from \x1b[01m\x1b[K/opt/ros/humble/include/rclcpp/rclcpp/rclcpp.hpp:155\x1b[m\x1b[K,\n'}
[8.364097] (usb_device_driver) StderrLine: {'line': b'                 from \x1b[01m\x1b[K/home/miles/usb_ros2_ws/src/usb_device_driver/include/usb_device_driver/usb_reader_node.hpp:4\x1b[m\x1b[K,\n'}
[8.364133] (usb_device_driver) StderrLine: {'line': b'                 from \x1b[01m\x1b[K/home/miles/usb_ros2_ws/src/usb_device_driver/src/usb_reader_node.cpp:1\x1b[m\x1b[K:\n'}
[8.364170] (usb_device_driver) StderrLine: {'line': b'\x1b[01m\x1b[K/opt/ros/humble/include/rclcpp/rclcpp/node_impl.hpp:73:1:\x1b[m\x1b[K \x1b[01;36m\x1b[Knote: \x1b[m\x1b[Kcandidate: \xe2\x80\x98\x1b[01m\x1b[Ktemplate<class MessageT, class AllocatorT, class PublisherT> std::shared_ptr<PublisherT> rclcpp::Node::create_publisher(const string&, const rclcpp::QoS&, const rclcpp::PublisherOptionsWithAllocator<AllocatorT>&)\x1b[m\x1b[K\xe2\x80\x99\n'}
[8.364227] (usb_device_driver) StderrLine: {'line': b'   73 | \x1b[01;36m\x1b[KNode\x1b[m\x1b[K::create_publisher(\n'}
[8.364271] (usb_device_driver) StderrLine: {'line': b'      | \x1b[01;36m\x1b[K^~~~\x1b[m\x1b[K\n'}
[8.364311] (usb_device_driver) StderrLine: {'line': b'\x1b[01m\x1b[K/opt/ros/humble/include/rclcpp/rclcpp/node_impl.hpp:73:1:\x1b[m\x1b[K \x1b[01;36m\x1b[Knote: \x1b[m\x1b[K  template argument deduction/substitution failed:\n'}
[8.364349] (usb_device_driver) StderrLine: {'line': b'\x1b[01m\x1b[K/home/miles/usb_ros2_ws/src/usb_device_driver/src/usb_reader_node.cpp:30:82:\x1b[m\x1b[K \x1b[01;31m\x1b[Kerror: \x1b[m\x1b[Ktemplate argument 1 is invalid\n'}
[8.364390] (usb_device_driver) StderrLine: {'line': b'   30 |         imu_states_pub_ = \x1b[01;31m\x1b[Kthis->create_publisher<usb_device_driver::msg::ImuData>(\x1b[m\x1b[K\n'}
[8.364430] (usb_device_driver) StderrLine: {'line': b'      |                           \x1b[01;31m\x1b[K~~~~~~~~~~~~~~~~~~~~~~~~~~~~~~~~~~~~~~~~~~~~~~~~~~~~~~~^\x1b[m\x1b[K\n'}
[8.364468] (usb_device_driver) StderrLine: {'line': b'   31 | \x1b[01;31m\x1b[K            "/usb/imu_data", 10)\x1b[m\x1b[K;\n'}
[8.364507] (usb_device_driver) StderrLine: {'line': b'      |             \x1b[01;31m\x1b[K~~~~~~~~~~~~~~~~~~~~\x1b[m\x1b[K                                                  \n'}
[8.364544] (usb_device_driver) StderrLine: {'line': b'\x1b[01m\x1b[K/home/miles/usb_ros2_ws/src/usb_device_driver/src/usb_reader_node.cpp:34:52:\x1b[m\x1b[K \x1b[01;31m\x1b[Kerror: \x1b[m\x1b[K\xe2\x80\x98\x1b[01m\x1b[KhandleMotorCmd\x1b[m\x1b[K\xe2\x80\x99 is not a member of \xe2\x80\x98\x1b[01m\x1b[Kusb_device_driver::USBReaderNode\x1b[m\x1b[K\xe2\x80\x99\n'}
[8.364588] (usb_device_driver) StderrLine: {'line': b'   34 |             "/usb/motors_cmd", 10, &USBReaderNode::\x1b[01;31m\x1b[KhandleMotorCmd\x1b[m\x1b[K, this);\n'}
[8.364626] (usb_device_driver) StderrLine: {'line': b'      |                                                    \x1b[01;31m\x1b[K^~~~~~~~~~~~~~\x1b[m\x1b[K\n'}
[8.398279] (usb_device_driver) StderrLine: {'line': b'\x1b[01m\x1b[K/home/miles/usb_ros2_ws/src/usb_device_driver/src/usb_reader_node.cpp:\x1b[m\x1b[K In member function \xe2\x80\x98\x1b[01m\x1b[Kvoid usb_device_driver::USBReaderNode::readSerialThread()\x1b[m\x1b[K\xe2\x80\x99:\n'}
[8.398599] (usb_device_driver) StderrLine: {'line': b'\x1b[01m\x1b[K/home/miles/usb_ros2_ws/src/usb_device_driver/src/usb_reader_node.cpp:319:56:\x1b[m\x1b[K \x1b[01;31m\x1b[Kerror: \x1b[m\x1b[K\xe2\x80\x98\x1b[01m\x1b[Ktemp_buffer\x1b[m\x1b[K\xe2\x80\x99 was not declared in this scope; did you mean \xe2\x80\x98\x1b[01m\x1b[Ksetbuffer\x1b[m\x1b[K\xe2\x80\x99?\n'}
[8.398713] (usb_device_driver) StderrLine: {'line': b'  319 |                     const std::string& received_data = \x1b[01;31m\x1b[Ktemp_buffer\x1b[m\x1b[K;\n'}
[8.398820] (usb_device_driver) StderrLine: {'line': b'      |                                                        \x1b[01;31m\x1b[K^~~~~~~~~~~\x1b[m\x1b[K\n'}
[8.398913] (usb_device_driver) StderrLine: {'line': b'      |                                                        \x1b[32m\x1b[Ksetbuffer\x1b[m\x1b[K\n'}
[8.412069] (usb_device_driver) StderrLine: {'line': b'\x1b[01m\x1b[K/home/miles/usb_ros2_ws/src/usb_device_driver/src/usb_reader_node.cpp:\x1b[m\x1b[K In member function \xe2\x80\x98\x1b[01m\x1b[Kvoid usb_device_driver::USBReaderNode::sendMotorCmdToSerial(usb_device_driver::msg::MotorsCmd_<std::allocator<void> >::SharedPtr)\x1b[m\x1b[K\xe2\x80\x99:\n'}
[8.412425] (usb_device_driver) StderrLine: {'line': b'\x1b[01m\x1b[K/home/miles/usb_ros2_ws/src/usb_device_driver/src/usb_reader_node.cpp:525:9:\x1b[m\x1b[K \x1b[01;31m\x1b[Kerror: \x1b[m\x1b[K\xe2\x80\x98\x1b[01m\x1b[Kdog_motor_cmd\x1b[m\x1b[K\xe2\x80\x99 was not declared in this scope; did you mean \xe2\x80\x98\x1b[01m\x1b[Kdog_motors_cmd\x1b[m\x1b[K\xe2\x80\x99?\n'}
[8.412579] (usb_device_driver) StderrLine: {'line': b'  525 |         \x1b[01;31m\x1b[Kdog_motor_cmd\x1b[m\x1b[K.timestamp = std::chrono::duration_cast<std::chrono::nanoseconds>(std::chrono::high_resolution_clock::now().time_since_epoch()).count();\n'}
[8.412699] (usb_device_driver) StderrLine: {'line': b'      |         \x1b[01;31m\x1b[K^~~~~~~~~~~~~\x1b[m\x1b[K\n'}
[8.412801] (usb_device_driver) StderrLine: {'line': b'      |         \x1b[32m\x1b[Kdog_motors_cmd\x1b[m\x1b[K\n'}
[8.412891] (usb_device_driver) StderrLine: {'line': b'\x1b[01m\x1b[K/home/miles/usb_ros2_ws/src/usb_device_driver/src/usb_reader_node.cpp:530:28:\x1b[m\x1b[K \x1b[01;31m\x1b[Kerror: \x1b[m\x1b[K\xe2\x80\x98\x1b[01m\x1b[Kmavlink_dog_motors_cmd_t\x1b[m\x1b[K\xe2\x80\x99 {aka \xe2\x80\x98\x1b[01m\x1b[Kstruct __mavlink_dog_motors_cmd_t\x1b[m\x1b[K\xe2\x80\x99} has no member named \xe2\x80\x98\x1b[01m\x1b[Kmotor_ids\x1b[m\x1b[K\xe2\x80\x99; did you mean \xe2\x80\x98\x1b[01m\x1b[Kmotors_id\x1b[m\x1b[K\xe2\x80\x99?\n'}
[8.412985] (usb_device_driver) StderrLine: {'line': b'  530 |             dog_motors_cmd.\x1b[01;31m\x1b[Kmotor_ids\x1b[m\x1b[K[i] = msg->motor_ids[i];\n'}
[8.413074] (usb_device_driver) StderrLine: {'line': b'      |                            \x1b[01;31m\x1b[K^~~~~~~~~\x1b[m\x1b[K\n'}
[8.413161] (usb_device_driver) StderrLine: {'line': b'      |                            \x1b[32m\x1b[Kmotors_id\x1b[m\x1b[K\n'}
[8.413268] (usb_device_driver) StderrLine: {'line': b'\x1b[01m\x1b[K/home/miles/usb_ros2_ws/src/usb_device_driver/src/usb_reader_node.cpp:546:74:\x1b[m\x1b[K \x1b[01;31m\x1b[Kerror: \x1b[m\x1b[K\xe2\x80\x98\x1b[01m\x1b[Kmavlink_message_t\x1b[m\x1b[K\xe2\x80\x99 {aka \xe2\x80\x98\x1b[01m\x1b[Kstruct __mavlink_message\x1b[m\x1b[K\xe2\x80\x99} has no member named \xe2\x80\x98\x1b[01m\x1b[Kmsg\x1b[m\x1b[K\xe2\x80\x99; did you mean \xe2\x80\x98\x1b[01m\x1b[Kmsgid\x1b[m\x1b[K\xe2\x80\x99?\n'}
[8.413373] (usb_device_driver) StderrLine: {'line': b'  546 |                 serial_port_.Write(reinterpret_cast<const char*>(mav_msg.\x1b[01;31m\x1b[Kmsg\x1b[m\x1b[K), len);\n'}
[8.413417] (usb_device_driver) StderrLine: {'line': b'      |                                                                          \x1b[01;31m\x1b[K^~~\x1b[m\x1b[K\n'}
[8.413459] (usb_device_driver) StderrLine: {'line': b'      |                                                                          \x1b[32m\x1b[Kmsgid\x1b[m\x1b[K\n'}
[8.418602] (usb_device_driver) StderrLine: {'line': b'\x1b[01m\x1b[K/home/miles/usb_ros2_ws/src/usb_device_driver/src/usb_reader_node.cpp:\x1b[m\x1b[K In member function \xe2\x80\x98\x1b[01m\x1b[Kvoid usb_device_driver::USBReaderNode::handleReceivedMavlinkData(const uint8_t*, size_t)\x1b[m\x1b[K\xe2\x80\x99:\n'}
[8.418812] (usb_device_driver) StderrLine: {'line': b'\x1b[01m\x1b[K/home/miles/usb_ros2_ws/src/usb_device_driver/src/usb_reader_node.cpp:590:60:\x1b[m\x1b[K \x1b[01;31m\x1b[Kerror: \x1b[m\x1b[K\xe2\x80\x98\x1b[01m\x1b[Kdog_motor_state\x1b[m\x1b[K\xe2\x80\x99 was not declared in this scope; did you mean \xe2\x80\x98\x1b[01m\x1b[Kdog_motors_state\x1b[m\x1b[K\xe2\x80\x99?\n'}
[8.418946] (usb_device_driver) StderrLine: {'line': b'  590 |                             motor_state_msg.motor_ids[j] = \x1b[01;31m\x1b[Kdog_motor_state\x1b[m\x1b[K.motor_ids[j];\n'}
[8.419076] (usb_device_driver) StderrLine: {'line': b'      |                                                            \x1b[01;31m\x1b[K^~~~~~~~~~~~~~~\x1b[m\x1b[K\n'}
[8.419167] (usb_device_driver) StderrLine: {'line': b'      |                                                            \x1b[32m\x1b[Kdog_motors_state\x1b[m\x1b[K\n'}
[8.419437] (usb_device_driver) StderrLine: {'line': b'In file included from \x1b[01m\x1b[K/opt/ros/humble/include/rclcpp/rclcpp/logging.hpp:24\x1b[m\x1b[K,\n'}
[8.419501] (usb_device_driver) StderrLine: {'line': b'                 from \x1b[01m\x1b[K/opt/ros/humble/include/rclcpp/rclcpp/client.hpp:40\x1b[m\x1b[K,\n'}
[8.419550] (usb_device_driver) StderrLine: {'line': b'                 from \x1b[01m\x1b[K/opt/ros/humble/include/rclcpp/rclcpp/callback_group.hpp:24\x1b[m\x1b[K,\n'}
[8.419595] (usb_device_driver) StderrLine: {'line': b'                 from \x1b[01m\x1b[K/opt/ros/humble/include/rclcpp/rclcpp/any_executable.hpp:20\x1b[m\x1b[K,\n'}
[8.419637] (usb_device_driver) StderrLine: {'line': b'                 from \x1b[01m\x1b[K/opt/ros/humble/include/rclcpp/rclcpp/memory_strategy.hpp:25\x1b[m\x1b[K,\n'}
[8.419677] (usb_device_driver) StderrLine: {'line': b'                 from \x1b[01m\x1b[K/opt/ros/humble/include/rclcpp/rclcpp/memory_strategies.hpp:18\x1b[m\x1b[K,\n'}
[8.419715] (usb_device_driver) StderrLine: {'line': b'                 from \x1b[01m\x1b[K/opt/ros/humble/include/rclcpp/rclcpp/executor_options.hpp:20\x1b[m\x1b[K,\n'}
[8.419753] (usb_device_driver) StderrLine: {'line': b'                 from \x1b[01m\x1b[K/opt/ros/humble/include/rclcpp/rclcpp/executor.hpp:37\x1b[m\x1b[K,\n'}
[8.419790] (usb_device_driver) StderrLine: {'line': b'                 from \x1b[01m\x1b[K/opt/ros/humble/include/rclcpp/rclcpp/executors/multi_threaded_executor.hpp:25\x1b[m\x1b[K,\n'}
[8.419829] (usb_device_driver) StderrLine: {'line': b'                 from \x1b[01m\x1b[K/opt/ros/humble/include/rclcpp/rclcpp/executors.hpp:21\x1b[m\x1b[K,\n'}
[8.419868] (usb_device_driver) StderrLine: {'line': b'                 from \x1b[01m\x1b[K/opt/ros/humble/include/rclcpp/rclcpp/rclcpp.hpp:155\x1b[m\x1b[K,\n'}
[8.419906] (usb_device_driver) StderrLine: {'line': b'                 from \x1b[01m\x1b[K/home/miles/usb_ros2_ws/src/usb_device_driver/include/usb_device_driver/usb_reader_node.hpp:4\x1b[m\x1b[K,\n'}
[8.419956] (usb_device_driver) StderrLine: {'line': b'                 from \x1b[01m\x1b[K/home/miles/usb_ros2_ws/src/usb_device_driver/src/usb_reader_node.cpp:1\x1b[m\x1b[K:\n'}
[8.419997] (usb_device_driver) StderrLine: {'line': b'\x1b[01m\x1b[K/home/miles/usb_ros2_ws/src/usb_device_driver/src/usb_reader_node.cpp:604:61:\x1b[m\x1b[K \x1b[01;35m\x1b[Kwarning: \x1b[m\x1b[Kformat \xe2\x80\x98\x1b[01m\x1b[K%d\x1b[m\x1b[K\xe2\x80\x99 expects argument of type \xe2\x80\x98\x1b[01m\x1b[Kint\x1b[m\x1b[K\xe2\x80\x99, but argument 5 has type \xe2\x80\x98\x1b[01m\x1b[Ksize_t\x1b[m\x1b[K\xe2\x80\x99 {aka \xe2\x80\x98\x1b[01m\x1b[Klong unsigned int\x1b[m\x1b[K\xe2\x80\x99} [\x1b[01;35m\x1b[K\x1b]8;;https://gcc.gnu.org/onlinedocs/gcc/Warning-Options.html#index-Wformat=\x07-Wformat=\x1b]8;;\x07\x1b[m\x1b[K]\n'}
[8.420041] (usb_device_driver) StderrLine: {'line': b'  604 |                             RCLCPP_INFO(this->get_logger(), \x1b[01;35m\x1b[K"\xe5\x8f\x91\xe5\xb8\x83\xe7\x94\xb5\xe6\x9c\xba\xe7\x8a\xb6\xe6\x80\x81\xe6\xb6\x88\xe6\x81\xaf\xe5\x88\xb0ROS2:\xef\xbc\x8c\xe9\x95\xbf\xe5\xba\xa6\xef\xbc\x9a%d"\x1b[m\x1b[K, \x1b[32m\x1b[Klen\x1b[m\x1b[K);\n'}
[8.420156] (usb_device_driver) StderrLine: {'line': b'      |                                                             \x1b[01;35m\x1b[K^~~~~~~~~~~~~~~~~~~~~~~~~~~~~~~~~~~\x1b[m\x1b[K  \x1b[32m\x1b[K~~~\x1b[m\x1b[K\n'}
[8.420304] (usb_device_driver) StderrLine: {'line': b'      |                                                                                                  \x1b[32m\x1b[K|\x1b[m\x1b[K\n'}
[8.420353] (usb_device_driver) StderrLine: {'line': b'      |                                                                                                  \x1b[32m\x1b[Ksize_t {aka long unsigned int}\x1b[m\x1b[K\n'}
[8.420395] (usb_device_driver) StderrLine: {'line': b'\x1b[01m\x1b[K/home/miles/usb_ros2_ws/src/usb_device_driver/src/usb_reader_node.cpp:604:94:\x1b[m\x1b[K \x1b[01;36m\x1b[Knote: \x1b[m\x1b[Kformat string is defined here\n'}
[8.420435] (usb_device_driver) StderrLine: {'line': b'  604 |                             RCLCPP_INFO(this->get_logger(), "\xe5\x8f\x91\xe5\xb8\x83\xe7\x94\xb5\xe6\x9c\xba\xe7\x8a\xb6\xe6\x80\x81\xe6\xb6\x88\xe6\x81\xaf\xe5\x88\xb0ROS2:\xef\xbc\x8c\xe9\x95\xbf\xe5\xba\xa6\xef\xbc\x9a\x1b[01;36m\x1b[K%d\x1b[m\x1b[K", len);\n'}
[8.420474] (usb_device_driver) StderrLine: {'line': b'      |                                                                                             \x1b[01;36m\x1b[K~^\x1b[m\x1b[K\n'}
[8.420512] (usb_device_driver) StderrLine: {'line': b'      |                                                                                              \x1b[01;36m\x1b[K|\x1b[m\x1b[K\n'}
[8.420549] (usb_device_driver) StderrLine: {'line': b'      |                                                                                              \x1b[01;36m\x1b[Kint\x1b[m\x1b[K\n'}
[8.420593] (usb_device_driver) StderrLine: {'line': b'      |                                                                                             \x1b[32m\x1b[K%ld\x1b[m\x1b[K\n'}
[8.420641] (usb_device_driver) StderrLine: {'line': b'In file included from \x1b[01m\x1b[K/opt/ros/humble/include/rclcpp/rclcpp/logging.hpp:24\x1b[m\x1b[K,\n'}
[8.420684] (usb_device_driver) StderrLine: {'line': b'                 from \x1b[01m\x1b[K/opt/ros/humble/include/rclcpp/rclcpp/client.hpp:40\x1b[m\x1b[K,\n'}
[8.420723] (usb_device_driver) StderrLine: {'line': b'                 from \x1b[01m\x1b[K/opt/ros/humble/include/rclcpp/rclcpp/callback_group.hpp:24\x1b[m\x1b[K,\n'}
[8.420761] (usb_device_driver) StderrLine: {'line': b'                 from \x1b[01m\x1b[K/opt/ros/humble/include/rclcpp/rclcpp/any_executable.hpp:20\x1b[m\x1b[K,\n'}
[8.420800] (usb_device_driver) StderrLine: {'line': b'                 from \x1b[01m\x1b[K/opt/ros/humble/include/rclcpp/rclcpp/memory_strategy.hpp:25\x1b[m\x1b[K,\n'}
[8.420843] (usb_device_driver) StderrLine: {'line': b'                 from \x1b[01m\x1b[K/opt/ros/humble/include/rclcpp/rclcpp/memory_strategies.hpp:18\x1b[m\x1b[K,\n'}
[8.420889] (usb_device_driver) StderrLine: {'line': b'                 from \x1b[01m\x1b[K/opt/ros/humble/include/rclcpp/rclcpp/executor_options.hpp:20\x1b[m\x1b[K,\n'}
[8.420927] (usb_device_driver) StderrLine: {'line': b'                 from \x1b[01m\x1b[K/opt/ros/humble/include/rclcpp/rclcpp/executor.hpp:37\x1b[m\x1b[K,\n'}
[8.420968] (usb_device_driver) StderrLine: {'line': b'                 from \x1b[01m\x1b[K/opt/ros/humble/include/rclcpp/rclcpp/executors/multi_threaded_executor.hpp:25\x1b[m\x1b[K,\n'}
[8.421006] (usb_device_driver) StderrLine: {'line': b'                 from \x1b[01m\x1b[K/opt/ros/humble/include/rclcpp/rclcpp/executors.hpp:21\x1b[m\x1b[K,\n'}
[8.421042] (usb_device_driver) StderrLine: {'line': b'                 from \x1b[01m\x1b[K/opt/ros/humble/include/rclcpp/rclcpp/rclcpp.hpp:155\x1b[m\x1b[K,\n'}
[8.421079] (usb_device_driver) StderrLine: {'line': b'                 from \x1b[01m\x1b[K/home/miles/usb_ros2_ws/src/usb_device_driver/include/usb_device_driver/usb_reader_node.hpp:4\x1b[m\x1b[K,\n'}
[8.421115] (usb_device_driver) StderrLine: {'line': b'                 from \x1b[01m\x1b[K/home/miles/usb_ros2_ws/src/usb_device_driver/src/usb_reader_node.cpp:1\x1b[m\x1b[K:\n'}
[8.421151] (usb_device_driver) StderrLine: {'line': b'\x1b[01m\x1b[K/home/miles/usb_ros2_ws/src/usb_device_driver/src/usb_reader_node.cpp:643:61:\x1b[m\x1b[K \x1b[01;35m\x1b[Kwarning: \x1b[m\x1b[Kformat \xe2\x80\x98\x1b[01m\x1b[K%d\x1b[m\x1b[K\xe2\x80\x99 expects argument of type \xe2\x80\x98\x1b[01m\x1b[Kint\x1b[m\x1b[K\xe2\x80\x99, but argument 5 has type \xe2\x80\x98\x1b[01m\x1b[Ksize_t\x1b[m\x1b[K\xe2\x80\x99 {aka \xe2\x80\x98\x1b[01m\x1b[Klong unsigned int\x1b[m\x1b[K\xe2\x80\x99} [\x1b[01;35m\x1b[K\x1b]8;;https://gcc.gnu.org/onlinedocs/gcc/Warning-Options.html#index-Wformat=\x07-Wformat=\x1b]8;;\x07\x1b[m\x1b[K]\n'}
[8.421204] (usb_device_driver) StderrLine: {'line': b'  643 |                             RCLCPP_INFO(this->get_logger(), \x1b[01;35m\x1b[K"\xe5\x8f\x91\xe5\xb8\x83IMU\xe6\x95\xb0\xe6\x8d\xae\xe6\xb6\x88\xe6\x81\xaf\xe5\x88\xb0ROS2:\xef\xbc\x8c\xe9\x95\xbf\xe5\xba\xa6\xef\xbc\x9a%d"\x1b[m\x1b[K, \x1b[32m\x1b[Klen\x1b[m\x1b[K);\n'}
[8.421249] (usb_device_driver) StderrLine: {'line': b'      |                                                             \x1b[01;35m\x1b[K^~~~~~~~~~~~~~~~~~~~~~~~~~~~~~~~~~\x1b[m\x1b[K  \x1b[32m\x1b[K~~~\x1b[m\x1b[K\n'}
[8.421288] (usb_device_driver) StderrLine: {'line': b'      |                                                                                                 \x1b[32m\x1b[K|\x1b[m\x1b[K\n'}
[8.421325] (usb_device_driver) StderrLine: {'line': b'      |                                                                                                 \x1b[32m\x1b[Ksize_t {aka long unsigned int}\x1b[m\x1b[K\n'}
[8.421362] (usb_device_driver) StderrLine: {'line': b'\x1b[01m\x1b[K/home/miles/usb_ros2_ws/src/usb_device_driver/src/usb_reader_node.cpp:643:93:\x1b[m\x1b[K \x1b[01;36m\x1b[Knote: \x1b[m\x1b[Kformat string is defined here\n'}
[8.421398] (usb_device_driver) StderrLine: {'line': b'  643 |                             RCLCPP_INFO(this->get_logger(), "\xe5\x8f\x91\xe5\xb8\x83IMU\xe6\x95\xb0\xe6\x8d\xae\xe6\xb6\x88\xe6\x81\xaf\xe5\x88\xb0ROS2:\xef\xbc\x8c\xe9\x95\xbf\xe5\xba\xa6\xef\xbc\x9a\x1b[01;36m\x1b[K%d\x1b[m\x1b[K", len);\n'}
[8.421437] (usb_device_driver) StderrLine: {'line': b'      |                                                                                            \x1b[01;36m\x1b[K~^\x1b[m\x1b[K\n'}
[8.421475] (usb_device_driver) StderrLine: {'line': b'      |                                                                                             \x1b[01;36m\x1b[K|\x1b[m\x1b[K\n'}
[8.421512] (usb_device_driver) StderrLine: {'line': b'      |                                                                                             \x1b[01;36m\x1b[Kint\x1b[m\x1b[K\n'}
[8.421549] (usb_device_driver) StderrLine: {'line': b'      |                                                                                            \x1b[32m\x1b[K%ld\x1b[m\x1b[K\n'}
[8.425501] (usb_device_driver) StderrLine: {'line': b'\x1b[01m\x1b[K/home/miles/usb_ros2_ws/src/usb_device_driver/src/usb_reader_node.cpp:\x1b[m\x1b[K In member function \xe2\x80\x98\x1b[01m\x1b[Kvoid usb_device_driver::USBReaderNode::processMavlinkMessage(const mavlink_message_t*)\x1b[m\x1b[K\xe2\x80\x99:\n'}
[8.425680] (usb_device_driver) StderrLine: {'line': b'\x1b[01m\x1b[K/home/miles/usb_ros2_ws/src/usb_device_driver/src/usb_reader_node.cpp:677:69:\x1b[m\x1b[K \x1b[01;31m\x1b[Kerror: \x1b[m\x1b[K\xe2\x80\x98\x1b[01m\x1b[Kmavlink_dog_motors_state_t\x1b[m\x1b[K\xe2\x80\x99 {aka \xe2\x80\x98\x1b[01m\x1b[Kstruct __mavlink_dog_motors_state_t\x1b[m\x1b[K\xe2\x80\x99} has no member named \xe2\x80\x98\x1b[01m\x1b[Kmotor_ids\x1b[m\x1b[K\xe2\x80\x99; did you mean \xe2\x80\x98\x1b[01m\x1b[Kmotors_id\x1b[m\x1b[K\xe2\x80\x99?\n'}
[8.425804] (usb_device_driver) StderrLine: {'line': b'  677 |                     motor_state_msg.motor_ids[j] = dog_motors_state.\x1b[01;31m\x1b[Kmotor_ids\x1b[m\x1b[K[j];\n'}
[8.425899] (usb_device_driver) StderrLine: {'line': b'      |                                                                     \x1b[01;31m\x1b[K^~~~~~~~~\x1b[m\x1b[K\n'}
[8.425997] (usb_device_driver) StderrLine: {'line': b'      |                                                                     \x1b[32m\x1b[Kmotors_id\x1b[m\x1b[K\n'}
[8.433215] (-) TimerEvent: {}
[8.533540] (-) TimerEvent: {}
[8.596113] (usb_device_driver) StderrLine: {'line': b'gmake[2]: *** [CMakeFiles/usb_reader_node.dir/build.make:76\xef\xbc\x9aCMakeFiles/usb_reader_node.dir/src/main.cpp.o] \xe9\x94\x99\xe8\xaf\xaf 1\n'}
[8.596410] (usb_device_driver) StderrLine: {'line': b'gmake[2]: *** \xe6\xad\xa3\xe5\x9c\xa8\xe7\xad\x89\xe5\xbe\x85\xe6\x9c\xaa\xe5\xae\x8c\xe6\x88\x90\xe7\x9a\x84\xe4\xbb\xbb\xe5\x8a\xa1....\n'}
[8.633676] (-) TimerEvent: {}
[8.734003] (-) TimerEvent: {}
[8.834351] (-) TimerEvent: {}
[8.934712] (-) TimerEvent: {}
[9.035057] (-) TimerEvent: {}
[9.135434] (-) TimerEvent: {}
[9.235809] (-) TimerEvent: {}
[9.336166] (-) TimerEvent: {}
[9.436503] (-) TimerEvent: {}
[9.536780] (-) TimerEvent: {}
[9.637076] (-) TimerEvent: {}
[9.737443] (-) TimerEvent: {}
[9.825382] (usb_device_driver) StderrLine: {'line': b'gmake[2]: *** [CMakeFiles/usb_reader_node.dir/build.make:90\xef\xbc\x9aCMakeFiles/usb_reader_node.dir/src/usb_reader_node.cpp.o] \xe9\x94\x99\xe8\xaf\xaf 1\n'}
[9.825780] (usb_device_driver) StderrLine: {'line': b'gmake[1]: *** [CMakeFiles/Makefile2:593\xef\xbc\x9aCMakeFiles/usb_reader_node.dir/all] \xe9\x94\x99\xe8\xaf\xaf 2\n'}
[9.826099] (usb_device_driver) StderrLine: {'line': b'gmake: *** [Makefile:146\xef\xbc\x9aall] \xe9\x94\x99\xe8\xaf\xaf 2\n'}
[9.828455] (usb_device_driver) CommandEnded: {'returncode': 2}
[9.837555] (-) TimerEvent: {}
[9.838626] (usb_device_driver) JobEnded: {'identifier': 'usb_device_driver', 'rc': 2}
[9.849428] (-) EventReactorShutdown: {}
