[0.000000] (-) TimerEvent: {}
[0.001622] (usb_device_driver) JobQueued: {'identifier': 'usb_device_driver', 'dependencies': OrderedDict()}
[0.001795] (usb_device_driver) JobStarted: {'identifier': 'usb_device_driver'}
[0.013290] (usb_device_driver) JobProgress: {'identifier': 'usb_device_driver', 'progress': 'cmake'}
[0.014698] (usb_device_driver) JobProgress: {'identifier': 'usb_device_driver', 'progress': 'build'}
[0.016072] (usb_device_driver) Command: {'cmd': ['/usr/bin/cmake', '--build', '/home/miles/usb_ros2_ws/build/usb_device_driver', '--', '-j12', '-l12'], 'cwd': '/home/miles/usb_ros2_ws/build/usb_device_driver', 'env': OrderedDict([('GJS_DEBUG_TOPICS', 'JS ERROR;JS LOG'), ('PYTHON_BASIC_REPL', '1'), ('LESSOPEN', '| /usr/bin/lesspipe %s'), ('LANGUAGE', 'zh_CN:en'), ('USER', 'miles'), ('LC_TIME', 'zh_CN.UTF-8'), ('XDG_SESSION_TYPE', 'wayland'), ('GIT_ASKPASS', '/usr/share/code/resources/app/extensions/git/dist/askpass.sh'), ('SHLVL', '1'), ('LD_LIBRARY_PATH', '/usr/lib/x86_64-linux-gnu/gazebo-11/plugins:/opt/ros/humble/opt/rviz_ogre_vendor/lib:/opt/ros/humble/lib/x86_64-linux-gnu:/opt/ros/humble/lib'), ('HOME', '/home/miles'), ('CHROME_DESKTOP', 'code.desktop'), ('TERM_PROGRAM_VERSION', '1.115.0'), ('DESKTOP_SESSION', 'ubuntu'), ('GIO_LAUNCHED_DESKTOP_FILE', '/usr/share/applications/code.desktop'), ('ROS_PYTHON_VERSION', '3'), ('GNOME_SHELL_SESSION_MODE', 'ubuntu'), ('GTK_MODULES', 'gail:atk-bridge'), ('VSCODE_GIT_ASKPASS_MAIN', '/usr/share/code/resources/app/extensions/git/dist/askpass-main.js'), ('LC_MONETARY', 'zh_CN.UTF-8'), ('VSCODE_GIT_ASKPASS_NODE', '/usr/share/code/code'), ('MANAGERPID', '1098'), ('PYDEVD_DISABLE_FILE_VALIDATION', '1'), ('SYSTEMD_EXEC_PID', '1512'), ('BUNDLED_DEBUGPY_PATH', '/home/miles/.vscode/extensions/ms-python.debugpy-2026.6.0-linux-x64/bundled/libs/debugpy'), ('IM_CONFIG_CHECK_ENV', '1'), ('VSCODE_PYTHON_AUTOACTIVATE_GUARD', '1'), ('DBUS_SESSION_BUS_ADDRESS', 'unix:path=/run/user/1000/bus'), ('COLORTERM', 'truecolor'), ('GIO_LAUNCHED_DESKTOP_FILE_PID', '2395'), ('IM_CONFIG_PHASE', '1'), ('WAYLAND_DISPLAY', 'wayland-0'), ('ROS_DISTRO', 'humble'), ('LOGNAME', 'miles'), ('JOURNAL_STREAM', '8:12938'), ('_', '/usr/bin/colcon'), ('ROS_VERSION', '2'), ('XDG_SESSION_CLASS', 'user'), ('USERNAME', 'miles'), ('TERM', 'xterm-256color'), ('GNOME_DESKTOP_SESSION_ID', 'this-is-deprecated'), ('FC_FONTATIONS', '1'), ('ROS_LOCALHOST_ONLY', '0'), ('PATH', '/home/miles/miniconda3/bin:/home/miles/.config/Code/User/globalStorage/github.copilot-chat/debugCommand:/home/miles/.config/Code/User/globalStorage/github.copilot-chat/copilotCli:/home/miles/.local/bin:/home/miles/miniconda3/bin:/opt/ros/humble/bin:/home/miles/.local/bin:/usr/local/sbin:/usr/local/bin:/usr/sbin:/usr/bin:/sbin:/bin:/usr/games:/usr/local/games:/snap/bin:/snap/bin:/home/miles/.vscode/extensions/ms-python.debugpy-2026.6.0-linux-x64/bundled/scripts/noConfigScripts'), ('SESSION_MANAGER', 'local/miles:@/tmp/.ICE-unix/1484,unix/miles:/tmp/.ICE-unix/1484'), ('INVOCATION_ID', '6bd4fc7edcdb4a4f8033df3d0818de29'), ('PAPERSIZE', 'a4'), ('XDG_MENU_PREFIX', 'gnome-'), ('LC_ADDRESS', 'zh_CN.UTF-8'), ('GNOME_SETUP_DISPLAY', ':1'), ('XDG_RUNTIME_DIR', '/run/user/1000'), ('GDK_BACKEND', 'wayland'), ('DISPLAY', ':0'), ('VSCODE_DEBUGPY_ADAPTER_ENDPOINTS', '/home/miles/.vscode/extensions/ms-python.debugpy-2026.6.0-linux-x64/.noConfigDebugAdapterEndpoints/endpoint-510fb0e7ba3d52da.txt'), ('LANG', 'zh_CN.UTF-8'), ('XDG_CURRENT_DESKTOP', 'ubuntu:GNOME'), ('PYTHONSTARTUP', '/home/miles/.config/Code/User/workspaceStorage/ff9966d21cc0024eeada1ee1a360488f/ms-python.python/pythonrc.py'), ('LC_TELEPHONE', 'zh_CN.UTF-8'), ('XMODIFIERS', '@im=ibus'), ('XDG_SESSION_DESKTOP', 'ubuntu'), ('XAUTHORITY', '/run/user/1000/.mutter-Xwaylandauth.UUYLP3'), ('LS_COLORS', 'rs=0:di=01;34:ln=01;36:mh=00:pi=40;33:so=01;35:do=01;35:bd=40;33;01:cd=40;33;01:or=40;31;01:mi=00:su=37;41:sg=30;43:ca=30;41:tw=30;42:ow=34;42:st=37;44:ex=01;32:*.tar=01;31:*.tgz=01;31:*.arc=01;31:*.arj=01;31:*.taz=01;31:*.lha=01;31:*.lz4=01;31:*.lzh=01;31:*.lzma=01;31:*.tlz=01;31:*.txz=01;31:*.tzo=01;31:*.t7z=01;31:*.zip=01;31:*.z=01;31:*.dz=01;31:*.gz=01;31:*.lrz=01;31:*.lz=01;31:*.lzo=01;31:*.xz=01;31:*.zst=01;31:*.tzst=01;31:*.bz2=01;31:*.bz=01;31:*.tbz=01;31:*.tbz2=01;31:*.tz=01;31:*.deb=01;31:*.rpm=01;31:*.jar=01;31:*.war=01;31:*.ear=01;31:*.sar=01;31:*.rar=01;31:*.alz=01;31:*.ace=01;31:*.zoo=01;31:*.cpio=01;31:*.7z=01;31:*.rz=01;31:*.cab=01;31:*.wim=01;31:*.swm=01;31:*.dwm=01;31:*.esd=01;31:*.jpg=01;35:*.jpeg=01;35:*.mjpg=01;35:*.mjpeg=01;35:*.gif=01;35:*.bmp=01;35:*.pbm=01;35:*.pgm=01;35:*.ppm=01;35:*.tga=01;35:*.xbm=01;35:*.xpm=01;35:*.tif=01;35:*.tiff=01;35:*.png=01;35:*.svg=01;35:*.svgz=01;35:*.mng=01;35:*.pcx=01;35:*.mov=01;35:*.mpg=01;35:*.mpeg=01;35:*.m2v=01;35:*.mkv=01;35:*.webm=01;35:*.webp=01;35:*.ogm=01;35:*.mp4=01;35:*.m4v=01;35:*.mp4v=01;35:*.vob=01;35:*.qt=01;35:*.nuv=01;35:*.wmv=01;35:*.asf=01;35:*.rm=01;35:*.rmvb=01;35:*.flc=01;35:*.avi=01;35:*.fli=01;35:*.flv=01;35:*.gl=01;35:*.dl=01;35:*.xcf=01;35:*.xwd=01;35:*.yuv=01;35:*.cgm=01;35:*.emf=01;35:*.ogv=01;35:*.ogx=01;35:*.aac=00;36:*.au=00;36:*.flac=00;36:*.m4a=00;36:*.mid=00;36:*.midi=00;36:*.mka=00;36:*.mp3=00;36:*.mpc=00;36:*.ogg=00;36:*.ra=00;36:*.wav=00;36:*.oga=00;36:*.opus=00;36:*.spx=00;36:*.xspf=00;36:'), ('VSCODE_GIT_IPC_HANDLE', '/run/user/1000/vscode-git-03b8406b82.sock'), ('TERM_PROGRAM', 'vscode'), ('SSH_AGENT_LAUNCHER', 'gnome-keyring'), ('SSH_AUTH_SOCK', '/run/user/1000/keyring/ssh'), ('AMENT_PREFIX_PATH', '/opt/ros/humble'), ('SHELL', '/bin/bash'), ('LC_NAME', 'zh_CN.UTF-8'), ('QT_ACCESSIBILITY', '1'), ('GDMSESSION', 'ubuntu'), ('LESSCLOSE', '/usr/bin/lesspipe %s %s'), ('LC_MEASUREMENT', 'zh_CN.UTF-8'), ('GJS_DEBUG_OUTPUT', 'stderr'), ('LC_IDENTIFICATION', 'zh_CN.UTF-8'), ('VSCODE_GIT_ASKPASS_EXTRA_ARGS', ''), ('QT_IM_MODULE', 'ibus'), ('PWD', '/home/miles/usb_ros2_ws/build/usb_device_driver'), ('XDG_CONFIG_DIRS', '/etc/xdg/xdg-ubuntu:/etc/xdg'), ('XDG_DATA_DIRS', '/usr/share/ubuntu:/usr/local/share/:/usr/share/:/var/lib/snapd/desktop'), ('PYTHONPATH', '/opt/ros/humble/lib/python3.10/site-packages:/opt/ros/humble/local/lib/python3.10/dist-packages'), ('LC_NUMERIC', 'zh_CN.UTF-8'), ('LC_PAPER', 'zh_CN.UTF-8'), ('COLCON', '1'), ('CMAKE_PREFIX_PATH', '/opt/ros/humble')]), 'shell': False}
[0.099461] (-) TimerEvent: {}
[0.134774] (usb_device_driver) StdoutLine: {'line': b'[  2%] Built target usb_device_driver__cpp\n'}
[0.136964] (usb_device_driver) StdoutLine: {'line': b'[ 12%] Built target usb_device_driver__rosidl_generator_c\n'}
[0.162171] (usb_device_driver) StdoutLine: {'line': b'[ 12%] Built target ament_cmake_python_copy_usb_device_driver\n'}
[0.187490] (usb_device_driver) StdoutLine: {'line': b'[ 22%] Built target usb_device_driver__rosidl_typesupport_cpp\n'}
[0.195823] (usb_device_driver) StdoutLine: {'line': b'[ 32%] Built target usb_device_driver__rosidl_typesupport_fastrtps_cpp\n'}
[0.197351] (usb_device_driver) StdoutLine: {'line': b'[ 52%] Built target usb_device_driver__rosidl_typesupport_introspection_c\n'}
[0.197634] (usb_device_driver) StdoutLine: {'line': b'[ 52%] Built target usb_device_driver__rosidl_typesupport_c\n'}
[0.198301] (usb_device_driver) StdoutLine: {'line': b'[ 62%] Built target usb_device_driver__rosidl_typesupport_fastrtps_c\n'}
[0.199492] (-) TimerEvent: {}
[0.205262] (usb_device_driver) StdoutLine: {'line': b'[ 72%] Built target usb_device_driver__rosidl_typesupport_introspection_cpp\n'}
[0.218262] (usb_device_driver) StdoutLine: {'line': b'\x1b[35m\x1b[1mConsolidate compiler generated dependencies of target usb_reader_node\x1b[0m\n'}
[0.249368] (usb_device_driver) StdoutLine: {'line': b'[ 72%] Built target usb_device_driver\n'}
[0.274959] (usb_device_driver) StdoutLine: {'line': b'[ 74%] \x1b[32mBuilding CXX object CMakeFiles/usb_reader_node.dir/src/usb_reader_node.cpp.o\x1b[0m\n'}
[0.298730] (usb_device_driver) StdoutLine: {'line': b'[ 76%] Built target usb_device_driver__py\n'}
[0.299571] (-) TimerEvent: {}
[0.353933] (usb_device_driver) StdoutLine: {'line': b'[ 84%] Built target usb_device_driver__rosidl_generator_py\n'}
[0.400688] (usb_device_driver) StdoutLine: {'line': b'[ 88%] Built target usb_device_driver__rosidl_typesupport_introspection_c__pyext\n'}
[0.401119] (-) TimerEvent: {}
[0.401375] (usb_device_driver) StdoutLine: {'line': b'[ 92%] Built target usb_device_driver__rosidl_typesupport_fastrtps_c__pyext\n'}
[0.407363] (usb_device_driver) StdoutLine: {'line': b'[ 96%] Built target usb_device_driver__rosidl_typesupport_c__pyext\n'}
[0.501268] (-) TimerEvent: {}
[0.601785] (-) TimerEvent: {}
[0.702272] (-) TimerEvent: {}
[0.742033] (usb_device_driver) StdoutLine: {'line': b'running egg_info\n'}
[0.743582] (usb_device_driver) StdoutLine: {'line': b'writing usb_device_driver.egg-info/PKG-INFO\n'}
[0.744082] (usb_device_driver) StdoutLine: {'line': b'writing dependency_links to usb_device_driver.egg-info/dependency_links.txt\n'}
[0.744497] (usb_device_driver) StdoutLine: {'line': b'writing top-level names to usb_device_driver.egg-info/top_level.txt\n'}
[0.749794] (usb_device_driver) StdoutLine: {'line': b"reading manifest file 'usb_device_driver.egg-info/SOURCES.txt'\n"}
[0.751236] (usb_device_driver) StdoutLine: {'line': b"writing manifest file 'usb_device_driver.egg-info/SOURCES.txt'\n"}
[0.802440] (-) TimerEvent: {}
[0.808015] (usb_device_driver) StdoutLine: {'line': b'[ 96%] Built target ament_cmake_python_build_usb_device_driver_egg\n'}
[0.902573] (-) TimerEvent: {}
[1.003099] (-) TimerEvent: {}
[1.103663] (-) TimerEvent: {}
[1.204167] (-) TimerEvent: {}
[1.304632] (-) TimerEvent: {}
[1.405137] (-) TimerEvent: {}
[1.505584] (-) TimerEvent: {}
[1.606048] (-) TimerEvent: {}
[1.706500] (-) TimerEvent: {}
[1.806986] (-) TimerEvent: {}
[1.907437] (-) TimerEvent: {}
[2.007972] (-) TimerEvent: {}
[2.108422] (-) TimerEvent: {}
[2.208910] (-) TimerEvent: {}
[2.309344] (-) TimerEvent: {}
[2.409810] (-) TimerEvent: {}
[2.510246] (-) TimerEvent: {}
[2.610639] (-) TimerEvent: {}
[2.711121] (-) TimerEvent: {}
[2.811543] (-) TimerEvent: {}
[2.911940] (-) TimerEvent: {}
[3.012286] (-) TimerEvent: {}
[3.112732] (-) TimerEvent: {}
[3.213198] (-) TimerEvent: {}
[3.313684] (-) TimerEvent: {}
[3.414161] (-) TimerEvent: {}
[3.514640] (-) TimerEvent: {}
[3.615039] (-) TimerEvent: {}
[3.715513] (-) TimerEvent: {}
[3.816012] (-) TimerEvent: {}
[3.916448] (-) TimerEvent: {}
[4.016917] (-) TimerEvent: {}
[4.117374] (-) TimerEvent: {}
[4.217827] (-) TimerEvent: {}
[4.318278] (-) TimerEvent: {}
[4.418731] (-) TimerEvent: {}
[4.519185] (-) TimerEvent: {}
[4.619648] (-) TimerEvent: {}
[4.720104] (-) TimerEvent: {}
[4.820512] (-) TimerEvent: {}
[4.920963] (-) TimerEvent: {}
[5.021346] (-) TimerEvent: {}
[5.121842] (-) TimerEvent: {}
[5.222369] (-) TimerEvent: {}
[5.223034] (usb_device_driver) StderrLine: {'line': b'In file included from \x1b[01m\x1b[K/home/miles/usb_ros2_ws/src/usb_device_driver/generated/include/mavlink/v2.0/robot_dog/../protocol.h:4\x1b[m\x1b[K,\n'}
[5.223409] (usb_device_driver) StderrLine: {'line': b'                 from \x1b[01m\x1b[K/home/miles/usb_ros2_ws/src/usb_device_driver/generated/include/mavlink/v2.0/robot_dog/robot_dog.h:35\x1b[m\x1b[K,\n'}
[5.223627] (usb_device_driver) StderrLine: {'line': b'                 from \x1b[01m\x1b[K/home/miles/usb_ros2_ws/src/usb_device_driver/generated/include/mavlink/v2.0/robot_dog/mavlink.h:39\x1b[m\x1b[K,\n'}
[5.223788] (usb_device_driver) StderrLine: {'line': b'                 from \x1b[01m\x1b[K/home/miles/usb_ros2_ws/src/usb_device_driver/include/usb_device_driver/usb_reader_node.hpp:20\x1b[m\x1b[K,\n'}
[5.223922] (usb_device_driver) StderrLine: {'line': b'                 from \x1b[01m\x1b[K/home/miles/usb_ros2_ws/src/usb_device_driver/src/usb_reader_node.cpp:1\x1b[m\x1b[K:\n'}
[5.224077] (usb_device_driver) StderrLine: {'line': b'\x1b[01m\x1b[K/home/miles/usb_ros2_ws/src/usb_device_driver/generated/include/mavlink/v2.0/robot_dog/../mavlink_types.h:78:12:\x1b[m\x1b[K \x1b[01;35m\x1b[Kwarning: \x1b[m\x1b[KISO C++ prohibits anonymous structs [\x1b[01;35m\x1b[K\x1b]8;;https://gcc.gnu.org/onlinedocs/gcc/Warning-Options.html#index-Wpedantic\x07-Wpedantic\x1b]8;;\x07\x1b[m\x1b[K]\n'}
[5.224238] (usb_device_driver) StderrLine: {'line': b'   78 |     struct \x1b[01;35m\x1b[K{\x1b[m\x1b[K\n'}
[5.224384] (usb_device_driver) StderrLine: {'line': b'      |            \x1b[01;35m\x1b[K^\x1b[m\x1b[K\n'}
[5.224503] (usb_device_driver) StderrLine: {'line': b'\x1b[01m\x1b[K/home/miles/usb_ros2_ws/src/usb_device_driver/generated/include/mavlink/v2.0/robot_dog/../mavlink_types.h:17:40:\x1b[m\x1b[K \x1b[01;36m\x1b[Knote: \x1b[m\x1b[Kin definition of macro \xe2\x80\x98\x1b[01m\x1b[KMAVPACKED\x1b[m\x1b[K\xe2\x80\x99\n'}
[5.224637] (usb_device_driver) StderrLine: {'line': b'   17 |   #define MAVPACKED( __Declaration__ ) \x1b[01;36m\x1b[K__Declaration__\x1b[m\x1b[K __attribute__((packed))\n'}
[5.224785] (usb_device_driver) StderrLine: {'line': b'      |                                        \x1b[01;36m\x1b[K^~~~~~~~~~~~~~~\x1b[m\x1b[K\n'}
[5.237479] (usb_device_driver) StderrLine: {'line': b'In file included from \x1b[01m\x1b[K/home/miles/usb_ros2_ws/src/usb_device_driver/generated/include/mavlink/v2.0/robot_dog/mavlink.h:39\x1b[m\x1b[K,\n'}
[5.237816] (usb_device_driver) StderrLine: {'line': b'                 from \x1b[01m\x1b[K/home/miles/usb_ros2_ws/src/usb_device_driver/include/usb_device_driver/usb_reader_node.hpp:20\x1b[m\x1b[K,\n'}
[5.237993] (usb_device_driver) StderrLine: {'line': b'                 from \x1b[01m\x1b[K/home/miles/usb_ros2_ws/src/usb_device_driver/src/usb_reader_node.cpp:1\x1b[m\x1b[K:\n'}
[5.238128] (usb_device_driver) StderrLine: {'line': b'\x1b[01m\x1b[K/home/miles/usb_ros2_ws/src/usb_device_driver/generated/include/mavlink/v2.0/robot_dog/../mavlink_helpers.h:\x1b[m\x1b[K In function \xe2\x80\x98\x1b[01m\x1b[Kconst mavlink_msg_entry_t* mavlink_get_msg_entry(uint32_t)\x1b[m\x1b[K\xe2\x80\x99:\n'}
[5.238261] (usb_device_driver) StderrLine: {'line': b'\x1b[01m\x1b[K/home/miles/usb_ros2_ws/src/usb_device_driver/generated/include/mavlink/v2.0/robot_dog/robot_dog.h:31:42:\x1b[m\x1b[K \x1b[01;35m\x1b[Kwarning: \x1b[m\x1b[Kunsigned conversion from \xe2\x80\x98\x1b[01m\x1b[Kint\x1b[m\x1b[K\xe2\x80\x99 to \xe2\x80\x98\x1b[01m\x1b[Kuint8_t\x1b[m\x1b[K\xe2\x80\x99 {aka \xe2\x80\x98\x1b[01m\x1b[Kunsigned char\x1b[m\x1b[K\xe2\x80\x99} changes value from \xe2\x80\x98\x1b[01m\x1b[K260\x1b[m\x1b[K\xe2\x80\x99 to \xe2\x80\x98\x1b[01m\x1b[K4\x1b[m\x1b[K\xe2\x80\x99 [\x1b[01;35m\x1b[K\x1b]8;;https://gcc.gnu.org/onlinedocs/gcc/Warning-Options.html#index-Woverflow\x07-Woverflow\x1b]8;;\x07\x1b[m\x1b[K]\n'}
[5.238425] (usb_device_driver) StderrLine: {'line': b'   31 | #define MAVLINK_MESSAGE_CRCS {{230, 160, \x1b[01;35m\x1b[K260\x1b[m\x1b[K, 260, 0, 0, 0}, {231, 156, 272, 272, 0, 0, 0}, {232, 36, 48, 48, 0, 0, 0}}\n'}
[5.238584] (usb_device_driver) StderrLine: {'line': b'      |                                          \x1b[01;35m\x1b[K^~~\x1b[m\x1b[K\n'}
[5.238757] (usb_device_driver) StderrLine: {'line': b'\x1b[01m\x1b[K/home/miles/usb_ros2_ws/src/usb_device_driver/generated/include/mavlink/v2.0/robot_dog/../mavlink_helpers.h:520:67:\x1b[m\x1b[K \x1b[01;36m\x1b[Knote: \x1b[m\x1b[Kin expansion of macro \xe2\x80\x98\x1b[01m\x1b[KMAVLINK_MESSAGE_CRCS\x1b[m\x1b[K\xe2\x80\x99\n'}
[5.238887] (usb_device_driver) StderrLine: {'line': b'  520 |         static const mavlink_msg_entry_t mavlink_message_crcs[] = \x1b[01;36m\x1b[KMAVLINK_MESSAGE_CRCS\x1b[m\x1b[K;\n'}
[5.239008] (usb_device_driver) StderrLine: {'line': b'      |                                                                   \x1b[01;36m\x1b[K^~~~~~~~~~~~~~~~~~~~\x1b[m\x1b[K\n'}
[5.239123] (usb_device_driver) StderrLine: {'line': b'\x1b[01m\x1b[K/home/miles/usb_ros2_ws/src/usb_device_driver/generated/include/mavlink/v2.0/robot_dog/robot_dog.h:31:47:\x1b[m\x1b[K \x1b[01;35m\x1b[Kwarning: \x1b[m\x1b[Kunsigned conversion from \xe2\x80\x98\x1b[01m\x1b[Kint\x1b[m\x1b[K\xe2\x80\x99 to \xe2\x80\x98\x1b[01m\x1b[Kuint8_t\x1b[m\x1b[K\xe2\x80\x99 {aka \xe2\x80\x98\x1b[01m\x1b[Kunsigned char\x1b[m\x1b[K\xe2\x80\x99} changes value from \xe2\x80\x98\x1b[01m\x1b[K260\x1b[m\x1b[K\xe2\x80\x99 to \xe2\x80\x98\x1b[01m\x1b[K4\x1b[m\x1b[K\xe2\x80\x99 [\x1b[01;35m\x1b[K\x1b]8;;https://gcc.gnu.org/onlinedocs/gcc/Warning-Options.html#index-Woverflow\x07-Woverflow\x1b]8;;\x07\x1b[m\x1b[K]\n'}
[5.239274] (usb_device_driver) StderrLine: {'line': b'   31 | #define MAVLINK_MESSAGE_CRCS {{230, 160, 260, \x1b[01;35m\x1b[K260\x1b[m\x1b[K, 0, 0, 0}, {231, 156, 272, 272, 0, 0, 0}, {232, 36, 48, 48, 0, 0, 0}}\n'}
[5.239396] (usb_device_driver) StderrLine: {'line': b'      |                                               \x1b[01;35m\x1b[K^~~\x1b[m\x1b[K\n'}
[5.239509] (usb_device_driver) StderrLine: {'line': b'\x1b[01m\x1b[K/home/miles/usb_ros2_ws/src/usb_device_driver/generated/include/mavlink/v2.0/robot_dog/../mavlink_helpers.h:520:67:\x1b[m\x1b[K \x1b[01;36m\x1b[Knote: \x1b[m\x1b[Kin expansion of macro \xe2\x80\x98\x1b[01m\x1b[KMAVLINK_MESSAGE_CRCS\x1b[m\x1b[K\xe2\x80\x99\n'}
[5.239649] (usb_device_driver) StderrLine: {'line': b'  520 |         static const mavlink_msg_entry_t mavlink_message_crcs[] = \x1b[01;36m\x1b[KMAVLINK_MESSAGE_CRCS\x1b[m\x1b[K;\n'}
[5.239793] (usb_device_driver) StderrLine: {'line': b'      |                                                                   \x1b[01;36m\x1b[K^~~~~~~~~~~~~~~~~~~~\x1b[m\x1b[K\n'}
[5.239910] (usb_device_driver) StderrLine: {'line': b'\x1b[01m\x1b[K/home/miles/usb_ros2_ws/src/usb_device_driver/generated/include/mavlink/v2.0/robot_dog/robot_dog.h:31:73:\x1b[m\x1b[K \x1b[01;35m\x1b[Kwarning: \x1b[m\x1b[Kunsigned conversion from \xe2\x80\x98\x1b[01m\x1b[Kint\x1b[m\x1b[K\xe2\x80\x99 to \xe2\x80\x98\x1b[01m\x1b[Kuint8_t\x1b[m\x1b[K\xe2\x80\x99 {aka \xe2\x80\x98\x1b[01m\x1b[Kunsigned char\x1b[m\x1b[K\xe2\x80\x99} changes value from \xe2\x80\x98\x1b[01m\x1b[K272\x1b[m\x1b[K\xe2\x80\x99 to \xe2\x80\x98\x1b[01m\x1b[K16\x1b[m\x1b[K\xe2\x80\x99 [\x1b[01;35m\x1b[K\x1b]8;;https://gcc.gnu.org/onlinedocs/gcc/Warning-Options.html#index-Woverflow\x07-Woverflow\x1b]8;;\x07\x1b[m\x1b[K]\n'}
[5.240031] (usb_device_driver) StderrLine: {'line': b'   31 | #define MAVLINK_MESSAGE_CRCS {{230, 160, 260, 260, 0, 0, 0}, {231, 156, \x1b[01;35m\x1b[K272\x1b[m\x1b[K, 272, 0, 0, 0}, {232, 36, 48, 48, 0, 0, 0}}\n'}
[5.240152] (usb_device_driver) StderrLine: {'line': b'      |                                                                         \x1b[01;35m\x1b[K^~~\x1b[m\x1b[K\n'}
[5.240274] (usb_device_driver) StderrLine: {'line': b'\x1b[01m\x1b[K/home/miles/usb_ros2_ws/src/usb_device_driver/generated/include/mavlink/v2.0/robot_dog/../mavlink_helpers.h:520:67:\x1b[m\x1b[K \x1b[01;36m\x1b[Knote: \x1b[m\x1b[Kin expansion of macro \xe2\x80\x98\x1b[01m\x1b[KMAVLINK_MESSAGE_CRCS\x1b[m\x1b[K\xe2\x80\x99\n'}
[5.240390] (usb_device_driver) StderrLine: {'line': b'  520 |         static const mavlink_msg_entry_t mavlink_message_crcs[] = \x1b[01;36m\x1b[KMAVLINK_MESSAGE_CRCS\x1b[m\x1b[K;\n'}
[5.240507] (usb_device_driver) StderrLine: {'line': b'      |                                                                   \x1b[01;36m\x1b[K^~~~~~~~~~~~~~~~~~~~\x1b[m\x1b[K\n'}
[5.240627] (usb_device_driver) StderrLine: {'line': b'\x1b[01m\x1b[K/home/miles/usb_ros2_ws/src/usb_device_driver/generated/include/mavlink/v2.0/robot_dog/robot_dog.h:31:78:\x1b[m\x1b[K \x1b[01;35m\x1b[Kwarning: \x1b[m\x1b[Kunsigned conversion from \xe2\x80\x98\x1b[01m\x1b[Kint\x1b[m\x1b[K\xe2\x80\x99 to \xe2\x80\x98\x1b[01m\x1b[Kuint8_t\x1b[m\x1b[K\xe2\x80\x99 {aka \xe2\x80\x98\x1b[01m\x1b[Kunsigned char\x1b[m\x1b[K\xe2\x80\x99} changes value from \xe2\x80\x98\x1b[01m\x1b[K272\x1b[m\x1b[K\xe2\x80\x99 to \xe2\x80\x98\x1b[01m\x1b[K16\x1b[m\x1b[K\xe2\x80\x99 [\x1b[01;35m\x1b[K\x1b]8;;https://gcc.gnu.org/onlinedocs/gcc/Warning-Options.html#index-Woverflow\x07-Woverflow\x1b]8;;\x07\x1b[m\x1b[K]\n'}
[5.240766] (usb_device_driver) StderrLine: {'line': b'   31 | #define MAVLINK_MESSAGE_CRCS {{230, 160, 260, 260, 0, 0, 0}, {231, 156, 272, \x1b[01;35m\x1b[K272\x1b[m\x1b[K, 0, 0, 0}, {232, 36, 48, 48, 0, 0, 0}}\n'}
[5.240901] (usb_device_driver) StderrLine: {'line': b'      |                                                                              \x1b[01;35m\x1b[K^~~\x1b[m\x1b[K\n'}
[5.241028] (usb_device_driver) StderrLine: {'line': b'\x1b[01m\x1b[K/home/miles/usb_ros2_ws/src/usb_device_driver/generated/include/mavlink/v2.0/robot_dog/../mavlink_helpers.h:520:67:\x1b[m\x1b[K \x1b[01;36m\x1b[Knote: \x1b[m\x1b[Kin expansion of macro \xe2\x80\x98\x1b[01m\x1b[KMAVLINK_MESSAGE_CRCS\x1b[m\x1b[K\xe2\x80\x99\n'}
[5.241158] (usb_device_driver) StderrLine: {'line': b'  520 |         static const mavlink_msg_entry_t mavlink_message_crcs[] = \x1b[01;36m\x1b[KMAVLINK_MESSAGE_CRCS\x1b[m\x1b[K;\n'}
[5.241276] (usb_device_driver) StderrLine: {'line': b'      |                                                                   \x1b[01;36m\x1b[K^~~~~~~~~~~~~~~~~~~~\x1b[m\x1b[K\n'}
[5.244024] (usb_device_driver) StderrLine: {'line': b'In file included from \x1b[01m\x1b[K/home/miles/usb_ros2_ws/src/usb_device_driver/generated/include/mavlink/v2.0/robot_dog/robot_dog.h:57\x1b[m\x1b[K,\n'}
[5.244272] (usb_device_driver) StderrLine: {'line': b'                 from \x1b[01m\x1b[K/home/miles/usb_ros2_ws/src/usb_device_driver/generated/include/mavlink/v2.0/robot_dog/mavlink.h:39\x1b[m\x1b[K,\n'}
[5.244444] (usb_device_driver) StderrLine: {'line': b'                 from \x1b[01m\x1b[K/home/miles/usb_ros2_ws/src/usb_device_driver/include/usb_device_driver/usb_reader_node.hpp:20\x1b[m\x1b[K,\n'}
[5.244820] (usb_device_driver) StderrLine: {'line': b'                 from \x1b[01m\x1b[K/home/miles/usb_ros2_ws/src/usb_device_driver/src/usb_reader_node.cpp:1\x1b[m\x1b[K:\n'}
[5.244989] (usb_device_driver) StderrLine: {'line': b'\x1b[01m\x1b[K/home/miles/usb_ros2_ws/src/usb_device_driver/generated/include/mavlink/v2.0/robot_dog/./mavlink_msg_dog_motors_cmd.h:\x1b[m\x1b[K In function \xe2\x80\x98\x1b[01m\x1b[Kuint16_t mavlink_msg_dog_motors_cmd_pack(uint8_t, uint8_t, mavlink_message_t*, uint64_t, const uint8_t*, const float*, const float*, const float*, const float*, const float*)\x1b[m\x1b[K\xe2\x80\x99:\n'}
[5.245144] (usb_device_driver) StderrLine: {'line': b'\x1b[01m\x1b[K/home/miles/usb_ros2_ws/src/usb_device_driver/generated/include/mavlink/v2.0/robot_dog/./mavlink_msg_dog_motors_cmd.h:18:47:\x1b[m\x1b[K \x1b[01;35m\x1b[Kwarning: \x1b[m\x1b[Kunsigned conversion from \xe2\x80\x98\x1b[01m\x1b[Kint\x1b[m\x1b[K\xe2\x80\x99 to \xe2\x80\x98\x1b[01m\x1b[Kuint8_t\x1b[m\x1b[K\xe2\x80\x99 {aka \xe2\x80\x98\x1b[01m\x1b[Kunsigned char\x1b[m\x1b[K\xe2\x80\x99} changes value from \xe2\x80\x98\x1b[01m\x1b[K260\x1b[m\x1b[K\xe2\x80\x99 to \xe2\x80\x98\x1b[01m\x1b[K4\x1b[m\x1b[K\xe2\x80\x99 [\x1b[01;35m\x1b[K\x1b]8;;https://gcc.gnu.org/onlinedocs/gcc/Warning-Options.html#index-Woverflow\x07-Woverflow\x1b]8;;\x07\x1b[m\x1b[K]\n'}
[5.245400] (usb_device_driver) StderrLine: {'line': b'   18 | #define MAVLINK_MSG_ID_DOG_MOTORS_CMD_MIN_LEN \x1b[01;35m\x1b[K260\x1b[m\x1b[K\n'}
[5.245496] (usb_device_driver) StderrLine: {'line': b'      |                                               \x1b[01;35m\x1b[K^~~\x1b[m\x1b[K\n'}
[5.245585] (usb_device_driver) StderrLine: {'line': b'\x1b[01m\x1b[K/home/miles/usb_ros2_ws/src/usb_device_driver/generated/include/mavlink/v2.0/robot_dog/./mavlink_msg_dog_motors_cmd.h:102:67:\x1b[m\x1b[K \x1b[01;36m\x1b[Knote: \x1b[m\x1b[Kin expansion of macro \xe2\x80\x98\x1b[01m\x1b[KMAVLINK_MSG_ID_DOG_MOTORS_CMD_MIN_LEN\x1b[m\x1b[K\xe2\x80\x99\n'}
[5.245725] (usb_device_driver) StderrLine: {'line': b'  102 |     return mavlink_finalize_message(msg, system_id, component_id, \x1b[01;36m\x1b[KMAVLINK_MSG_ID_DOG_MOTORS_CMD_MIN_LEN\x1b[m\x1b[K, MAVLINK_MSG_ID_DOG_MOTORS_CMD_LEN, MAVLINK_MSG_ID_DOG_MOTORS_CMD_CRC);\n'}
[5.245806] (usb_device_driver) StderrLine: {'line': b'      |                                                                   \x1b[01;36m\x1b[K^~~~~~~~~~~~~~~~~~~~~~~~~~~~~~~~~~~~~\x1b[m\x1b[K\n'}
[5.245880] (usb_device_driver) StderrLine: {'line': b'\x1b[01m\x1b[K/home/miles/usb_ros2_ws/src/usb_device_driver/generated/include/mavlink/v2.0/robot_dog/./mavlink_msg_dog_motors_cmd.h:17:43:\x1b[m\x1b[K \x1b[01;35m\x1b[Kwarning: \x1b[m\x1b[Kunsigned conversion from \xe2\x80\x98\x1b[01m\x1b[Kint\x1b[m\x1b[K\xe2\x80\x99 to \xe2\x80\x98\x1b[01m\x1b[Kuint8_t\x1b[m\x1b[K\xe2\x80\x99 {aka \xe2\x80\x98\x1b[01m\x1b[Kunsigned char\x1b[m\x1b[K\xe2\x80\x99} changes value from \xe2\x80\x98\x1b[01m\x1b[K260\x1b[m\x1b[K\xe2\x80\x99 to \xe2\x80\x98\x1b[01m\x1b[K4\x1b[m\x1b[K\xe2\x80\x99 [\x1b[01;35m\x1b[K\x1b]8;;https://gcc.gnu.org/onlinedocs/gcc/Warning-Options.html#index-Woverflow\x07-Woverflow\x1b]8;;\x07\x1b[m\x1b[K]\n'}
[5.245968] (usb_device_driver) StderrLine: {'line': b'   17 | #define MAVLINK_MSG_ID_DOG_MOTORS_CMD_LEN \x1b[01;35m\x1b[K260\x1b[m\x1b[K\n'}
[5.246045] (usb_device_driver) StderrLine: {'line': b'      |                                           \x1b[01;35m\x1b[K^~~\x1b[m\x1b[K\n'}
[5.246125] (usb_device_driver) StderrLine: {'line': b'\x1b[01m\x1b[K/home/miles/usb_ros2_ws/src/usb_device_driver/generated/include/mavlink/v2.0/robot_dog/./mavlink_msg_dog_motors_cmd.h:102:106:\x1b[m\x1b[K \x1b[01;36m\x1b[Knote: \x1b[m\x1b[Kin expansion of macro \xe2\x80\x98\x1b[01m\x1b[KMAVLINK_MSG_ID_DOG_MOTORS_CMD_LEN\x1b[m\x1b[K\xe2\x80\x99\n'}
[5.246197] (usb_device_driver) StderrLine: {'line': b'  102 | n mavlink_finalize_message(msg, system_id, component_id, MAVLINK_MSG_ID_DOG_MOTORS_CMD_MIN_LEN, \x1b[01;36m\x1b[KMAVLINK_MSG_ID_DOG_MOTORS_CMD_LEN\x1b[m\x1b[K, MAVLINK_MSG_ID_DOG_MOTORS_CMD_CRC);\n'}
[5.246360] (usb_device_driver) StderrLine: {'line': b'      |                                                                                                 \x1b[01;36m\x1b[K^~~~~~~~~~~~~~~~~~~~~~~~~~~~~~~~~\x1b[m\x1b[K\n'}
[5.246438] (usb_device_driver) StderrLine: {'line': b'\n'}
[5.246507] (usb_device_driver) StderrLine: {'line': b'\x1b[01m\x1b[K/home/miles/usb_ros2_ws/src/usb_device_driver/generated/include/mavlink/v2.0/robot_dog/./mavlink_msg_dog_motors_cmd.h:\x1b[m\x1b[K In function \xe2\x80\x98\x1b[01m\x1b[Kuint16_t mavlink_msg_dog_motors_cmd_pack_status(uint8_t, uint8_t, mavlink_status_t*, mavlink_message_t*, uint64_t, const uint8_t*, const float*, const float*, const float*, const float*, const float*)\x1b[m\x1b[K\xe2\x80\x99:\n'}
[5.246589] (usb_device_driver) StderrLine: {'line': b'\x1b[01m\x1b[K/home/miles/usb_ros2_ws/src/usb_device_driver/generated/include/mavlink/v2.0/robot_dog/./mavlink_msg_dog_motors_cmd.h:18:47:\x1b[m\x1b[K \x1b[01;35m\x1b[Kwarning: \x1b[m\x1b[Kunsigned conversion from \xe2\x80\x98\x1b[01m\x1b[Kint\x1b[m\x1b[K\xe2\x80\x99 to \xe2\x80\x98\x1b[01m\x1b[Kuint8_t\x1b[m\x1b[K\xe2\x80\x99 {aka \xe2\x80\x98\x1b[01m\x1b[Kunsigned char\x1b[m\x1b[K\xe2\x80\x99} changes value from \xe2\x80\x98\x1b[01m\x1b[K260\x1b[m\x1b[K\xe2\x80\x99 to \xe2\x80\x98\x1b[01m\x1b[K4\x1b[m\x1b[K\xe2\x80\x99 [\x1b[01;35m\x1b[K\x1b]8;;https://gcc.gnu.org/onlinedocs/gcc/Warning-Options.html#index-Woverflow\x07-Woverflow\x1b]8;;\x07\x1b[m\x1b[K]\n'}
[5.246715] (usb_device_driver) StderrLine: {'line': b'   18 | #define MAVLINK_MSG_ID_DOG_MOTORS_CMD_MIN_LEN \x1b[01;35m\x1b[K260\x1b[m\x1b[K\n'}
[5.246791] (usb_device_driver) StderrLine: {'line': b'      |                                               \x1b[01;35m\x1b[K^~~\x1b[m\x1b[K\n'}
[5.246866] (usb_device_driver) StderrLine: {'line': b'\x1b[01m\x1b[K/home/miles/usb_ros2_ws/src/usb_device_driver/generated/include/mavlink/v2.0/robot_dog/./mavlink_msg_dog_motors_cmd.h:148:83:\x1b[m\x1b[K \x1b[01;36m\x1b[Knote: \x1b[m\x1b[Kin expansion of macro \xe2\x80\x98\x1b[01m\x1b[KMAVLINK_MSG_ID_DOG_MOTORS_CMD_MIN_LEN\x1b[m\x1b[K\xe2\x80\x99\n'}
[5.246945] (usb_device_driver) StderrLine: {'line': b'  148 |     return mavlink_finalize_message_buffer(msg, system_id, component_id, _status, \x1b[01;36m\x1b[KMAVLINK_MSG_ID_DOG_MOTORS_CMD_MIN_LEN\x1b[m\x1b[K, MAVLINK_MSG_ID_DOG_MOTORS_CMD_LEN, MAVLINK_MSG_ID_DOG_MOTORS_CMD_CRC);\n'}
[5.247016] (usb_device_driver) StderrLine: {'line': b'      |                                                                                   \x1b[01;36m\x1b[K^~~~~~~~~~~~~~~~~~~~~~~~~~~~~~~~~~~~~\x1b[m\x1b[K\n'}
[5.247086] (usb_device_driver) StderrLine: {'line': b'\x1b[01m\x1b[K/home/miles/usb_ros2_ws/src/usb_device_driver/generated/include/mavlink/v2.0/robot_dog/./mavlink_msg_dog_motors_cmd.h:17:43:\x1b[m\x1b[K \x1b[01;35m\x1b[Kwarning: \x1b[m\x1b[Kunsigned conversion from \xe2\x80\x98\x1b[01m\x1b[Kint\x1b[m\x1b[K\xe2\x80\x99 to \xe2\x80\x98\x1b[01m\x1b[Kuint8_t\x1b[m\x1b[K\xe2\x80\x99 {aka \xe2\x80\x98\x1b[01m\x1b[Kunsigned char\x1b[m\x1b[K\xe2\x80\x99} changes value from \xe2\x80\x98\x1b[01m\x1b[K260\x1b[m\x1b[K\xe2\x80\x99 to \xe2\x80\x98\x1b[01m\x1b[K4\x1b[m\x1b[K\xe2\x80\x99 [\x1b[01;35m\x1b[K\x1b]8;;https://gcc.gnu.org/onlinedocs/gcc/Warning-Options.html#index-Woverflow\x07-Woverflow\x1b]8;;\x07\x1b[m\x1b[K]\n'}
[5.247167] (usb_device_driver) StderrLine: {'line': b'   17 | #define MAVLINK_MSG_ID_DOG_MOTORS_CMD_LEN \x1b[01;35m\x1b[K260\x1b[m\x1b[K\n'}
[5.247244] (usb_device_driver) StderrLine: {'line': b'      |                                           \x1b[01;35m\x1b[K^~~\x1b[m\x1b[K\n'}
[5.247448] (usb_device_driver) StderrLine: {'line': b'\x1b[01m\x1b[K/home/miles/usb_ros2_ws/src/usb_device_driver/generated/include/mavlink/v2.0/robot_dog/./mavlink_msg_dog_motors_cmd.h:148:122:\x1b[m\x1b[K \x1b[01;36m\x1b[Knote: \x1b[m\x1b[Kin expansion of macro \xe2\x80\x98\x1b[01m\x1b[KMAVLINK_MSG_ID_DOG_MOTORS_CMD_LEN\x1b[m\x1b[K\xe2\x80\x99\n'}
[5.247527] (usb_device_driver) StderrLine: {'line': b'  148 | ze_message_buffer(msg, system_id, component_id, _status, MAVLINK_MSG_ID_DOG_MOTORS_CMD_MIN_LEN, \x1b[01;36m\x1b[KMAVLINK_MSG_ID_DOG_MOTORS_CMD_LEN\x1b[m\x1b[K, MAVLINK_MSG_ID_DOG_MOTORS_CMD_CRC);\n'}
[5.247736] (usb_device_driver) StderrLine: {'line': b'      |                                                                                                 \x1b[01;36m\x1b[K^~~~~~~~~~~~~~~~~~~~~~~~~~~~~~~~~\x1b[m\x1b[K\n'}
[5.247825] (usb_device_driver) StderrLine: {'line': b'\n'}
[5.247901] (usb_device_driver) StderrLine: {'line': b'\x1b[01m\x1b[K/home/miles/usb_ros2_ws/src/usb_device_driver/generated/include/mavlink/v2.0/robot_dog/./mavlink_msg_dog_motors_cmd.h:\x1b[m\x1b[K In function \xe2\x80\x98\x1b[01m\x1b[Kuint16_t mavlink_msg_dog_motors_cmd_pack_chan(uint8_t, uint8_t, uint8_t, mavlink_message_t*, uint64_t, const uint8_t*, const float*, const float*, const float*, const float*, const float*)\x1b[m\x1b[K\xe2\x80\x99:\n'}
[5.247981] (usb_device_driver) StderrLine: {'line': b'\x1b[01m\x1b[K/home/miles/usb_ros2_ws/src/usb_device_driver/generated/include/mavlink/v2.0/robot_dog/./mavlink_msg_dog_motors_cmd.h:18:47:\x1b[m\x1b[K \x1b[01;35m\x1b[Kwarning: \x1b[m\x1b[Kunsigned conversion from \xe2\x80\x98\x1b[01m\x1b[Kint\x1b[m\x1b[K\xe2\x80\x99 to \xe2\x80\x98\x1b[01m\x1b[Kuint8_t\x1b[m\x1b[K\xe2\x80\x99 {aka \xe2\x80\x98\x1b[01m\x1b[Kunsigned char\x1b[m\x1b[K\xe2\x80\x99} changes value from \xe2\x80\x98\x1b[01m\x1b[K260\x1b[m\x1b[K\xe2\x80\x99 to \xe2\x80\x98\x1b[01m\x1b[K4\x1b[m\x1b[K\xe2\x80\x99 [\x1b[01;35m\x1b[K\x1b]8;;https://gcc.gnu.org/onlinedocs/gcc/Warning-Options.html#index-Woverflow\x07-Woverflow\x1b]8;;\x07\x1b[m\x1b[K]\n'}
[5.248068] (usb_device_driver) StderrLine: {'line': b'   18 | #define MAVLINK_MSG_ID_DOG_MOTORS_CMD_MIN_LEN \x1b[01;35m\x1b[K260\x1b[m\x1b[K\n'}
[5.248281] (usb_device_driver) StderrLine: {'line': b'      |                                               \x1b[01;35m\x1b[K^~~\x1b[m\x1b[K\n'}
[5.248549] (usb_device_driver) StderrLine: {'line': b'\x1b[01m\x1b[K/home/miles/usb_ros2_ws/src/usb_device_driver/generated/include/mavlink/v2.0/robot_dog/./mavlink_msg_dog_motors_cmd.h:196:78:\x1b[m\x1b[K \x1b[01;36m\x1b[Knote: \x1b[m\x1b[Kin expansion of macro \xe2\x80\x98\x1b[01m\x1b[KMAVLINK_MSG_ID_DOG_MOTORS_CMD_MIN_LEN\x1b[m\x1b[K\xe2\x80\x99\n'}
[5.248706] (usb_device_driver) StderrLine: {'line': b'  196 |     return mavlink_finalize_message_chan(msg, system_id, component_id, chan, \x1b[01;36m\x1b[KMAVLINK_MSG_ID_DOG_MOTORS_CMD_MIN_LEN\x1b[m\x1b[K, MAVLINK_MSG_ID_DOG_MOTORS_CMD_LEN, MAVLINK_MSG_ID_DOG_MOTORS_CMD_CRC);\n'}
[5.248861] (usb_device_driver) StderrLine: {'line': b'      |                                                                              \x1b[01;36m\x1b[K^~~~~~~~~~~~~~~~~~~~~~~~~~~~~~~~~~~~~\x1b[m\x1b[K\n'}
[5.248988] (usb_device_driver) StderrLine: {'line': b'\x1b[01m\x1b[K/home/miles/usb_ros2_ws/src/usb_device_driver/generated/include/mavlink/v2.0/robot_dog/./mavlink_msg_dog_motors_cmd.h:17:43:\x1b[m\x1b[K \x1b[01;35m\x1b[Kwarning: \x1b[m\x1b[Kunsigned conversion from \xe2\x80\x98\x1b[01m\x1b[Kint\x1b[m\x1b[K\xe2\x80\x99 to \xe2\x80\x98\x1b[01m\x1b[Kuint8_t\x1b[m\x1b[K\xe2\x80\x99 {aka \xe2\x80\x98\x1b[01m\x1b[Kunsigned char\x1b[m\x1b[K\xe2\x80\x99} changes value from \xe2\x80\x98\x1b[01m\x1b[K260\x1b[m\x1b[K\xe2\x80\x99 to \xe2\x80\x98\x1b[01m\x1b[K4\x1b[m\x1b[K\xe2\x80\x99 [\x1b[01;35m\x1b[K\x1b]8;;https://gcc.gnu.org/onlinedocs/gcc/Warning-Options.html#index-Woverflow\x07-Woverflow\x1b]8;;\x07\x1b[m\x1b[K]\n'}
[5.249082] (usb_device_driver) StderrLine: {'line': b'   17 | #define MAVLINK_MSG_ID_DOG_MOTORS_CMD_LEN \x1b[01;35m\x1b[K260\x1b[m\x1b[K\n'}
[5.249203] (usb_device_driver) StderrLine: {'line': b'      |                                           \x1b[01;35m\x1b[K^~~\x1b[m\x1b[K\n'}
[5.249332] (usb_device_driver) StderrLine: {'line': b'\x1b[01m\x1b[K/home/miles/usb_ros2_ws/src/usb_device_driver/generated/include/mavlink/v2.0/robot_dog/./mavlink_msg_dog_motors_cmd.h:196:117:\x1b[m\x1b[K \x1b[01;36m\x1b[Knote: \x1b[m\x1b[Kin expansion of macro \xe2\x80\x98\x1b[01m\x1b[KMAVLINK_MSG_ID_DOG_MOTORS_CMD_LEN\x1b[m\x1b[K\xe2\x80\x99\n'}
[5.249503] (usb_device_driver) StderrLine: {'line': b'  196 | inalize_message_chan(msg, system_id, component_id, chan, MAVLINK_MSG_ID_DOG_MOTORS_CMD_MIN_LEN, \x1b[01;36m\x1b[KMAVLINK_MSG_ID_DOG_MOTORS_CMD_LEN\x1b[m\x1b[K, MAVLINK_MSG_ID_DOG_MOTORS_CMD_CRC);\n'}
[5.249591] (usb_device_driver) StderrLine: {'line': b'      |                                                                                                 \x1b[01;36m\x1b[K^~~~~~~~~~~~~~~~~~~~~~~~~~~~~~~~~\x1b[m\x1b[K\n'}
[5.249754] (usb_device_driver) StderrLine: {'line': b'\n'}
[5.249833] (usb_device_driver) StderrLine: {'line': b'In file included from \x1b[01m\x1b[K/home/miles/usb_ros2_ws/src/usb_device_driver/generated/include/mavlink/v2.0/robot_dog/robot_dog.h:57\x1b[m\x1b[K,\n'}
[5.249906] (usb_device_driver) StderrLine: {'line': b'                 from \x1b[01m\x1b[K/home/miles/usb_ros2_ws/src/usb_device_driver/generated/include/mavlink/v2.0/robot_dog/mavlink.h:39\x1b[m\x1b[K,\n'}
[5.249978] (usb_device_driver) StderrLine: {'line': b'                 from \x1b[01m\x1b[K/home/miles/usb_ros2_ws/src/usb_device_driver/include/usb_device_driver/usb_reader_node.hpp:20\x1b[m\x1b[K,\n'}
[5.250050] (usb_device_driver) StderrLine: {'line': b'                 from \x1b[01m\x1b[K/home/miles/usb_ros2_ws/src/usb_device_driver/src/usb_reader_node.cpp:1\x1b[m\x1b[K:\n'}
[5.250120] (usb_device_driver) StderrLine: {'line': b'\x1b[01m\x1b[K/home/miles/usb_ros2_ws/src/usb_device_driver/generated/include/mavlink/v2.0/robot_dog/./mavlink_msg_dog_motors_cmd.h:\x1b[m\x1b[K In function \xe2\x80\x98\x1b[01m\x1b[Kvoid mavlink_msg_dog_motors_cmd_decode(const mavlink_message_t*, mavlink_dog_motors_cmd_t*)\x1b[m\x1b[K\xe2\x80\x99:\n'}
[5.250192] (usb_device_driver) StderrLine: {'line': b'\x1b[01m\x1b[K/home/miles/usb_ros2_ws/src/usb_device_driver/generated/include/mavlink/v2.0/robot_dog/./mavlink_msg_dog_motors_cmd.h:419:32:\x1b[m\x1b[K \x1b[01;35m\x1b[Kwarning: \x1b[m\x1b[Kcomparison is always true due to limited range of data type [\x1b[01;35m\x1b[K\x1b]8;;https://gcc.gnu.org/onlinedocs/gcc/Warning-Options.html#index-Wtype-limits\x07-Wtype-limits\x1b]8;;\x07\x1b[m\x1b[K]\n'}
[5.250274] (usb_device_driver) StderrLine: {'line': b'  419 |         uint8_t len = msg->len \x1b[01;35m\x1b[K<\x1b[m\x1b[K MAVLINK_MSG_ID_DOG_MOTORS_CMD_LEN? msg->len : MAVLINK_MSG_ID_DOG_MOTORS_CMD_LEN;\n'}
[5.250347] (usb_device_driver) StderrLine: {'line': b'      |                                \x1b[01;35m\x1b[K^\x1b[m\x1b[K\n'}
[5.250422] (usb_device_driver) StderrLine: {'line': b'In file included from \x1b[01m\x1b[K/home/miles/usb_ros2_ws/src/usb_device_driver/generated/include/mavlink/v2.0/robot_dog/robot_dog.h:58\x1b[m\x1b[K,\n'}
[5.250492] (usb_device_driver) StderrLine: {'line': b'                 from \x1b[01m\x1b[K/home/miles/usb_ros2_ws/src/usb_device_driver/generated/include/mavlink/v2.0/robot_dog/mavlink.h:39\x1b[m\x1b[K,\n'}
[5.250559] (usb_device_driver) StderrLine: {'line': b'                 from \x1b[01m\x1b[K/home/miles/usb_ros2_ws/src/usb_device_driver/include/usb_device_driver/usb_reader_node.hpp:20\x1b[m\x1b[K,\n'}
[5.250654] (usb_device_driver) StderrLine: {'line': b'                 from \x1b[01m\x1b[K/home/miles/usb_ros2_ws/src/usb_device_driver/src/usb_reader_node.cpp:1\x1b[m\x1b[K:\n'}
[5.250732] (usb_device_driver) StderrLine: {'line': b'\x1b[01m\x1b[K/home/miles/usb_ros2_ws/src/usb_device_driver/generated/include/mavlink/v2.0/robot_dog/./mavlink_msg_dog_motors_state.h:\x1b[m\x1b[K In function \xe2\x80\x98\x1b[01m\x1b[Kuint16_t mavlink_msg_dog_motors_state_pack(uint8_t, uint8_t, mavlink_message_t*, uint64_t, const uint8_t*, const float*, const float*, const float*, const float*, const float*, const uint8_t*)\x1b[m\x1b[K\xe2\x80\x99:\n'}
[5.250806] (usb_device_driver) StderrLine: {'line': b'\x1b[01m\x1b[K/home/miles/usb_ros2_ws/src/usb_device_driver/generated/include/mavlink/v2.0/robot_dog/./mavlink_msg_dog_motors_state.h:19:49:\x1b[m\x1b[K \x1b[01;35m\x1b[Kwarning: \x1b[m\x1b[Kunsigned conversion from \xe2\x80\x98\x1b[01m\x1b[Kint\x1b[m\x1b[K\xe2\x80\x99 to \xe2\x80\x98\x1b[01m\x1b[Kuint8_t\x1b[m\x1b[K\xe2\x80\x99 {aka \xe2\x80\x98\x1b[01m\x1b[Kunsigned char\x1b[m\x1b[K\xe2\x80\x99} changes value from \xe2\x80\x98\x1b[01m\x1b[K272\x1b[m\x1b[K\xe2\x80\x99 to \xe2\x80\x98\x1b[01m\x1b[K16\x1b[m\x1b[K\xe2\x80\x99 [\x1b[01;35m\x1b[K\x1b]8;;https://gcc.gnu.org/onlinedocs/gcc/Warning-Options.html#index-Woverflow\x07-Woverflow\x1b]8;;\x07\x1b[m\x1b[K]\n'}
[5.250886] (usb_device_driver) StderrLine: {'line': b'   19 | #define MAVLINK_MSG_ID_DOG_MOTORS_STATE_MIN_LEN \x1b[01;35m\x1b[K272\x1b[m\x1b[K\n'}
[5.250958] (usb_device_driver) StderrLine: {'line': b'      |                                                 \x1b[01;35m\x1b[K^~~\x1b[m\x1b[K\n'}
[5.251027] (usb_device_driver) StderrLine: {'line': b'\x1b[01m\x1b[K/home/miles/usb_ros2_ws/src/usb_device_driver/generated/include/mavlink/v2.0/robot_dog/./mavlink_msg_dog_motors_state.h:109:67:\x1b[m\x1b[K \x1b[01;36m\x1b[Knote: \x1b[m\x1b[Kin expansion of macro \xe2\x80\x98\x1b[01m\x1b[KMAVLINK_MSG_ID_DOG_MOTORS_STATE_MIN_LEN\x1b[m\x1b[K\xe2\x80\x99\n'}
[5.251096] (usb_device_driver) StderrLine: {'line': b'  109 |     return mavlink_finalize_message(msg, system_id, component_id, \x1b[01;36m\x1b[KMAVLINK_MSG_ID_DOG_MOTORS_STATE_MIN_LEN\x1b[m\x1b[K, MAVLINK_MSG_ID_DOG_MOTORS_STATE_LEN, MAVLINK_MSG_ID_DOG_MOTORS_STATE_CRC);\n'}
[5.251165] (usb_device_driver) StderrLine: {'line': b'      |                                                                   \x1b[01;36m\x1b[K^~~~~~~~~~~~~~~~~~~~~~~~~~~~~~~~~~~~~~~\x1b[m\x1b[K\n'}
[5.251232] (usb_device_driver) StderrLine: {'line': b'\x1b[01m\x1b[K/home/miles/usb_ros2_ws/src/usb_device_driver/generated/include/mavlink/v2.0/robot_dog/./mavlink_msg_dog_motors_state.h:18:45:\x1b[m\x1b[K \x1b[01;35m\x1b[Kwarning: \x1b[m\x1b[Kunsigned conversion from \xe2\x80\x98\x1b[01m\x1b[Kint\x1b[m\x1b[K\xe2\x80\x99 to \xe2\x80\x98\x1b[01m\x1b[Kuint8_t\x1b[m\x1b[K\xe2\x80\x99 {aka \xe2\x80\x98\x1b[01m\x1b[Kunsigned char\x1b[m\x1b[K\xe2\x80\x99} changes value from \xe2\x80\x98\x1b[01m\x1b[K272\x1b[m\x1b[K\xe2\x80\x99 to \xe2\x80\x98\x1b[01m\x1b[K16\x1b[m\x1b[K\xe2\x80\x99 [\x1b[01;35m\x1b[K\x1b]8;;https://gcc.gnu.org/onlinedocs/gcc/Warning-Options.html#index-Woverflow\x07-Woverflow\x1b]8;;\x07\x1b[m\x1b[K]\n'}
[5.251320] (usb_device_driver) StderrLine: {'line': b'   18 | #define MAVLINK_MSG_ID_DOG_MOTORS_STATE_LEN \x1b[01;35m\x1b[K272\x1b[m\x1b[K\n'}
[5.251397] (usb_device_driver) StderrLine: {'line': b'      |                                             \x1b[01;35m\x1b[K^~~\x1b[m\x1b[K\n'}
[5.251465] (usb_device_driver) StderrLine: {'line': b'\x1b[01m\x1b[K/home/miles/usb_ros2_ws/src/usb_device_driver/generated/include/mavlink/v2.0/robot_dog/./mavlink_msg_dog_motors_state.h:109:108:\x1b[m\x1b[K \x1b[01;36m\x1b[Knote: \x1b[m\x1b[Kin expansion of macro \xe2\x80\x98\x1b[01m\x1b[KMAVLINK_MSG_ID_DOG_MOTORS_STATE_LEN\x1b[m\x1b[K\xe2\x80\x99\n'}
[5.251534] (usb_device_driver) StderrLine: {'line': b'  109 | mavlink_finalize_message(msg, system_id, component_id, MAVLINK_MSG_ID_DOG_MOTORS_STATE_MIN_LEN, \x1b[01;36m\x1b[KMAVLINK_MSG_ID_DOG_MOTORS_STATE_LEN\x1b[m\x1b[K, MAVLINK_MSG_ID_DOG_MOTORS_STATE_CRC);\n'}
[5.251623] (usb_device_driver) StderrLine: {'line': b'      |                                                                                                 \x1b[01;36m\x1b[K^~~~~~~~~~~~~~~~~~~~~~~~~~~~~~~~~~~\x1b[m\x1b[K\n'}
[5.251709] (usb_device_driver) StderrLine: {'line': b'\n'}
[5.251783] (usb_device_driver) StderrLine: {'line': b'\x1b[01m\x1b[K/home/miles/usb_ros2_ws/src/usb_device_driver/generated/include/mavlink/v2.0/robot_dog/./mavlink_msg_dog_motors_state.h:\x1b[m\x1b[K In function \xe2\x80\x98\x1b[01m\x1b[Kuint16_t mavlink_msg_dog_motors_state_pack_status(uint8_t, uint8_t, mavlink_status_t*, mavlink_message_t*, uint64_t, const uint8_t*, const float*, const float*, const float*, const float*, const float*, const uint8_t*)\x1b[m\x1b[K\xe2\x80\x99:\n'}
[5.251855] (usb_device_driver) StderrLine: {'line': b'\x1b[01m\x1b[K/home/miles/usb_ros2_ws/src/usb_device_driver/generated/include/mavlink/v2.0/robot_dog/./mavlink_msg_dog_motors_state.h:19:49:\x1b[m\x1b[K \x1b[01;35m\x1b[Kwarning: \x1b[m\x1b[Kunsigned conversion from \xe2\x80\x98\x1b[01m\x1b[Kint\x1b[m\x1b[K\xe2\x80\x99 to \xe2\x80\x98\x1b[01m\x1b[Kuint8_t\x1b[m\x1b[K\xe2\x80\x99 {aka \xe2\x80\x98\x1b[01m\x1b[Kunsigned char\x1b[m\x1b[K\xe2\x80\x99} changes value from \xe2\x80\x98\x1b[01m\x1b[K272\x1b[m\x1b[K\xe2\x80\x99 to \xe2\x80\x98\x1b[01m\x1b[K16\x1b[m\x1b[K\xe2\x80\x99 [\x1b[01;35m\x1b[K\x1b]8;;https://gcc.gnu.org/onlinedocs/gcc/Warning-Options.html#index-Woverflow\x07-Woverflow\x1b]8;;\x07\x1b[m\x1b[K]\n'}
[5.251998] (usb_device_driver) StderrLine: {'line': b'   19 | #define MAVLINK_MSG_ID_DOG_MOTORS_STATE_MIN_LEN \x1b[01;35m\x1b[K272\x1b[m\x1b[K\n'}
[5.252115] (usb_device_driver) StderrLine: {'line': b'      |                                                 \x1b[01;35m\x1b[K^~~\x1b[m\x1b[K\n'}
[5.252280] (usb_device_driver) StderrLine: {'line': b'\x1b[01m\x1b[K/home/miles/usb_ros2_ws/src/usb_device_driver/generated/include/mavlink/v2.0/robot_dog/./mavlink_msg_dog_motors_state.h:158:83:\x1b[m\x1b[K \x1b[01;36m\x1b[Knote: \x1b[m\x1b[Kin expansion of macro \xe2\x80\x98\x1b[01m\x1b[KMAVLINK_MSG_ID_DOG_MOTORS_STATE_MIN_LEN\x1b[m\x1b[K\xe2\x80\x99\n'}
[5.252435] (usb_device_driver) StderrLine: {'line': b'  158 |     return mavlink_finalize_message_buffer(msg, system_id, component_id, _status, \x1b[01;36m\x1b[KMAVLINK_MSG_ID_DOG_MOTORS_STATE_MIN_LEN\x1b[m\x1b[K, MAVLINK_MSG_ID_DOG_MOTORS_STATE_LEN, MAVLINK_MSG_ID_DOG_MOTORS_STATE_CRC);\n'}
[5.252560] (usb_device_driver) StderrLine: {'line': b'      |                                                                                   \x1b[01;36m\x1b[K^~~~~~~~~~~~~~~~~~~~~~~~~~~~~~~~~~~~~~~\x1b[m\x1b[K\n'}
[5.252723] (usb_device_driver) StderrLine: {'line': b'\x1b[01m\x1b[K/home/miles/usb_ros2_ws/src/usb_device_driver/generated/include/mavlink/v2.0/robot_dog/./mavlink_msg_dog_motors_state.h:18:45:\x1b[m\x1b[K \x1b[01;35m\x1b[Kwarning: \x1b[m\x1b[Kunsigned conversion from \xe2\x80\x98\x1b[01m\x1b[Kint\x1b[m\x1b[K\xe2\x80\x99 to \xe2\x80\x98\x1b[01m\x1b[Kuint8_t\x1b[m\x1b[K\xe2\x80\x99 {aka \xe2\x80\x98\x1b[01m\x1b[Kunsigned char\x1b[m\x1b[K\xe2\x80\x99} changes value from \xe2\x80\x98\x1b[01m\x1b[K272\x1b[m\x1b[K\xe2\x80\x99 to \xe2\x80\x98\x1b[01m\x1b[K16\x1b[m\x1b[K\xe2\x80\x99 [\x1b[01;35m\x1b[K\x1b]8;;https://gcc.gnu.org/onlinedocs/gcc/Warning-Options.html#index-Woverflow\x07-Woverflow\x1b]8;;\x07\x1b[m\x1b[K]\n'}
[5.252872] (usb_device_driver) StderrLine: {'line': b'   18 | #define MAVLINK_MSG_ID_DOG_MOTORS_STATE_LEN \x1b[01;35m\x1b[K272\x1b[m\x1b[K\n'}
[5.252994] (usb_device_driver) StderrLine: {'line': b'      |                                             \x1b[01;35m\x1b[K^~~\x1b[m\x1b[K\n'}
[5.253109] (usb_device_driver) StderrLine: {'line': b'\x1b[01m\x1b[K/home/miles/usb_ros2_ws/src/usb_device_driver/generated/include/mavlink/v2.0/robot_dog/./mavlink_msg_dog_motors_state.h:158:124:\x1b[m\x1b[K \x1b[01;36m\x1b[Knote: \x1b[m\x1b[Kin expansion of macro \xe2\x80\x98\x1b[01m\x1b[KMAVLINK_MSG_ID_DOG_MOTORS_STATE_LEN\x1b[m\x1b[K\xe2\x80\x99\n'}
[5.253246] (usb_device_driver) StderrLine: {'line': b'  158 | _message_buffer(msg, system_id, component_id, _status, MAVLINK_MSG_ID_DOG_MOTORS_STATE_MIN_LEN, \x1b[01;36m\x1b[KMAVLINK_MSG_ID_DOG_MOTORS_STATE_LEN\x1b[m\x1b[K, MAVLINK_MSG_ID_DOG_MOTORS_STATE_CRC);\n'}
[5.253364] (usb_device_driver) StderrLine: {'line': b'      |                                                                                                 \x1b[01;36m\x1b[K^~~~~~~~~~~~~~~~~~~~~~~~~~~~~~~~~~~\x1b[m\x1b[K\n'}
[5.253483] (usb_device_driver) StderrLine: {'line': b'\n'}
[5.253601] (usb_device_driver) StderrLine: {'line': b'\x1b[01m\x1b[K/home/miles/usb_ros2_ws/src/usb_device_driver/generated/include/mavlink/v2.0/robot_dog/./mavlink_msg_dog_motors_state.h:\x1b[m\x1b[K In function \xe2\x80\x98\x1b[01m\x1b[Kuint16_t mavlink_msg_dog_motors_state_pack_chan(uint8_t, uint8_t, uint8_t, mavlink_message_t*, uint64_t, const uint8_t*, const float*, const float*, const float*, const float*, const float*, const uint8_t*)\x1b[m\x1b[K\xe2\x80\x99:\n'}
[5.253790] (usb_device_driver) StderrLine: {'line': b'\x1b[01m\x1b[K/home/miles/usb_ros2_ws/src/usb_device_driver/generated/include/mavlink/v2.0/robot_dog/./mavlink_msg_dog_motors_state.h:19:49:\x1b[m\x1b[K \x1b[01;35m\x1b[Kwarning: \x1b[m\x1b[Kunsigned conversion from \xe2\x80\x98\x1b[01m\x1b[Kint\x1b[m\x1b[K\xe2\x80\x99 to \xe2\x80\x98\x1b[01m\x1b[Kuint8_t\x1b[m\x1b[K\xe2\x80\x99 {aka \xe2\x80\x98\x1b[01m\x1b[Kunsigned char\x1b[m\x1b[K\xe2\x80\x99} changes value from \xe2\x80\x98\x1b[01m\x1b[K272\x1b[m\x1b[K\xe2\x80\x99 to \xe2\x80\x98\x1b[01m\x1b[K16\x1b[m\x1b[K\xe2\x80\x99 [\x1b[01;35m\x1b[K\x1b]8;;https://gcc.gnu.org/onlinedocs/gcc/Warning-Options.html#index-Woverflow\x07-Woverflow\x1b]8;;\x07\x1b[m\x1b[K]\n'}
[5.253930] (usb_device_driver) StderrLine: {'line': b'   19 | #define MAVLINK_MSG_ID_DOG_MOTORS_STATE_MIN_LEN \x1b[01;35m\x1b[K272\x1b[m\x1b[K\n'}
[5.254048] (usb_device_driver) StderrLine: {'line': b'      |                                                 \x1b[01;35m\x1b[K^~~\x1b[m\x1b[K\n'}
[5.254169] (usb_device_driver) StderrLine: {'line': b'\x1b[01m\x1b[K/home/miles/usb_ros2_ws/src/usb_device_driver/generated/include/mavlink/v2.0/robot_dog/./mavlink_msg_dog_motors_state.h:209:78:\x1b[m\x1b[K \x1b[01;36m\x1b[Knote: \x1b[m\x1b[Kin expansion of macro \xe2\x80\x98\x1b[01m\x1b[KMAVLINK_MSG_ID_DOG_MOTORS_STATE_MIN_LEN\x1b[m\x1b[K\xe2\x80\x99\n'}
[5.254374] (usb_device_driver) StderrLine: {'line': b'  209 |     return mavlink_finalize_message_chan(msg, system_id, component_id, chan, \x1b[01;36m\x1b[KMAVLINK_MSG_ID_DOG_MOTORS_STATE_MIN_LEN\x1b[m\x1b[K, MAVLINK_MSG_ID_DOG_MOTORS_STATE_LEN, MAVLINK_MSG_ID_DOG_MOTORS_STATE_CRC);\n'}
[5.254586] (usb_device_driver) StderrLine: {'line': b'      |                                                                              \x1b[01;36m\x1b[K^~~~~~~~~~~~~~~~~~~~~~~~~~~~~~~~~~~~~~~\x1b[m\x1b[K\n'}
[5.254862] (usb_device_driver) StderrLine: {'line': b'\x1b[01m\x1b[K/home/miles/usb_ros2_ws/src/usb_device_driver/generated/include/mavlink/v2.0/robot_dog/./mavlink_msg_dog_motors_state.h:18:45:\x1b[m\x1b[K \x1b[01;35m\x1b[Kwarning: \x1b[m\x1b[Kunsigned conversion from \xe2\x80\x98\x1b[01m\x1b[Kint\x1b[m\x1b[K\xe2\x80\x99 to \xe2\x80\x98\x1b[01m\x1b[Kuint8_t\x1b[m\x1b[K\xe2\x80\x99 {aka \xe2\x80\x98\x1b[01m\x1b[Kunsigned char\x1b[m\x1b[K\xe2\x80\x99} changes value from \xe2\x80\x98\x1b[01m\x1b[K272\x1b[m\x1b[K\xe2\x80\x99 to \xe2\x80\x98\x1b[01m\x1b[K16\x1b[m\x1b[K\xe2\x80\x99 [\x1b[01;35m\x1b[K\x1b]8;;https://gcc.gnu.org/onlinedocs/gcc/Warning-Options.html#index-Woverflow\x07-Woverflow\x1b]8;;\x07\x1b[m\x1b[K]\n'}
[5.255076] (usb_device_driver) StderrLine: {'line': b'   18 | #define MAVLINK_MSG_ID_DOG_MOTORS_STATE_LEN \x1b[01;35m\x1b[K272\x1b[m\x1b[K\n'}
[5.255223] (usb_device_driver) StderrLine: {'line': b'      |                                             \x1b[01;35m\x1b[K^~~\x1b[m\x1b[K\n'}
[5.255349] (usb_device_driver) StderrLine: {'line': b'\x1b[01m\x1b[K/home/miles/usb_ros2_ws/src/usb_device_driver/generated/include/mavlink/v2.0/robot_dog/./mavlink_msg_dog_motors_state.h:209:119:\x1b[m\x1b[K \x1b[01;36m\x1b[Knote: \x1b[m\x1b[Kin expansion of macro \xe2\x80\x98\x1b[01m\x1b[KMAVLINK_MSG_ID_DOG_MOTORS_STATE_LEN\x1b[m\x1b[K\xe2\x80\x99\n'}
[5.255538] (usb_device_driver) StderrLine: {'line': b'  209 | alize_message_chan(msg, system_id, component_id, chan, MAVLINK_MSG_ID_DOG_MOTORS_STATE_MIN_LEN, \x1b[01;36m\x1b[KMAVLINK_MSG_ID_DOG_MOTORS_STATE_LEN\x1b[m\x1b[K, MAVLINK_MSG_ID_DOG_MOTORS_STATE_CRC);\n'}
[5.255757] (usb_device_driver) StderrLine: {'line': b'      |                                                                                                 \x1b[01;36m\x1b[K^~~~~~~~~~~~~~~~~~~~~~~~~~~~~~~~~~~\x1b[m\x1b[K\n'}
[5.255983] (usb_device_driver) StderrLine: {'line': b'\n'}
[5.256182] (usb_device_driver) StderrLine: {'line': b'In file included from \x1b[01m\x1b[K/home/miles/usb_ros2_ws/src/usb_device_driver/generated/include/mavlink/v2.0/robot_dog/robot_dog.h:58\x1b[m\x1b[K,\n'}
[5.256385] (usb_device_driver) StderrLine: {'line': b'                 from \x1b[01m\x1b[K/home/miles/usb_ros2_ws/src/usb_device_driver/generated/include/mavlink/v2.0/robot_dog/mavlink.h:39\x1b[m\x1b[K,\n'}
[5.256516] (usb_device_driver) StderrLine: {'line': b'                 from \x1b[01m\x1b[K/home/miles/usb_ros2_ws/src/usb_device_driver/include/usb_device_driver/usb_reader_node.hpp:20\x1b[m\x1b[K,\n'}
[5.256676] (usb_device_driver) StderrLine: {'line': b'                 from \x1b[01m\x1b[K/home/miles/usb_ros2_ws/src/usb_device_driver/src/usb_reader_node.cpp:1\x1b[m\x1b[K:\n'}
[5.256825] (usb_device_driver) StderrLine: {'line': b'\x1b[01m\x1b[K/home/miles/usb_ros2_ws/src/usb_device_driver/generated/include/mavlink/v2.0/robot_dog/./mavlink_msg_dog_motors_state.h:\x1b[m\x1b[K In function \xe2\x80\x98\x1b[01m\x1b[Kuint16_t mavlink_msg_dog_motors_state_get_statuses(const mavlink_message_t*, uint8_t*)\x1b[m\x1b[K\xe2\x80\x99:\n'}
[5.256948] (usb_device_driver) StderrLine: {'line': b'\x1b[01m\x1b[K/home/miles/usb_ros2_ws/src/usb_device_driver/generated/include/mavlink/v2.0/robot_dog/./mavlink_msg_dog_motors_state.h:427:58:\x1b[m\x1b[K \x1b[01;35m\x1b[Kwarning: \x1b[m\x1b[Kunsigned conversion from \xe2\x80\x98\x1b[01m\x1b[Kint\x1b[m\x1b[K\xe2\x80\x99 to \xe2\x80\x98\x1b[01m\x1b[Kuint8_t\x1b[m\x1b[K\xe2\x80\x99 {aka \xe2\x80\x98\x1b[01m\x1b[Kunsigned char\x1b[m\x1b[K\xe2\x80\x99} changes value from \xe2\x80\x98\x1b[01m\x1b[K260\x1b[m\x1b[K\xe2\x80\x99 to \xe2\x80\x98\x1b[01m\x1b[K4\x1b[m\x1b[K\xe2\x80\x99 [\x1b[01;35m\x1b[K\x1b]8;;https://gcc.gnu.org/onlinedocs/gcc/Warning-Options.html#index-Woverflow\x07-Woverflow\x1b]8;;\x07\x1b[m\x1b[K]\n'}
[5.257107] (usb_device_driver) StderrLine: {'line': b'  427 |     return _MAV_RETURN_uint8_t_array(msg, statuses, 12,  \x1b[01;35m\x1b[K260\x1b[m\x1b[K);\n'}
[5.257229] (usb_device_driver) StderrLine: {'line': b'      |                                                          \x1b[01;35m\x1b[K^~~\x1b[m\x1b[K\n'}
[5.257348] (usb_device_driver) StderrLine: {'line': b'\x1b[01m\x1b[K/home/miles/usb_ros2_ws/src/usb_device_driver/generated/include/mavlink/v2.0/robot_dog/./mavlink_msg_dog_motors_state.h:\x1b[m\x1b[K In function \xe2\x80\x98\x1b[01m\x1b[Kvoid mavlink_msg_dog_motors_state_decode(const mavlink_message_t*, mavlink_dog_motors_state_t*)\x1b[m\x1b[K\xe2\x80\x99:\n'}
[5.257486] (usb_device_driver) StderrLine: {'line': b'\x1b[01m\x1b[K/home/miles/usb_ros2_ws/src/usb_device_driver/generated/include/mavlink/v2.0/robot_dog/./mavlink_msg_dog_motors_state.h:448:32:\x1b[m\x1b[K \x1b[01;35m\x1b[Kwarning: \x1b[m\x1b[Kcomparison is always true due to limited range of data type [\x1b[01;35m\x1b[K\x1b]8;;https://gcc.gnu.org/onlinedocs/gcc/Warning-Options.html#index-Wtype-limits\x07-Wtype-limits\x1b]8;;\x07\x1b[m\x1b[K]\n'}
[5.257630] (usb_device_driver) StderrLine: {'line': b'  448 |         uint8_t len = msg->len \x1b[01;35m\x1b[K<\x1b[m\x1b[K MAVLINK_MSG_ID_DOG_MOTORS_STATE_LEN? msg->len : MAVLINK_MSG_ID_DOG_MOTORS_STATE_LEN;\n'}
[5.257781] (usb_device_driver) StderrLine: {'line': b'      |                                \x1b[01;35m\x1b[K^\x1b[m\x1b[K\n'}
[5.322511] (-) TimerEvent: {}
[5.422971] (-) TimerEvent: {}
[5.523429] (-) TimerEvent: {}
[5.623966] (-) TimerEvent: {}
[5.724406] (-) TimerEvent: {}
[5.786330] (usb_device_driver) StderrLine: {'line': b'In file included from \x1b[01m\x1b[K/opt/ros/humble/include/rclcpp/rclcpp/logging.hpp:24\x1b[m\x1b[K,\n'}
[5.786639] (usb_device_driver) StderrLine: {'line': b'                 from \x1b[01m\x1b[K/opt/ros/humble/include/rclcpp/rclcpp/client.hpp:40\x1b[m\x1b[K,\n'}
[5.786901] (usb_device_driver) StderrLine: {'line': b'                 from \x1b[01m\x1b[K/opt/ros/humble/include/rclcpp/rclcpp/callback_group.hpp:24\x1b[m\x1b[K,\n'}
[5.786986] (usb_device_driver) StderrLine: {'line': b'                 from \x1b[01m\x1b[K/opt/ros/humble/include/rclcpp/rclcpp/any_executable.hpp:20\x1b[m\x1b[K,\n'}
[5.787061] (usb_device_driver) StderrLine: {'line': b'                 from \x1b[01m\x1b[K/opt/ros/humble/include/rclcpp/rclcpp/memory_strategy.hpp:25\x1b[m\x1b[K,\n'}
[5.787133] (usb_device_driver) StderrLine: {'line': b'                 from \x1b[01m\x1b[K/opt/ros/humble/include/rclcpp/rclcpp/memory_strategies.hpp:18\x1b[m\x1b[K,\n'}
[5.787210] (usb_device_driver) StderrLine: {'line': b'                 from \x1b[01m\x1b[K/opt/ros/humble/include/rclcpp/rclcpp/executor_options.hpp:20\x1b[m\x1b[K,\n'}
[5.787284] (usb_device_driver) StderrLine: {'line': b'                 from \x1b[01m\x1b[K/opt/ros/humble/include/rclcpp/rclcpp/executor.hpp:37\x1b[m\x1b[K,\n'}
[5.787354] (usb_device_driver) StderrLine: {'line': b'                 from \x1b[01m\x1b[K/opt/ros/humble/include/rclcpp/rclcpp/executors/multi_threaded_executor.hpp:25\x1b[m\x1b[K,\n'}
[5.787422] (usb_device_driver) StderrLine: {'line': b'                 from \x1b[01m\x1b[K/opt/ros/humble/include/rclcpp/rclcpp/executors.hpp:21\x1b[m\x1b[K,\n'}
[5.787502] (usb_device_driver) StderrLine: {'line': b'                 from \x1b[01m\x1b[K/opt/ros/humble/include/rclcpp/rclcpp/rclcpp.hpp:155\x1b[m\x1b[K,\n'}
[5.787567] (usb_device_driver) StderrLine: {'line': b'                 from \x1b[01m\x1b[K/home/miles/usb_ros2_ws/src/usb_device_driver/include/usb_device_driver/usb_reader_node.hpp:4\x1b[m\x1b[K,\n'}
[5.787656] (usb_device_driver) StderrLine: {'line': b'                 from \x1b[01m\x1b[K/home/miles/usb_ros2_ws/src/usb_device_driver/src/usb_reader_node.cpp:1\x1b[m\x1b[K:\n'}
[5.787738] (usb_device_driver) StderrLine: {'line': b'\x1b[01m\x1b[K/home/miles/usb_ros2_ws/src/usb_device_driver/src/usb_reader_node.cpp:\x1b[m\x1b[K In member function \xe2\x80\x98\x1b[01m\x1b[Kvoid usb_device_driver::USBReaderNode::handleReceivedMavlinkData(const uint8_t*, size_t)\x1b[m\x1b[K\xe2\x80\x99:\n'}
[5.787813] (usb_device_driver) StderrLine: {'line': b'\x1b[01m\x1b[K/home/miles/usb_ros2_ws/src/usb_device_driver/src/usb_reader_node.cpp:607:61:\x1b[m\x1b[K \x1b[01;35m\x1b[Kwarning: \x1b[m\x1b[Kformat \xe2\x80\x98\x1b[01m\x1b[K%d\x1b[m\x1b[K\xe2\x80\x99 expects argument of type \xe2\x80\x98\x1b[01m\x1b[Kint\x1b[m\x1b[K\xe2\x80\x99, but argument 5 has type \xe2\x80\x98\x1b[01m\x1b[Ksize_t\x1b[m\x1b[K\xe2\x80\x99 {aka \xe2\x80\x98\x1b[01m\x1b[Klong unsigned int\x1b[m\x1b[K\xe2\x80\x99} [\x1b[01;35m\x1b[K\x1b]8;;https://gcc.gnu.org/onlinedocs/gcc/Warning-Options.html#index-Wformat=\x07-Wformat=\x1b]8;;\x07\x1b[m\x1b[K]\n'}
[5.788158] (usb_device_driver) StderrLine: {'line': b'  607 |                             RCLCPP_INFO(this->get_logger(), \x1b[01;35m\x1b[K"\xe5\x8f\x91\xe5\xb8\x83\xe7\x94\xb5\xe6\x9c\xba\xe7\x8a\xb6\xe6\x80\x81\xe6\xb6\x88\xe6\x81\xaf\xe5\x88\xb0ROS2:\xef\xbc\x8c\xe9\x95\xbf\xe5\xba\xa6\xef\xbc\x9a%d"\x1b[m\x1b[K, \x1b[32m\x1b[Klen\x1b[m\x1b[K);\n'}
[5.788239] (usb_device_driver) StderrLine: {'line': b'      |                                                             \x1b[01;35m\x1b[K^~~~~~~~~~~~~~~~~~~~~~~~~~~~~~~~~~~\x1b[m\x1b[K  \x1b[32m\x1b[K~~~\x1b[m\x1b[K\n'}
[5.788324] (usb_device_driver) StderrLine: {'line': b'      |                                                                                                  \x1b[32m\x1b[K|\x1b[m\x1b[K\n'}
[5.788404] (usb_device_driver) StderrLine: {'line': b'      |                                                                                                  \x1b[32m\x1b[Ksize_t {aka long unsigned int}\x1b[m\x1b[K\n'}
[5.788484] (usb_device_driver) StderrLine: {'line': b'\x1b[01m\x1b[K/home/miles/usb_ros2_ws/src/usb_device_driver/src/usb_reader_node.cpp:607:94:\x1b[m\x1b[K \x1b[01;36m\x1b[Knote: \x1b[m\x1b[Kformat string is defined here\n'}
[5.788555] (usb_device_driver) StderrLine: {'line': b'  607 |                             RCLCPP_INFO(this->get_logger(), "\xe5\x8f\x91\xe5\xb8\x83\xe7\x94\xb5\xe6\x9c\xba\xe7\x8a\xb6\xe6\x80\x81\xe6\xb6\x88\xe6\x81\xaf\xe5\x88\xb0ROS2:\xef\xbc\x8c\xe9\x95\xbf\xe5\xba\xa6\xef\xbc\x9a\x1b[01;36m\x1b[K%d\x1b[m\x1b[K", len);\n'}
[5.788652] (usb_device_driver) StderrLine: {'line': b'      |                                                                                             \x1b[01;36m\x1b[K~^\x1b[m\x1b[K\n'}
[5.788738] (usb_device_driver) StderrLine: {'line': b'      |                                                                                              \x1b[01;36m\x1b[K|\x1b[m\x1b[K\n'}
[5.788809] (usb_device_driver) StderrLine: {'line': b'      |                                                                                              \x1b[01;36m\x1b[Kint\x1b[m\x1b[K\n'}
[5.788878] (usb_device_driver) StderrLine: {'line': b'      |                                                                                             \x1b[32m\x1b[K%ld\x1b[m\x1b[K\n'}
[5.788944] (usb_device_driver) StderrLine: {'line': b'In file included from \x1b[01m\x1b[K/opt/ros/humble/include/rclcpp/rclcpp/logging.hpp:24\x1b[m\x1b[K,\n'}
[5.789010] (usb_device_driver) StderrLine: {'line': b'                 from \x1b[01m\x1b[K/opt/ros/humble/include/rclcpp/rclcpp/client.hpp:40\x1b[m\x1b[K,\n'}
[5.789078] (usb_device_driver) StderrLine: {'line': b'                 from \x1b[01m\x1b[K/opt/ros/humble/include/rclcpp/rclcpp/callback_group.hpp:24\x1b[m\x1b[K,\n'}
[5.789154] (usb_device_driver) StderrLine: {'line': b'                 from \x1b[01m\x1b[K/opt/ros/humble/include/rclcpp/rclcpp/any_executable.hpp:20\x1b[m\x1b[K,\n'}
[5.789222] (usb_device_driver) StderrLine: {'line': b'                 from \x1b[01m\x1b[K/opt/ros/humble/include/rclcpp/rclcpp/memory_strategy.hpp:25\x1b[m\x1b[K,\n'}
[5.789290] (usb_device_driver) StderrLine: {'line': b'                 from \x1b[01m\x1b[K/opt/ros/humble/include/rclcpp/rclcpp/memory_strategies.hpp:18\x1b[m\x1b[K,\n'}
[5.789357] (usb_device_driver) StderrLine: {'line': b'                 from \x1b[01m\x1b[K/opt/ros/humble/include/rclcpp/rclcpp/executor_options.hpp:20\x1b[m\x1b[K,\n'}
[5.789423] (usb_device_driver) StderrLine: {'line': b'                 from \x1b[01m\x1b[K/opt/ros/humble/include/rclcpp/rclcpp/executor.hpp:37\x1b[m\x1b[K,\n'}
[5.789488] (usb_device_driver) StderrLine: {'line': b'                 from \x1b[01m\x1b[K/opt/ros/humble/include/rclcpp/rclcpp/executors/multi_threaded_executor.hpp:25\x1b[m\x1b[K,\n'}
[5.789553] (usb_device_driver) StderrLine: {'line': b'                 from \x1b[01m\x1b[K/opt/ros/humble/include/rclcpp/rclcpp/executors.hpp:21\x1b[m\x1b[K,\n'}
[5.789624] (usb_device_driver) StderrLine: {'line': b'                 from \x1b[01m\x1b[K/opt/ros/humble/include/rclcpp/rclcpp/rclcpp.hpp:155\x1b[m\x1b[K,\n'}
[5.789703] (usb_device_driver) StderrLine: {'line': b'                 from \x1b[01m\x1b[K/home/miles/usb_ros2_ws/src/usb_device_driver/include/usb_device_driver/usb_reader_node.hpp:4\x1b[m\x1b[K,\n'}
[5.789790] (usb_device_driver) StderrLine: {'line': b'                 from \x1b[01m\x1b[K/home/miles/usb_ros2_ws/src/usb_device_driver/src/usb_reader_node.cpp:1\x1b[m\x1b[K:\n'}
[5.789891] (usb_device_driver) StderrLine: {'line': b'\x1b[01m\x1b[K/home/miles/usb_ros2_ws/src/usb_device_driver/src/usb_reader_node.cpp:646:61:\x1b[m\x1b[K \x1b[01;35m\x1b[Kwarning: \x1b[m\x1b[Kformat \xe2\x80\x98\x1b[01m\x1b[K%d\x1b[m\x1b[K\xe2\x80\x99 expects argument of type \xe2\x80\x98\x1b[01m\x1b[Kint\x1b[m\x1b[K\xe2\x80\x99, but argument 5 has type \xe2\x80\x98\x1b[01m\x1b[Ksize_t\x1b[m\x1b[K\xe2\x80\x99 {aka \xe2\x80\x98\x1b[01m\x1b[Klong unsigned int\x1b[m\x1b[K\xe2\x80\x99} [\x1b[01;35m\x1b[K\x1b]8;;https://gcc.gnu.org/onlinedocs/gcc/Warning-Options.html#index-Wformat=\x07-Wformat=\x1b]8;;\x07\x1b[m\x1b[K]\n'}
[5.790001] (usb_device_driver) StderrLine: {'line': b'  646 |                             RCLCPP_INFO(this->get_logger(), \x1b[01;35m\x1b[K"\xe5\x8f\x91\xe5\xb8\x83IMU\xe6\x95\xb0\xe6\x8d\xae\xe6\xb6\x88\xe6\x81\xaf\xe5\x88\xb0ROS2:\xef\xbc\x8c\xe9\x95\xbf\xe5\xba\xa6\xef\xbc\x9a%d"\x1b[m\x1b[K, \x1b[32m\x1b[Klen\x1b[m\x1b[K);\n'}
[5.790085] (usb_device_driver) StderrLine: {'line': b'      |                                                             \x1b[01;35m\x1b[K^~~~~~~~~~~~~~~~~~~~~~~~~~~~~~~~~~\x1b[m\x1b[K  \x1b[32m\x1b[K~~~\x1b[m\x1b[K\n'}
[5.790156] (usb_device_driver) StderrLine: {'line': b'      |                                                                                                 \x1b[32m\x1b[K|\x1b[m\x1b[K\n'}
[5.790226] (usb_device_driver) StderrLine: {'line': b'      |                                                                                                 \x1b[32m\x1b[Ksize_t {aka long unsigned int}\x1b[m\x1b[K\n'}
[5.790303] (usb_device_driver) StderrLine: {'line': b'\x1b[01m\x1b[K/home/miles/usb_ros2_ws/src/usb_device_driver/src/usb_reader_node.cpp:646:93:\x1b[m\x1b[K \x1b[01;36m\x1b[Knote: \x1b[m\x1b[Kformat string is defined here\n'}
[5.790383] (usb_device_driver) StderrLine: {'line': b'  646 |                             RCLCPP_INFO(this->get_logger(), "\xe5\x8f\x91\xe5\xb8\x83IMU\xe6\x95\xb0\xe6\x8d\xae\xe6\xb6\x88\xe6\x81\xaf\xe5\x88\xb0ROS2:\xef\xbc\x8c\xe9\x95\xbf\xe5\xba\xa6\xef\xbc\x9a\x1b[01;36m\x1b[K%d\x1b[m\x1b[K", len);\n'}
[5.790510] (usb_device_driver) StderrLine: {'line': b'      |                                                                                            \x1b[01;36m\x1b[K~^\x1b[m\x1b[K\n'}
[5.790621] (usb_device_driver) StderrLine: {'line': b'      |                                                                                             \x1b[01;36m\x1b[K|\x1b[m\x1b[K\n'}
[5.790712] (usb_device_driver) StderrLine: {'line': b'      |                                                                                             \x1b[01;36m\x1b[Kint\x1b[m\x1b[K\n'}
[5.790830] (usb_device_driver) StderrLine: {'line': b'      |                                                                                            \x1b[32m\x1b[K%ld\x1b[m\x1b[K\n'}
[5.824551] (-) TimerEvent: {}
[5.925100] (-) TimerEvent: {}
[6.025569] (-) TimerEvent: {}
[6.126111] (-) TimerEvent: {}
[6.226559] (-) TimerEvent: {}
[6.327052] (-) TimerEvent: {}
[6.427515] (-) TimerEvent: {}
[6.527978] (-) TimerEvent: {}
[6.628406] (-) TimerEvent: {}
[6.728897] (-) TimerEvent: {}
[6.829350] (-) TimerEvent: {}
[6.929869] (-) TimerEvent: {}
[7.030341] (-) TimerEvent: {}
[7.130784] (-) TimerEvent: {}
[7.231224] (-) TimerEvent: {}
[7.331596] (-) TimerEvent: {}
[7.432097] (-) TimerEvent: {}
[7.532553] (-) TimerEvent: {}
[7.633054] (-) TimerEvent: {}
[7.733501] (-) TimerEvent: {}
[7.833981] (-) TimerEvent: {}
[7.934392] (-) TimerEvent: {}
[8.034826] (-) TimerEvent: {}
[8.135224] (-) TimerEvent: {}
[8.235648] (-) TimerEvent: {}
[8.336037] (-) TimerEvent: {}
[8.436395] (-) TimerEvent: {}
[8.536775] (-) TimerEvent: {}
[8.637123] (-) TimerEvent: {}
[8.737481] (-) TimerEvent: {}
[8.837840] (-) TimerEvent: {}
[8.938180] (-) TimerEvent: {}
[9.038525] (-) TimerEvent: {}
[9.138884] (-) TimerEvent: {}
[9.239236] (-) TimerEvent: {}
[9.339582] (-) TimerEvent: {}
[9.439948] (-) TimerEvent: {}
[9.540294] (-) TimerEvent: {}
[9.640714] (-) TimerEvent: {}
[9.741036] (-) TimerEvent: {}
[9.841392] (-) TimerEvent: {}
[9.942181] (-) TimerEvent: {}
[10.042522] (-) TimerEvent: {}
[10.142865] (-) TimerEvent: {}
[10.243193] (-) TimerEvent: {}
[10.343512] (-) TimerEvent: {}
[10.443865] (-) TimerEvent: {}
[10.544196] (-) TimerEvent: {}
[10.644528] (-) TimerEvent: {}
[10.744880] (-) TimerEvent: {}
[10.845242] (-) TimerEvent: {}
[10.945578] (-) TimerEvent: {}
[11.046002] (-) TimerEvent: {}
[11.146677] (-) TimerEvent: {}
[11.247007] (-) TimerEvent: {}
[11.347339] (-) TimerEvent: {}
[11.447682] (-) TimerEvent: {}
[11.548025] (-) TimerEvent: {}
[11.648366] (-) TimerEvent: {}
[11.748708] (-) TimerEvent: {}
[11.849069] (-) TimerEvent: {}
[11.949475] (-) TimerEvent: {}
[12.049821] (-) TimerEvent: {}
[12.150522] (-) TimerEvent: {}
[12.251193] (-) TimerEvent: {}
[12.351535] (-) TimerEvent: {}
[12.414041] (usb_device_driver) StdoutLine: {'line': b'[ 98%] \x1b[32m\x1b[1mLinking CXX executable usb_reader_node\x1b[0m\n'}
[12.451678] (-) TimerEvent: {}
[12.552036] (-) TimerEvent: {}
[12.652396] (-) TimerEvent: {}
[12.752694] (-) TimerEvent: {}
[12.776415] (usb_device_driver) StdoutLine: {'line': b'[100%] Built target usb_reader_node\n'}
[12.790223] (usb_device_driver) CommandEnded: {'returncode': 0}
[12.790817] (usb_device_driver) JobProgress: {'identifier': 'usb_device_driver', 'progress': 'install'}
[12.798940] (usb_device_driver) Command: {'cmd': ['/usr/bin/cmake', '--install', '/home/miles/usb_ros2_ws/build/usb_device_driver'], 'cwd': '/home/miles/usb_ros2_ws/build/usb_device_driver', 'env': OrderedDict([('GJS_DEBUG_TOPICS', 'JS ERROR;JS LOG'), ('PYTHON_BASIC_REPL', '1'), ('LESSOPEN', '| /usr/bin/lesspipe %s'), ('LANGUAGE', 'zh_CN:en'), ('USER', 'miles'), ('LC_TIME', 'zh_CN.UTF-8'), ('XDG_SESSION_TYPE', 'wayland'), ('GIT_ASKPASS', '/usr/share/code/resources/app/extensions/git/dist/askpass.sh'), ('SHLVL', '1'), ('LD_LIBRARY_PATH', '/usr/lib/x86_64-linux-gnu/gazebo-11/plugins:/opt/ros/humble/opt/rviz_ogre_vendor/lib:/opt/ros/humble/lib/x86_64-linux-gnu:/opt/ros/humble/lib'), ('HOME', '/home/miles'), ('CHROME_DESKTOP', 'code.desktop'), ('TERM_PROGRAM_VERSION', '1.115.0'), ('DESKTOP_SESSION', 'ubuntu'), ('GIO_LAUNCHED_DESKTOP_FILE', '/usr/share/applications/code.desktop'), ('ROS_PYTHON_VERSION', '3'), ('GNOME_SHELL_SESSION_MODE', 'ubuntu'), ('GTK_MODULES', 'gail:atk-bridge'), ('VSCODE_GIT_ASKPASS_MAIN', '/usr/share/code/resources/app/extensions/git/dist/askpass-main.js'), ('LC_MONETARY', 'zh_CN.UTF-8'), ('VSCODE_GIT_ASKPASS_NODE', '/usr/share/code/code'), ('MANAGERPID', '1098'), ('PYDEVD_DISABLE_FILE_VALIDATION', '1'), ('SYSTEMD_EXEC_PID', '1512'), ('BUNDLED_DEBUGPY_PATH', '/home/miles/.vscode/extensions/ms-python.debugpy-2026.6.0-linux-x64/bundled/libs/debugpy'), ('IM_CONFIG_CHECK_ENV', '1'), ('VSCODE_PYTHON_AUTOACTIVATE_GUARD', '1'), ('DBUS_SESSION_BUS_ADDRESS', 'unix:path=/run/user/1000/bus'), ('COLORTERM', 'truecolor'), ('GIO_LAUNCHED_DESKTOP_FILE_PID', '2395'), ('IM_CONFIG_PHASE', '1'), ('WAYLAND_DISPLAY', 'wayland-0'), ('ROS_DISTRO', 'humble'), ('LOGNAME', 'miles'), ('JOURNAL_STREAM', '8:12938'), ('_', '/usr/bin/colcon'), ('ROS_VERSION', '2'), ('XDG_SESSION_CLASS', 'user'), ('USERNAME', 'miles'), ('TERM', 'xterm-256color'), ('GNOME_DESKTOP_SESSION_ID', 'this-is-deprecated'), ('FC_FONTATIONS', '1'), ('ROS_LOCALHOST_ONLY', '0'), ('PATH', '/home/miles/miniconda3/bin:/home/miles/.config/Code/User/globalStorage/github.copilot-chat/debugCommand:/home/miles/.config/Code/User/globalStorage/github.copilot-chat/copilotCli:/home/miles/.local/bin:/home/miles/miniconda3/bin:/opt/ros/humble/bin:/home/miles/.local/bin:/usr/local/sbin:/usr/local/bin:/usr/sbin:/usr/bin:/sbin:/bin:/usr/games:/usr/local/games:/snap/bin:/snap/bin:/home/miles/.vscode/extensions/ms-python.debugpy-2026.6.0-linux-x64/bundled/scripts/noConfigScripts'), ('SESSION_MANAGER', 'local/miles:@/tmp/.ICE-unix/1484,unix/miles:/tmp/.ICE-unix/1484'), ('INVOCATION_ID', '6bd4fc7edcdb4a4f8033df3d0818de29'), ('PAPERSIZE', 'a4'), ('XDG_MENU_PREFIX', 'gnome-'), ('LC_ADDRESS', 'zh_CN.UTF-8'), ('GNOME_SETUP_DISPLAY', ':1'), ('XDG_RUNTIME_DIR', '/run/user/1000'), ('GDK_BACKEND', 'wayland'), ('DISPLAY', ':0'), ('VSCODE_DEBUGPY_ADAPTER_ENDPOINTS', '/home/miles/.vscode/extensions/ms-python.debugpy-2026.6.0-linux-x64/.noConfigDebugAdapterEndpoints/endpoint-510fb0e7ba3d52da.txt'), ('LANG', 'zh_CN.UTF-8'), ('XDG_CURRENT_DESKTOP', 'ubuntu:GNOME'), ('PYTHONSTARTUP', '/home/miles/.config/Code/User/workspaceStorage/ff9966d21cc0024eeada1ee1a360488f/ms-python.python/pythonrc.py'), ('LC_TELEPHONE', 'zh_CN.UTF-8'), ('XMODIFIERS', '@im=ibus'), ('XDG_SESSION_DESKTOP', 'ubuntu'), ('XAUTHORITY', '/run/user/1000/.mutter-Xwaylandauth.UUYLP3'), ('LS_COLORS', 'rs=0:di=01;34:ln=01;36:mh=00:pi=40;33:so=01;35:do=01;35:bd=40;33;01:cd=40;33;01:or=40;31;01:mi=00:su=37;41:sg=30;43:ca=30;41:tw=30;42:ow=34;42:st=37;44:ex=01;32:*.tar=01;31:*.tgz=01;31:*.arc=01;31:*.arj=01;31:*.taz=01;31:*.lha=01;31:*.lz4=01;31:*.lzh=01;31:*.lzma=01;31:*.tlz=01;31:*.txz=01;31:*.tzo=01;31:*.t7z=01;31:*.zip=01;31:*.z=01;31:*.dz=01;31:*.gz=01;31:*.lrz=01;31:*.lz=01;31:*.lzo=01;31:*.xz=01;31:*.zst=01;31:*.tzst=01;31:*.bz2=01;31:*.bz=01;31:*.tbz=01;31:*.tbz2=01;31:*.tz=01;31:*.deb=01;31:*.rpm=01;31:*.jar=01;31:*.war=01;31:*.ear=01;31:*.sar=01;31:*.rar=01;31:*.alz=01;31:*.ace=01;31:*.zoo=01;31:*.cpio=01;31:*.7z=01;31:*.rz=01;31:*.cab=01;31:*.wim=01;31:*.swm=01;31:*.dwm=01;31:*.esd=01;31:*.jpg=01;35:*.jpeg=01;35:*.mjpg=01;35:*.mjpeg=01;35:*.gif=01;35:*.bmp=01;35:*.pbm=01;35:*.pgm=01;35:*.ppm=01;35:*.tga=01;35:*.xbm=01;35:*.xpm=01;35:*.tif=01;35:*.tiff=01;35:*.png=01;35:*.svg=01;35:*.svgz=01;35:*.mng=01;35:*.pcx=01;35:*.mov=01;35:*.mpg=01;35:*.mpeg=01;35:*.m2v=01;35:*.mkv=01;35:*.webm=01;35:*.webp=01;35:*.ogm=01;35:*.mp4=01;35:*.m4v=01;35:*.mp4v=01;35:*.vob=01;35:*.qt=01;35:*.nuv=01;35:*.wmv=01;35:*.asf=01;35:*.rm=01;35:*.rmvb=01;35:*.flc=01;35:*.avi=01;35:*.fli=01;35:*.flv=01;35:*.gl=01;35:*.dl=01;35:*.xcf=01;35:*.xwd=01;35:*.yuv=01;35:*.cgm=01;35:*.emf=01;35:*.ogv=01;35:*.ogx=01;35:*.aac=00;36:*.au=00;36:*.flac=00;36:*.m4a=00;36:*.mid=00;36:*.midi=00;36:*.mka=00;36:*.mp3=00;36:*.mpc=00;36:*.ogg=00;36:*.ra=00;36:*.wav=00;36:*.oga=00;36:*.opus=00;36:*.spx=00;36:*.xspf=00;36:'), ('VSCODE_GIT_IPC_HANDLE', '/run/user/1000/vscode-git-03b8406b82.sock'), ('TERM_PROGRAM', 'vscode'), ('SSH_AGENT_LAUNCHER', 'gnome-keyring'), ('SSH_AUTH_SOCK', '/run/user/1000/keyring/ssh'), ('AMENT_PREFIX_PATH', '/opt/ros/humble'), ('SHELL', '/bin/bash'), ('LC_NAME', 'zh_CN.UTF-8'), ('QT_ACCESSIBILITY', '1'), ('GDMSESSION', 'ubuntu'), ('LESSCLOSE', '/usr/bin/lesspipe %s %s'), ('LC_MEASUREMENT', 'zh_CN.UTF-8'), ('GJS_DEBUG_OUTPUT', 'stderr'), ('LC_IDENTIFICATION', 'zh_CN.UTF-8'), ('VSCODE_GIT_ASKPASS_EXTRA_ARGS', ''), ('QT_IM_MODULE', 'ibus'), ('PWD', '/home/miles/usb_ros2_ws/build/usb_device_driver'), ('XDG_CONFIG_DIRS', '/etc/xdg/xdg-ubuntu:/etc/xdg'), ('XDG_DATA_DIRS', '/usr/share/ubuntu:/usr/local/share/:/usr/share/:/var/lib/snapd/desktop'), ('PYTHONPATH', '/opt/ros/humble/lib/python3.10/site-packages:/opt/ros/humble/local/lib/python3.10/dist-packages'), ('LC_NUMERIC', 'zh_CN.UTF-8'), ('LC_PAPER', 'zh_CN.UTF-8'), ('COLCON', '1'), ('CMAKE_PREFIX_PATH', '/opt/ros/humble')]), 'shell': False}
[12.808353] (usb_device_driver) StdoutLine: {'line': b'-- Install configuration: ""\n'}
[12.808669] (usb_device_driver) StdoutLine: {'line': b'-- Up-to-date: /home/miles/usb_ros2_ws/install/usb_device_driver/share/ament_index/resource_index/rosidl_interfaces/usb_device_driver\n'}
[12.808813] (usb_device_driver) StdoutLine: {'line': b'-- Up-to-date: /home/miles/usb_ros2_ws/install/usb_device_driver/include/usb_device_driver/usb_device_driver\n'}
[12.808946] (usb_device_driver) StdoutLine: {'line': b'-- Up-to-date: /home/miles/usb_ros2_ws/install/usb_device_driver/include/usb_device_driver/usb_device_driver/msg\n'}
[12.809074] (usb_device_driver) StdoutLine: {'line': b'-- Up-to-date: /home/miles/usb_ros2_ws/install/usb_device_driver/include/usb_device_driver/usb_device_driver/msg/detail\n'}
[12.809180] (usb_device_driver) StdoutLine: {'line': b'-- Installing: /home/miles/usb_ros2_ws/install/usb_device_driver/include/usb_device_driver/usb_device_driver/msg/detail/motors_cmd__struct.h\n'}
[12.809324] (usb_device_driver) StdoutLine: {'line': b'-- Installing: /home/miles/usb_ros2_ws/install/usb_device_driver/include/usb_device_driver/usb_device_driver/msg/detail/motors_states__struct.h\n'}
[12.809482] (usb_device_driver) StdoutLine: {'line': b'-- Installing: /home/miles/usb_ros2_ws/install/usb_device_driver/include/usb_device_driver/usb_device_driver/msg/detail/motors_cmd__type_support.h\n'}
[12.809711] (usb_device_driver) StdoutLine: {'line': b'-- Installing: /home/miles/usb_ros2_ws/install/usb_device_driver/include/usb_device_driver/usb_device_driver/msg/detail/motors_states__functions.c\n'}
[12.809905] (usb_device_driver) StdoutLine: {'line': b'-- Installing: /home/miles/usb_ros2_ws/install/usb_device_driver/include/usb_device_driver/usb_device_driver/msg/detail/imu_data__type_support.h\n'}
[12.809979] (usb_device_driver) StdoutLine: {'line': b'-- Installing: /home/miles/usb_ros2_ws/install/usb_device_driver/include/usb_device_driver/usb_device_driver/msg/detail/imu_data__functions.h\n'}
[12.810041] (usb_device_driver) StdoutLine: {'line': b'-- Installing: /home/miles/usb_ros2_ws/install/usb_device_driver/include/usb_device_driver/usb_device_driver/msg/detail/motors_cmd__functions.c\n'}
[12.810143] (usb_device_driver) StdoutLine: {'line': b'-- Installing: /home/miles/usb_ros2_ws/install/usb_device_driver/include/usb_device_driver/usb_device_driver/msg/detail/motors_states__type_support.h\n'}
[12.810207] (usb_device_driver) StdoutLine: {'line': b'-- Installing: /home/miles/usb_ros2_ws/install/usb_device_driver/include/usb_device_driver/usb_device_driver/msg/detail/motors_cmd__functions.h\n'}
[12.810255] (usb_device_driver) StdoutLine: {'line': b'-- Installing: /home/miles/usb_ros2_ws/install/usb_device_driver/include/usb_device_driver/usb_device_driver/msg/detail/imu_data__functions.c\n'}
[12.810300] (usb_device_driver) StdoutLine: {'line': b'-- Installing: /home/miles/usb_ros2_ws/install/usb_device_driver/include/usb_device_driver/usb_device_driver/msg/detail/motors_states__functions.h\n'}
[12.810374] (usb_device_driver) StdoutLine: {'line': b'-- Installing: /home/miles/usb_ros2_ws/install/usb_device_driver/include/usb_device_driver/usb_device_driver/msg/detail/imu_data__struct.h\n'}
[12.810484] (usb_device_driver) StdoutLine: {'line': b'-- Up-to-date: /home/miles/usb_ros2_ws/install/usb_device_driver/include/usb_device_driver/usb_device_driver/msg/rosidl_generator_c__visibility_control.h\n'}
[12.810543] (usb_device_driver) StdoutLine: {'line': b'-- Installing: /home/miles/usb_ros2_ws/install/usb_device_driver/include/usb_device_driver/usb_device_driver/msg/motors_cmd.h\n'}
[12.810664] (usb_device_driver) StdoutLine: {'line': b'-- Installing: /home/miles/usb_ros2_ws/install/usb_device_driver/include/usb_device_driver/usb_device_driver/msg/motors_states.h\n'}
[12.810801] (usb_device_driver) StdoutLine: {'line': b'-- Installing: /home/miles/usb_ros2_ws/install/usb_device_driver/include/usb_device_driver/usb_device_driver/msg/imu_data.h\n'}
[12.810978] (usb_device_driver) StdoutLine: {'line': b'-- Up-to-date: /home/miles/usb_ros2_ws/install/usb_device_driver/share/usb_device_driver/environment/library_path.sh\n'}
[12.811044] (usb_device_driver) StdoutLine: {'line': b'-- Installing: /home/miles/usb_ros2_ws/install/usb_device_driver/share/usb_device_driver/environment/library_path.dsv\n'}
[12.811556] (usb_device_driver) StdoutLine: {'line': b'-- Installing: /home/miles/usb_ros2_ws/install/usb_device_driver/lib/libusb_device_driver__rosidl_generator_c.so\n'}
[12.811962] (usb_device_driver) StdoutLine: {'line': b'-- Set runtime path of "/home/miles/usb_ros2_ws/install/usb_device_driver/lib/libusb_device_driver__rosidl_generator_c.so" to ""\n'}
[12.812047] (usb_device_driver) StdoutLine: {'line': b'-- Up-to-date: /home/miles/usb_ros2_ws/install/usb_device_driver/include/usb_device_driver/usb_device_driver\n'}
[12.812095] (usb_device_driver) StdoutLine: {'line': b'-- Up-to-date: /home/miles/usb_ros2_ws/install/usb_device_driver/include/usb_device_driver/usb_device_driver/msg\n'}
[12.812166] (usb_device_driver) StdoutLine: {'line': b'-- Up-to-date: /home/miles/usb_ros2_ws/install/usb_device_driver/include/usb_device_driver/usb_device_driver/msg/detail\n'}
[12.812209] (usb_device_driver) StdoutLine: {'line': b'-- Installing: /home/miles/usb_ros2_ws/install/usb_device_driver/include/usb_device_driver/usb_device_driver/msg/detail/motors_states__rosidl_typesupport_fastrtps_c.h\n'}
[12.812276] (usb_device_driver) StdoutLine: {'line': b'-- Installing: /home/miles/usb_ros2_ws/install/usb_device_driver/include/usb_device_driver/usb_device_driver/msg/detail/imu_data__rosidl_typesupport_fastrtps_c.h\n'}
[12.812383] (usb_device_driver) StdoutLine: {'line': b'-- Installing: /home/miles/usb_ros2_ws/install/usb_device_driver/include/usb_device_driver/usb_device_driver/msg/detail/motors_cmd__rosidl_typesupport_fastrtps_c.h\n'}
[12.812518] (usb_device_driver) StdoutLine: {'line': b'-- Up-to-date: /home/miles/usb_ros2_ws/install/usb_device_driver/include/usb_device_driver/usb_device_driver/msg/rosidl_typesupport_fastrtps_c__visibility_control.h\n'}
[12.812763] (usb_device_driver) StdoutLine: {'line': b'-- Installing: /home/miles/usb_ros2_ws/install/usb_device_driver/lib/libusb_device_driver__rosidl_typesupport_fastrtps_c.so\n'}
[12.813169] (usb_device_driver) StdoutLine: {'line': b'-- Set runtime path of "/home/miles/usb_ros2_ws/install/usb_device_driver/lib/libusb_device_driver__rosidl_typesupport_fastrtps_c.so" to ""\n'}
[12.813250] (usb_device_driver) StdoutLine: {'line': b'-- Up-to-date: /home/miles/usb_ros2_ws/install/usb_device_driver/include/usb_device_driver/usb_device_driver\n'}
[12.813307] (usb_device_driver) StdoutLine: {'line': b'-- Up-to-date: /home/miles/usb_ros2_ws/install/usb_device_driver/include/usb_device_driver/usb_device_driver/msg\n'}
[12.813351] (usb_device_driver) StdoutLine: {'line': b'-- Up-to-date: /home/miles/usb_ros2_ws/install/usb_device_driver/include/usb_device_driver/usb_device_driver/msg/detail\n'}
[12.813411] (usb_device_driver) StdoutLine: {'line': b'-- Installing: /home/miles/usb_ros2_ws/install/usb_device_driver/include/usb_device_driver/usb_device_driver/msg/detail/imu_data__builder.hpp\n'}
[12.813474] (usb_device_driver) StdoutLine: {'line': b'-- Installing: /home/miles/usb_ros2_ws/install/usb_device_driver/include/usb_device_driver/usb_device_driver/msg/detail/imu_data__type_support.hpp\n'}
[12.813572] (usb_device_driver) StdoutLine: {'line': b'-- Installing: /home/miles/usb_ros2_ws/install/usb_device_driver/include/usb_device_driver/usb_device_driver/msg/detail/motors_states__type_support.hpp\n'}
[12.813715] (usb_device_driver) StdoutLine: {'line': b'-- Installing: /home/miles/usb_ros2_ws/install/usb_device_driver/include/usb_device_driver/usb_device_driver/msg/detail/motors_cmd__struct.hpp\n'}
[12.813855] (usb_device_driver) StdoutLine: {'line': b'-- Installing: /home/miles/usb_ros2_ws/install/usb_device_driver/include/usb_device_driver/usb_device_driver/msg/detail/motors_cmd__traits.hpp\n'}
[12.814016] (usb_device_driver) StdoutLine: {'line': b'-- Installing: /home/miles/usb_ros2_ws/install/usb_device_driver/include/usb_device_driver/usb_device_driver/msg/detail/motors_states__struct.hpp\n'}
[12.814165] (usb_device_driver) StdoutLine: {'line': b'-- Installing: /home/miles/usb_ros2_ws/install/usb_device_driver/include/usb_device_driver/usb_device_driver/msg/detail/imu_data__traits.hpp\n'}
[12.814308] (usb_device_driver) StdoutLine: {'line': b'-- Installing: /home/miles/usb_ros2_ws/install/usb_device_driver/include/usb_device_driver/usb_device_driver/msg/detail/motors_states__builder.hpp\n'}
[12.814443] (usb_device_driver) StdoutLine: {'line': b'-- Installing: /home/miles/usb_ros2_ws/install/usb_device_driver/include/usb_device_driver/usb_device_driver/msg/detail/imu_data__struct.hpp\n'}
[12.814583] (usb_device_driver) StdoutLine: {'line': b'-- Installing: /home/miles/usb_ros2_ws/install/usb_device_driver/include/usb_device_driver/usb_device_driver/msg/detail/motors_states__traits.hpp\n'}
[12.814742] (usb_device_driver) StdoutLine: {'line': b'-- Installing: /home/miles/usb_ros2_ws/install/usb_device_driver/include/usb_device_driver/usb_device_driver/msg/detail/motors_cmd__builder.hpp\n'}
[12.814877] (usb_device_driver) StdoutLine: {'line': b'-- Installing: /home/miles/usb_ros2_ws/install/usb_device_driver/include/usb_device_driver/usb_device_driver/msg/detail/motors_cmd__type_support.hpp\n'}
[12.815017] (usb_device_driver) StdoutLine: {'line': b'-- Installing: /home/miles/usb_ros2_ws/install/usb_device_driver/include/usb_device_driver/usb_device_driver/msg/motors_states.hpp\n'}
[12.815174] (usb_device_driver) StdoutLine: {'line': b'-- Installing: /home/miles/usb_ros2_ws/install/usb_device_driver/include/usb_device_driver/usb_device_driver/msg/motors_cmd.hpp\n'}
[12.815332] (usb_device_driver) StdoutLine: {'line': b'-- Up-to-date: /home/miles/usb_ros2_ws/install/usb_device_driver/include/usb_device_driver/usb_device_driver/msg/rosidl_generator_cpp__visibility_control.hpp\n'}
[12.815435] (usb_device_driver) StdoutLine: {'line': b'-- Installing: /home/miles/usb_ros2_ws/install/usb_device_driver/include/usb_device_driver/usb_device_driver/msg/imu_data.hpp\n'}
[12.815612] (usb_device_driver) StdoutLine: {'line': b'-- Up-to-date: /home/miles/usb_ros2_ws/install/usb_device_driver/include/usb_device_driver/usb_device_driver\n'}
[12.815742] (usb_device_driver) StdoutLine: {'line': b'-- Up-to-date: /home/miles/usb_ros2_ws/install/usb_device_driver/include/usb_device_driver/usb_device_driver/msg\n'}
[12.815835] (usb_device_driver) StdoutLine: {'line': b'-- Up-to-date: /home/miles/usb_ros2_ws/install/usb_device_driver/include/usb_device_driver/usb_device_driver/msg/detail\n'}
[12.815892] (usb_device_driver) StdoutLine: {'line': b'-- Up-to-date: /home/miles/usb_ros2_ws/install/usb_device_driver/include/usb_device_driver/usb_device_driver/msg/detail/dds_fastrtps\n'}
[12.815938] (usb_device_driver) StdoutLine: {'line': b'-- Installing: /home/miles/usb_ros2_ws/install/usb_device_driver/include/usb_device_driver/usb_device_driver/msg/detail/motors_cmd__rosidl_typesupport_fastrtps_cpp.hpp\n'}
[12.815984] (usb_device_driver) StdoutLine: {'line': b'-- Installing: /home/miles/usb_ros2_ws/install/usb_device_driver/include/usb_device_driver/usb_device_driver/msg/detail/motors_states__rosidl_typesupport_fastrtps_cpp.hpp\n'}
[12.816052] (usb_device_driver) StdoutLine: {'line': b'-- Installing: /home/miles/usb_ros2_ws/install/usb_device_driver/include/usb_device_driver/usb_device_driver/msg/detail/imu_data__rosidl_typesupport_fastrtps_cpp.hpp\n'}
[12.816127] (usb_device_driver) StdoutLine: {'line': b'-- Up-to-date: /home/miles/usb_ros2_ws/install/usb_device_driver/include/usb_device_driver/usb_device_driver/msg/rosidl_typesupport_fastrtps_cpp__visibility_control.h\n'}
[12.816282] (usb_device_driver) StdoutLine: {'line': b'-- Installing: /home/miles/usb_ros2_ws/install/usb_device_driver/lib/libusb_device_driver__rosidl_typesupport_fastrtps_cpp.so\n'}
[12.816692] (usb_device_driver) StdoutLine: {'line': b'-- Set runtime path of "/home/miles/usb_ros2_ws/install/usb_device_driver/lib/libusb_device_driver__rosidl_typesupport_fastrtps_cpp.so" to ""\n'}
[12.816764] (usb_device_driver) StdoutLine: {'line': b'-- Up-to-date: /home/miles/usb_ros2_ws/install/usb_device_driver/include/usb_device_driver/usb_device_driver\n'}
[12.816840] (usb_device_driver) StdoutLine: {'line': b'-- Up-to-date: /home/miles/usb_ros2_ws/install/usb_device_driver/include/usb_device_driver/usb_device_driver/msg\n'}
[12.816913] (usb_device_driver) StdoutLine: {'line': b'-- Up-to-date: /home/miles/usb_ros2_ws/install/usb_device_driver/include/usb_device_driver/usb_device_driver/msg/detail\n'}
[12.816960] (usb_device_driver) StdoutLine: {'line': b'-- Installing: /home/miles/usb_ros2_ws/install/usb_device_driver/include/usb_device_driver/usb_device_driver/msg/detail/motors_cmd__rosidl_typesupport_introspection_c.h\n'}
[12.817041] (usb_device_driver) StdoutLine: {'line': b'-- Installing: /home/miles/usb_ros2_ws/install/usb_device_driver/include/usb_device_driver/usb_device_driver/msg/detail/imu_data__rosidl_typesupport_introspection_c.h\n'}
[12.817129] (usb_device_driver) StdoutLine: {'line': b'-- Installing: /home/miles/usb_ros2_ws/install/usb_device_driver/include/usb_device_driver/usb_device_driver/msg/detail/imu_data__type_support.c\n'}
[12.817279] (usb_device_driver) StdoutLine: {'line': b'-- Installing: /home/miles/usb_ros2_ws/install/usb_device_driver/include/usb_device_driver/usb_device_driver/msg/detail/motors_cmd__type_support.c\n'}
[12.817444] (usb_device_driver) StdoutLine: {'line': b'-- Installing: /home/miles/usb_ros2_ws/install/usb_device_driver/include/usb_device_driver/usb_device_driver/msg/detail/motors_states__rosidl_typesupport_introspection_c.h\n'}
[12.817580] (usb_device_driver) StdoutLine: {'line': b'-- Installing: /home/miles/usb_ros2_ws/install/usb_device_driver/include/usb_device_driver/usb_device_driver/msg/detail/motors_states__type_support.c\n'}
[12.817753] (usb_device_driver) StdoutLine: {'line': b'-- Up-to-date: /home/miles/usb_ros2_ws/install/usb_device_driver/include/usb_device_driver/usb_device_driver/msg/rosidl_typesupport_introspection_c__visibility_control.h\n'}
[12.817982] (usb_device_driver) StdoutLine: {'line': b'-- Installing: /home/miles/usb_ros2_ws/install/usb_device_driver/lib/libusb_device_driver__rosidl_typesupport_introspection_c.so\n'}
[12.818382] (usb_device_driver) StdoutLine: {'line': b'-- Set runtime path of "/home/miles/usb_ros2_ws/install/usb_device_driver/lib/libusb_device_driver__rosidl_typesupport_introspection_c.so" to ""\n'}
[12.818577] (usb_device_driver) StdoutLine: {'line': b'-- Installing: /home/miles/usb_ros2_ws/install/usb_device_driver/lib/libusb_device_driver__rosidl_typesupport_c.so\n'}
[12.818900] (usb_device_driver) StdoutLine: {'line': b'-- Set runtime path of "/home/miles/usb_ros2_ws/install/usb_device_driver/lib/libusb_device_driver__rosidl_typesupport_c.so" to ""\n'}
[12.818977] (usb_device_driver) StdoutLine: {'line': b'-- Up-to-date: /home/miles/usb_ros2_ws/install/usb_device_driver/include/usb_device_driver/usb_device_driver\n'}
[12.819049] (usb_device_driver) StdoutLine: {'line': b'-- Up-to-date: /home/miles/usb_ros2_ws/install/usb_device_driver/include/usb_device_driver/usb_device_driver/msg\n'}
[12.819099] (usb_device_driver) StdoutLine: {'line': b'-- Up-to-date: /home/miles/usb_ros2_ws/install/usb_device_driver/include/usb_device_driver/usb_device_driver/msg/detail\n'}
[12.819139] (usb_device_driver) StdoutLine: {'line': b'-- Installing: /home/miles/usb_ros2_ws/install/usb_device_driver/include/usb_device_driver/usb_device_driver/msg/detail/motors_cmd__type_support.cpp\n'}
[12.819209] (usb_device_driver) StdoutLine: {'line': b'-- Installing: /home/miles/usb_ros2_ws/install/usb_device_driver/include/usb_device_driver/usb_device_driver/msg/detail/motors_states__rosidl_typesupport_introspection_cpp.hpp\n'}
[12.819351] (usb_device_driver) StdoutLine: {'line': b'-- Installing: /home/miles/usb_ros2_ws/install/usb_device_driver/include/usb_device_driver/usb_device_driver/msg/detail/imu_data__type_support.cpp\n'}
[12.819492] (usb_device_driver) StdoutLine: {'line': b'-- Installing: /home/miles/usb_ros2_ws/install/usb_device_driver/include/usb_device_driver/usb_device_driver/msg/detail/motors_cmd__rosidl_typesupport_introspection_cpp.hpp\n'}
[12.819638] (usb_device_driver) StdoutLine: {'line': b'-- Installing: /home/miles/usb_ros2_ws/install/usb_device_driver/include/usb_device_driver/usb_device_driver/msg/detail/imu_data__rosidl_typesupport_introspection_cpp.hpp\n'}
[12.819781] (usb_device_driver) StdoutLine: {'line': b'-- Installing: /home/miles/usb_ros2_ws/install/usb_device_driver/include/usb_device_driver/usb_device_driver/msg/detail/motors_states__type_support.cpp\n'}
[12.820152] (usb_device_driver) StdoutLine: {'line': b'-- Installing: /home/miles/usb_ros2_ws/install/usb_device_driver/lib/libusb_device_driver__rosidl_typesupport_introspection_cpp.so\n'}
[12.820595] (usb_device_driver) StdoutLine: {'line': b'-- Set runtime path of "/home/miles/usb_ros2_ws/install/usb_device_driver/lib/libusb_device_driver__rosidl_typesupport_introspection_cpp.so" to ""\n'}
[12.820918] (usb_device_driver) StdoutLine: {'line': b'-- Installing: /home/miles/usb_ros2_ws/install/usb_device_driver/lib/libusb_device_driver__rosidl_typesupport_cpp.so\n'}
[12.821273] (usb_device_driver) StdoutLine: {'line': b'-- Set runtime path of "/home/miles/usb_ros2_ws/install/usb_device_driver/lib/libusb_device_driver__rosidl_typesupport_cpp.so" to ""\n'}
[12.821396] (usb_device_driver) StdoutLine: {'line': b'-- Up-to-date: /home/miles/usb_ros2_ws/install/usb_device_driver/share/usb_device_driver/environment/pythonpath.sh\n'}
[12.821459] (usb_device_driver) StdoutLine: {'line': b'-- Installing: /home/miles/usb_ros2_ws/install/usb_device_driver/share/usb_device_driver/environment/pythonpath.dsv\n'}
[12.821558] (usb_device_driver) StdoutLine: {'line': b'-- Up-to-date: /home/miles/usb_ros2_ws/install/usb_device_driver/local/lib/python3.10/dist-packages/usb_device_driver-0.0.0-py3.10.egg-info\n'}
[12.821662] (usb_device_driver) StdoutLine: {'line': b'-- Installing: /home/miles/usb_ros2_ws/install/usb_device_driver/local/lib/python3.10/dist-packages/usb_device_driver-0.0.0-py3.10.egg-info/SOURCES.txt\n'}
[12.821772] (usb_device_driver) StdoutLine: {'line': b'-- Installing: /home/miles/usb_ros2_ws/install/usb_device_driver/local/lib/python3.10/dist-packages/usb_device_driver-0.0.0-py3.10.egg-info/dependency_links.txt\n'}
[12.821855] (usb_device_driver) StdoutLine: {'line': b'-- Installing: /home/miles/usb_ros2_ws/install/usb_device_driver/local/lib/python3.10/dist-packages/usb_device_driver-0.0.0-py3.10.egg-info/top_level.txt\n'}
[12.821956] (usb_device_driver) StdoutLine: {'line': b'-- Installing: /home/miles/usb_ros2_ws/install/usb_device_driver/local/lib/python3.10/dist-packages/usb_device_driver-0.0.0-py3.10.egg-info/PKG-INFO\n'}
[12.822139] (usb_device_driver) StdoutLine: {'line': b'-- Up-to-date: /home/miles/usb_ros2_ws/install/usb_device_driver/local/lib/python3.10/dist-packages/usb_device_driver\n'}
[12.822214] (usb_device_driver) StdoutLine: {'line': b'-- Installing: /home/miles/usb_ros2_ws/install/usb_device_driver/local/lib/python3.10/dist-packages/usb_device_driver/libusb_device_driver__rosidl_generator_py.so\n'}
[12.822400] (usb_device_driver) StdoutLine: {'line': b'-- Installing: /home/miles/usb_ros2_ws/install/usb_device_driver/local/lib/python3.10/dist-packages/usb_device_driver/usb_device_driver_s__rosidl_typesupport_fastrtps_c.cpython-310-x86_64-linux-gnu.so\n'}
[12.822570] (usb_device_driver) StdoutLine: {'line': b'-- Up-to-date: /home/miles/usb_ros2_ws/install/usb_device_driver/local/lib/python3.10/dist-packages/usb_device_driver/msg\n'}
[12.822646] (usb_device_driver) StdoutLine: {'line': b'-- Installing: /home/miles/usb_ros2_ws/install/usb_device_driver/local/lib/python3.10/dist-packages/usb_device_driver/msg/_imu_data.py\n'}
[12.822780] (usb_device_driver) StdoutLine: {'line': b'-- Installing: /home/miles/usb_ros2_ws/install/usb_device_driver/local/lib/python3.10/dist-packages/usb_device_driver/msg/_motors_cmd_s.c\n'}
[12.822930] (usb_device_driver) StdoutLine: {'line': b'-- Installing: /home/miles/usb_ros2_ws/install/usb_device_driver/local/lib/python3.10/dist-packages/usb_device_driver/msg/_motors_cmd.py\n'}
[12.823079] (usb_device_driver) StdoutLine: {'line': b'-- Installing: /home/miles/usb_ros2_ws/install/usb_device_driver/local/lib/python3.10/dist-packages/usb_device_driver/msg/_imu_data_s.c\n'}
[12.823224] (usb_device_driver) StdoutLine: {'line': b'-- Installing: /home/miles/usb_ros2_ws/install/usb_device_driver/local/lib/python3.10/dist-packages/usb_device_driver/msg/_motors_states_s.c\n'}
[12.823381] (usb_device_driver) StdoutLine: {'line': b'-- Installing: /home/miles/usb_ros2_ws/install/usb_device_driver/local/lib/python3.10/dist-packages/usb_device_driver/msg/_motors_states.py\n'}
[12.823574] (usb_device_driver) StdoutLine: {'line': b'-- Installing: /home/miles/usb_ros2_ws/install/usb_device_driver/local/lib/python3.10/dist-packages/usb_device_driver/msg/__init__.py\n'}
[12.823856] (usb_device_driver) StdoutLine: {'line': b'-- Installing: /home/miles/usb_ros2_ws/install/usb_device_driver/local/lib/python3.10/dist-packages/usb_device_driver/_usb_device_driver_s.ep.rosidl_typesupport_c.c\n'}
[12.824063] (usb_device_driver) StdoutLine: {'line': b'-- Installing: /home/miles/usb_ros2_ws/install/usb_device_driver/local/lib/python3.10/dist-packages/usb_device_driver/_usb_device_driver_s.ep.rosidl_typesupport_fastrtps_c.c\n'}
[12.824274] (usb_device_driver) StdoutLine: {'line': b'-- Installing: /home/miles/usb_ros2_ws/install/usb_device_driver/local/lib/python3.10/dist-packages/usb_device_driver/usb_device_driver_s__rosidl_typesupport_c.cpython-310-x86_64-linux-gnu.so\n'}
[12.824491] (usb_device_driver) StdoutLine: {'line': b'-- Installing: /home/miles/usb_ros2_ws/install/usb_device_driver/local/lib/python3.10/dist-packages/usb_device_driver/usb_device_driver_s__rosidl_typesupport_introspection_c.cpython-310-x86_64-linux-gnu.so\n'}
[12.824721] (usb_device_driver) StdoutLine: {'line': b'-- Installing: /home/miles/usb_ros2_ws/install/usb_device_driver/local/lib/python3.10/dist-packages/usb_device_driver/__init__.py\n'}
[12.824869] (usb_device_driver) StdoutLine: {'line': b'-- Installing: /home/miles/usb_ros2_ws/install/usb_device_driver/local/lib/python3.10/dist-packages/usb_device_driver/_usb_device_driver_s.ep.rosidl_typesupport_introspection_c.c\n'}
[12.852798] (-) TimerEvent: {}
[12.856111] (usb_device_driver) StdoutLine: {'line': b"Listing '/home/miles/usb_ros2_ws/install/usb_device_driver/local/lib/python3.10/dist-packages/usb_device_driver'...\n"}
[12.856329] (usb_device_driver) StdoutLine: {'line': b"Compiling '/home/miles/usb_ros2_ws/install/usb_device_driver/local/lib/python3.10/dist-packages/usb_device_driver/__init__.py'...\n"}
[12.856462] (usb_device_driver) StdoutLine: {'line': b"Listing '/home/miles/usb_ros2_ws/install/usb_device_driver/local/lib/python3.10/dist-packages/usb_device_driver/msg'...\n"}
[12.856618] (usb_device_driver) StdoutLine: {'line': b"Compiling '/home/miles/usb_ros2_ws/install/usb_device_driver/local/lib/python3.10/dist-packages/usb_device_driver/msg/__init__.py'...\n"}
[12.856759] (usb_device_driver) StdoutLine: {'line': b"Compiling '/home/miles/usb_ros2_ws/install/usb_device_driver/local/lib/python3.10/dist-packages/usb_device_driver/msg/_imu_data.py'...\n"}
[12.856855] (usb_device_driver) StdoutLine: {'line': b"Compiling '/home/miles/usb_ros2_ws/install/usb_device_driver/local/lib/python3.10/dist-packages/usb_device_driver/msg/_motors_cmd.py'...\n"}
[12.856953] (usb_device_driver) StdoutLine: {'line': b"Compiling '/home/miles/usb_ros2_ws/install/usb_device_driver/local/lib/python3.10/dist-packages/usb_device_driver/msg/_motors_states.py'...\n"}
[12.860325] (usb_device_driver) StdoutLine: {'line': b'-- Installing: /home/miles/usb_ros2_ws/install/usb_device_driver/local/lib/python3.10/dist-packages/usb_device_driver/usb_device_driver_s__rosidl_typesupport_fastrtps_c.cpython-310-x86_64-linux-gnu.so\n'}
[12.860698] (usb_device_driver) StdoutLine: {'line': b'-- Set runtime path of "/home/miles/usb_ros2_ws/install/usb_device_driver/local/lib/python3.10/dist-packages/usb_device_driver/usb_device_driver_s__rosidl_typesupport_fastrtps_c.cpython-310-x86_64-linux-gnu.so" to ""\n'}
[12.860880] (usb_device_driver) StdoutLine: {'line': b'-- Installing: /home/miles/usb_ros2_ws/install/usb_device_driver/local/lib/python3.10/dist-packages/usb_device_driver/usb_device_driver_s__rosidl_typesupport_introspection_c.cpython-310-x86_64-linux-gnu.so\n'}
[12.861197] (usb_device_driver) StdoutLine: {'line': b'-- Set runtime path of "/home/miles/usb_ros2_ws/install/usb_device_driver/local/lib/python3.10/dist-packages/usb_device_driver/usb_device_driver_s__rosidl_typesupport_introspection_c.cpython-310-x86_64-linux-gnu.so" to ""\n'}
[12.861372] (usb_device_driver) StdoutLine: {'line': b'-- Installing: /home/miles/usb_ros2_ws/install/usb_device_driver/local/lib/python3.10/dist-packages/usb_device_driver/usb_device_driver_s__rosidl_typesupport_c.cpython-310-x86_64-linux-gnu.so\n'}
[12.861693] (usb_device_driver) StdoutLine: {'line': b'-- Set runtime path of "/home/miles/usb_ros2_ws/install/usb_device_driver/local/lib/python3.10/dist-packages/usb_device_driver/usb_device_driver_s__rosidl_typesupport_c.cpython-310-x86_64-linux-gnu.so" to ""\n'}
[12.861941] (usb_device_driver) StdoutLine: {'line': b'-- Installing: /home/miles/usb_ros2_ws/install/usb_device_driver/lib/libusb_device_driver__rosidl_generator_py.so\n'}
[12.862330] (usb_device_driver) StdoutLine: {'line': b'-- Set runtime path of "/home/miles/usb_ros2_ws/install/usb_device_driver/lib/libusb_device_driver__rosidl_generator_py.so" to ""\n'}
[12.862431] (usb_device_driver) StdoutLine: {'line': b'-- Up-to-date: /home/miles/usb_ros2_ws/install/usb_device_driver/share/usb_device_driver/msg/IMUData.idl\n'}
[12.862483] (usb_device_driver) StdoutLine: {'line': b'-- Installing: /home/miles/usb_ros2_ws/install/usb_device_driver/share/usb_device_driver/msg/MotorsCmd.idl\n'}
[12.862582] (usb_device_driver) StdoutLine: {'line': b'-- Installing: /home/miles/usb_ros2_ws/install/usb_device_driver/share/usb_device_driver/msg/MotorsStates.idl\n'}
[12.862733] (usb_device_driver) StdoutLine: {'line': b'-- Up-to-date: /home/miles/usb_ros2_ws/install/usb_device_driver/share/usb_device_driver/msg/IMUData.msg\n'}
[12.862843] (usb_device_driver) StdoutLine: {'line': b'-- Installing: /home/miles/usb_ros2_ws/install/usb_device_driver/share/usb_device_driver/msg/MotorsCmd.msg\n'}
[12.862936] (usb_device_driver) StdoutLine: {'line': b'-- Installing: /home/miles/usb_ros2_ws/install/usb_device_driver/share/usb_device_driver/msg/MotorsStates.msg\n'}
[12.863535] (usb_device_driver) StdoutLine: {'line': b'-- Installing: /home/miles/usb_ros2_ws/install/usb_device_driver/lib/usb_device_driver/usb_reader_node\n'}
[12.868397] (usb_device_driver) StdoutLine: {'line': b'-- Set runtime path of "/home/miles/usb_ros2_ws/install/usb_device_driver/lib/usb_device_driver/usb_reader_node" to ""\n'}
[12.868603] (usb_device_driver) StdoutLine: {'line': b'-- Up-to-date: /home/miles/usb_ros2_ws/install/usb_device_driver/lib/usb_device_driver/usb_reader_node\n'}
[12.868793] (usb_device_driver) StdoutLine: {'line': b'-- Up-to-date: /home/miles/usb_ros2_ws/install/usb_device_driver/include/\n'}
[12.868904] (usb_device_driver) StdoutLine: {'line': b'-- Up-to-date: /home/miles/usb_ros2_ws/install/usb_device_driver/include//usb_device_driver\n'}
[12.869008] (usb_device_driver) StdoutLine: {'line': b'-- Installing: /home/miles/usb_ros2_ws/install/usb_device_driver/include//usb_device_driver/usb_reader_node.hpp\n'}
[12.869187] (usb_device_driver) StdoutLine: {'line': b'-- Up-to-date: /home/miles/usb_ros2_ws/install/usb_device_driver/share/usb_device_driver//launch\n'}
[12.869281] (usb_device_driver) StdoutLine: {'line': b'-- Up-to-date: /home/miles/usb_ros2_ws/install/usb_device_driver/share/usb_device_driver//launch/usb_reader.launch.py\n'}
[12.869374] (usb_device_driver) StdoutLine: {'line': b'-- Up-to-date: /home/miles/usb_ros2_ws/install/usb_device_driver/share/usb_device_driver//config\n'}
[12.869496] (usb_device_driver) StdoutLine: {'line': b'-- Up-to-date: /home/miles/usb_ros2_ws/install/usb_device_driver/share/usb_device_driver//config/usb_reader.yaml\n'}
[12.869591] (usb_device_driver) StdoutLine: {'line': b'-- Up-to-date: /home/miles/usb_ros2_ws/install/usb_device_driver/share/ament_index/resource_index/package_run_dependencies/usb_device_driver\n'}
[12.869741] (usb_device_driver) StdoutLine: {'line': b'-- Up-to-date: /home/miles/usb_ros2_ws/install/usb_device_driver/share/ament_index/resource_index/parent_prefix_path/usb_device_driver\n'}
[12.869821] (usb_device_driver) StdoutLine: {'line': b'-- Up-to-date: /home/miles/usb_ros2_ws/install/usb_device_driver/share/usb_device_driver/environment/ament_prefix_path.sh\n'}
[12.869863] (usb_device_driver) StdoutLine: {'line': b'-- Installing: /home/miles/usb_ros2_ws/install/usb_device_driver/share/usb_device_driver/environment/ament_prefix_path.dsv\n'}
[12.869905] (usb_device_driver) StdoutLine: {'line': b'-- Up-to-date: /home/miles/usb_ros2_ws/install/usb_device_driver/share/usb_device_driver/environment/path.sh\n'}
[12.869946] (usb_device_driver) StdoutLine: {'line': b'-- Installing: /home/miles/usb_ros2_ws/install/usb_device_driver/share/usb_device_driver/environment/path.dsv\n'}
[12.869988] (usb_device_driver) StdoutLine: {'line': b'-- Up-to-date: /home/miles/usb_ros2_ws/install/usb_device_driver/share/usb_device_driver/local_setup.bash\n'}
[12.870030] (usb_device_driver) StdoutLine: {'line': b'-- Up-to-date: /home/miles/usb_ros2_ws/install/usb_device_driver/share/usb_device_driver/local_setup.sh\n'}
[12.870079] (usb_device_driver) StdoutLine: {'line': b'-- Up-to-date: /home/miles/usb_ros2_ws/install/usb_device_driver/share/usb_device_driver/local_setup.zsh\n'}
[12.870120] (usb_device_driver) StdoutLine: {'line': b'-- Installing: /home/miles/usb_ros2_ws/install/usb_device_driver/share/usb_device_driver/local_setup.dsv\n'}
[12.870164] (usb_device_driver) StdoutLine: {'line': b'-- Installing: /home/miles/usb_ros2_ws/install/usb_device_driver/share/usb_device_driver/package.dsv\n'}
[12.870224] (usb_device_driver) StdoutLine: {'line': b'-- Up-to-date: /home/miles/usb_ros2_ws/install/usb_device_driver/share/ament_index/resource_index/packages/usb_device_driver\n'}
[12.870273] (usb_device_driver) StdoutLine: {'line': b'-- Up-to-date: /home/miles/usb_ros2_ws/install/usb_device_driver/share/usb_device_driver/cmake/export_usb_device_driver__rosidl_generator_cExport.cmake\n'}
[12.870348] (usb_device_driver) StdoutLine: {'line': b'-- Up-to-date: /home/miles/usb_ros2_ws/install/usb_device_driver/share/usb_device_driver/cmake/export_usb_device_driver__rosidl_generator_cExport-noconfig.cmake\n'}
[12.870422] (usb_device_driver) StdoutLine: {'line': b'-- Up-to-date: /home/miles/usb_ros2_ws/install/usb_device_driver/share/usb_device_driver/cmake/export_usb_device_driver__rosidl_typesupport_fastrtps_cExport.cmake\n'}
[12.870474] (usb_device_driver) StdoutLine: {'line': b'-- Up-to-date: /home/miles/usb_ros2_ws/install/usb_device_driver/share/usb_device_driver/cmake/export_usb_device_driver__rosidl_typesupport_fastrtps_cExport-noconfig.cmake\n'}
[12.870517] (usb_device_driver) StdoutLine: {'line': b'-- Up-to-date: /home/miles/usb_ros2_ws/install/usb_device_driver/share/usb_device_driver/cmake/export_usb_device_driver__rosidl_generator_cppExport.cmake\n'}
[12.870561] (usb_device_driver) StdoutLine: {'line': b'-- Up-to-date: /home/miles/usb_ros2_ws/install/usb_device_driver/share/usb_device_driver/cmake/export_usb_device_driver__rosidl_typesupport_fastrtps_cppExport.cmake\n'}
[12.870604] (usb_device_driver) StdoutLine: {'line': b'-- Up-to-date: /home/miles/usb_ros2_ws/install/usb_device_driver/share/usb_device_driver/cmake/export_usb_device_driver__rosidl_typesupport_fastrtps_cppExport-noconfig.cmake\n'}
[12.870686] (usb_device_driver) StdoutLine: {'line': b'-- Up-to-date: /home/miles/usb_ros2_ws/install/usb_device_driver/share/usb_device_driver/cmake/usb_device_driver__rosidl_typesupport_introspection_cExport.cmake\n'}
[12.870732] (usb_device_driver) StdoutLine: {'line': b'-- Up-to-date: /home/miles/usb_ros2_ws/install/usb_device_driver/share/usb_device_driver/cmake/usb_device_driver__rosidl_typesupport_introspection_cExport-noconfig.cmake\n'}
[12.870779] (usb_device_driver) StdoutLine: {'line': b'-- Up-to-date: /home/miles/usb_ros2_ws/install/usb_device_driver/share/usb_device_driver/cmake/usb_device_driver__rosidl_typesupport_cExport.cmake\n'}
[12.870831] (usb_device_driver) StdoutLine: {'line': b'-- Up-to-date: /home/miles/usb_ros2_ws/install/usb_device_driver/share/usb_device_driver/cmake/usb_device_driver__rosidl_typesupport_cExport-noconfig.cmake\n'}
[12.870874] (usb_device_driver) StdoutLine: {'line': b'-- Up-to-date: /home/miles/usb_ros2_ws/install/usb_device_driver/share/usb_device_driver/cmake/usb_device_driver__rosidl_typesupport_introspection_cppExport.cmake\n'}
[12.870952] (usb_device_driver) StdoutLine: {'line': b'-- Up-to-date: /home/miles/usb_ros2_ws/install/usb_device_driver/share/usb_device_driver/cmake/usb_device_driver__rosidl_typesupport_introspection_cppExport-noconfig.cmake\n'}
[12.871003] (usb_device_driver) StdoutLine: {'line': b'-- Up-to-date: /home/miles/usb_ros2_ws/install/usb_device_driver/share/usb_device_driver/cmake/usb_device_driver__rosidl_typesupport_cppExport.cmake\n'}
[12.871059] (usb_device_driver) StdoutLine: {'line': b'-- Up-to-date: /home/miles/usb_ros2_ws/install/usb_device_driver/share/usb_device_driver/cmake/usb_device_driver__rosidl_typesupport_cppExport-noconfig.cmake\n'}
[12.871112] (usb_device_driver) StdoutLine: {'line': b'-- Up-to-date: /home/miles/usb_ros2_ws/install/usb_device_driver/share/usb_device_driver/cmake/export_usb_device_driver__rosidl_generator_pyExport.cmake\n'}
[12.871167] (usb_device_driver) StdoutLine: {'line': b'-- Up-to-date: /home/miles/usb_ros2_ws/install/usb_device_driver/share/usb_device_driver/cmake/export_usb_device_driver__rosidl_generator_pyExport-noconfig.cmake\n'}
[12.871210] (usb_device_driver) StdoutLine: {'line': b'-- Up-to-date: /home/miles/usb_ros2_ws/install/usb_device_driver/share/usb_device_driver/cmake/rosidl_cmake-extras.cmake\n'}
[12.871252] (usb_device_driver) StdoutLine: {'line': b'-- Up-to-date: /home/miles/usb_ros2_ws/install/usb_device_driver/share/usb_device_driver/cmake/ament_cmake_export_dependencies-extras.cmake\n'}
[12.871293] (usb_device_driver) StdoutLine: {'line': b'-- Up-to-date: /home/miles/usb_ros2_ws/install/usb_device_driver/share/usb_device_driver/cmake/ament_cmake_export_include_directories-extras.cmake\n'}
[12.871335] (usb_device_driver) StdoutLine: {'line': b'-- Up-to-date: /home/miles/usb_ros2_ws/install/usb_device_driver/share/usb_device_driver/cmake/ament_cmake_export_libraries-extras.cmake\n'}
[12.871376] (usb_device_driver) StdoutLine: {'line': b'-- Up-to-date: /home/miles/usb_ros2_ws/install/usb_device_driver/share/usb_device_driver/cmake/ament_cmake_export_targets-extras.cmake\n'}
[12.871416] (usb_device_driver) StdoutLine: {'line': b'-- Up-to-date: /home/miles/usb_ros2_ws/install/usb_device_driver/share/usb_device_driver/cmake/rosidl_cmake_export_typesupport_targets-extras.cmake\n'}
[12.871457] (usb_device_driver) StdoutLine: {'line': b'-- Up-to-date: /home/miles/usb_ros2_ws/install/usb_device_driver/share/usb_device_driver/cmake/rosidl_cmake_export_typesupport_libraries-extras.cmake\n'}
[12.871521] (usb_device_driver) StdoutLine: {'line': b'-- Up-to-date: /home/miles/usb_ros2_ws/install/usb_device_driver/share/usb_device_driver/cmake/usb_device_driverConfig.cmake\n'}
[12.871563] (usb_device_driver) StdoutLine: {'line': b'-- Up-to-date: /home/miles/usb_ros2_ws/install/usb_device_driver/share/usb_device_driver/cmake/usb_device_driverConfig-version.cmake\n'}
[12.871602] (usb_device_driver) StdoutLine: {'line': b'-- Up-to-date: /home/miles/usb_ros2_ws/install/usb_device_driver/share/usb_device_driver/package.xml\n'}
[12.873677] (usb_device_driver) CommandEnded: {'returncode': 0}
[12.888246] (usb_device_driver) JobEnded: {'identifier': 'usb_device_driver', 'rc': 0}
[12.889251] (-) EventReactorShutdown: {}
