[0.000000] (-) TimerEvent: {}
[0.000326] (usb_device_driver) JobQueued: {'identifier': 'usb_device_driver', 'dependencies': OrderedDict()}
[0.001788] (usb_device_driver) JobStarted: {'identifier': 'usb_device_driver'}
[0.017626] (usb_device_driver) JobProgress: {'identifier': 'usb_device_driver', 'progress': 'cmake'}
[0.018953] (usb_device_driver) JobProgress: {'identifier': 'usb_device_driver', 'progress': 'build'}
[0.020534] (usb_device_driver) Command: {'cmd': ['/usr/bin/cmake', '--build', '/home/miles/usb_ros2_ws/build/usb_device_driver', '--', '-j12', '-l12'], 'cwd': '/home/miles/usb_ros2_ws/build/usb_device_driver', 'env': OrderedDict([('GJS_DEBUG_TOPICS', 'JS ERROR;JS LOG'), ('PYTHON_BASIC_REPL', '1'), ('LESSOPEN', '| /usr/bin/lesspipe %s'), ('LANGUAGE', 'zh_CN:en'), ('USER', 'miles'), ('LC_TIME', 'zh_CN.UTF-8'), ('XDG_SESSION_TYPE', 'wayland'), ('GIT_ASKPASS', '/usr/share/code/resources/app/extensions/git/dist/askpass.sh'), ('SHLVL', '1'), ('LD_LIBRARY_PATH', '/usr/lib/x86_64-linux-gnu/gazebo-11/plugins:/opt/ros/humble/opt/rviz_ogre_vendor/lib:/opt/ros/humble/lib/x86_64-linux-gnu:/opt/ros/humble/lib'), ('HOME', '/home/miles'), ('CHROME_DESKTOP', 'code.desktop'), ('TERM_PROGRAM_VERSION', '1.115.0'), ('DESKTOP_SESSION', 'ubuntu'), ('GIO_LAUNCHED_DESKTOP_FILE', '/usr/share/applications/code.desktop'), ('ROS_PYTHON_VERSION', '3'), ('GNOME_SHELL_SESSION_MODE', 'ubuntu'), ('GTK_MODULES', 'gail:atk-bridge'), ('VSCODE_GIT_ASKPASS_MAIN', '/usr/share/code/resources/app/extensions/git/dist/askpass-main.js'), ('LC_MONETARY', 'zh_CN.UTF-8'), ('VSCODE_GIT_ASKPASS_NODE', '/usr/share/code/code'), ('MANAGERPID', '1098'), ('PYDEVD_DISABLE_FILE_VALIDATION', '1'), ('SYSTEMD_EXEC_PID', '1512'), ('BUNDLED_DEBUGPY_PATH', '/home/miles/.vscode/extensions/ms-python.debugpy-2026.6.0-linux-x64/bundled/libs/debugpy'), ('IM_CONFIG_CHECK_ENV', '1'), ('VSCODE_PYTHON_AUTOACTIVATE_GUARD', '1'), ('DBUS_SESSION_BUS_ADDRESS', 'unix:path=/run/user/1000/bus'), ('COLORTERM', 'truecolor'), ('GIO_LAUNCHED_DESKTOP_FILE_PID', '2395'), ('IM_CONFIG_PHASE', '1'), ('WAYLAND_DISPLAY', 'wayland-0'), ('ROS_DISTRO', 'humble'), ('LOGNAME', 'miles'), ('JOURNAL_STREAM', '8:12938'), ('_', '/usr/bin/colcon'), ('ROS_VERSION', '2'), ('XDG_SESSION_CLASS', 'user'), ('USERNAME', 'miles'), ('TERM', 'xterm-256color'), ('GNOME_DESKTOP_SESSION_ID', 'this-is-deprecated'), ('FC_FONTATIONS', '1'), ('ROS_LOCALHOST_ONLY', '0'), ('PATH', '/home/miles/miniconda3/bin:/home/miles/.config/Code/User/globalStorage/github.copilot-chat/debugCommand:/home/miles/.config/Code/User/globalStorage/github.copilot-chat/copilotCli:/home/miles/.local/bin:/home/miles/miniconda3/bin:/opt/ros/humble/bin:/home/miles/.local/bin:/usr/local/sbin:/usr/local/bin:/usr/sbin:/usr/bin:/sbin:/bin:/usr/games:/usr/local/games:/snap/bin:/snap/bin:/home/miles/.vscode/extensions/ms-python.debugpy-2026.6.0-linux-x64/bundled/scripts/noConfigScripts'), ('SESSION_MANAGER', 'local/miles:@/tmp/.ICE-unix/1484,unix/miles:/tmp/.ICE-unix/1484'), ('INVOCATION_ID', '6bd4fc7edcdb4a4f8033df3d0818de29'), ('PAPERSIZE', 'a4'), ('XDG_MENU_PREFIX', 'gnome-'), ('LC_ADDRESS', 'zh_CN.UTF-8'), ('GNOME_SETUP_DISPLAY', ':1'), ('XDG_RUNTIME_DIR', '/run/user/1000'), ('GDK_BACKEND', 'wayland'), ('DISPLAY', ':0'), ('VSCODE_DEBUGPY_ADAPTER_ENDPOINTS', '/home/miles/.vscode/extensions/ms-python.debugpy-2026.6.0-linux-x64/.noConfigDebugAdapterEndpoints/endpoint-510fb0e7ba3d52da.txt'), ('LANG', 'zh_CN.UTF-8'), ('XDG_CURRENT_DESKTOP', 'ubuntu:GNOME'), ('PYTHONSTARTUP', '/home/miles/.config/Code/User/workspaceStorage/ff9966d21cc0024eeada1ee1a360488f/ms-python.python/pythonrc.py'), ('LC_TELEPHONE', 'zh_CN.UTF-8'), ('XMODIFIERS', '@im=ibus'), ('XDG_SESSION_DESKTOP', 'ubuntu'), ('XAUTHORITY', '/run/user/1000/.mutter-Xwaylandauth.UUYLP3'), ('LS_COLORS', 'rs=0:di=01;34:ln=01;36:mh=00:pi=40;33:so=01;35:do=01;35:bd=40;33;01:cd=40;33;01:or=40;31;01:mi=00:su=37;41:sg=30;43:ca=30;41:tw=30;42:ow=34;42:st=37;44:ex=01;32:*.tar=01;31:*.tgz=01;31:*.arc=01;31:*.arj=01;31:*.taz=01;31:*.lha=01;31:*.lz4=01;31:*.lzh=01;31:*.lzma=01;31:*.tlz=01;31:*.txz=01;31:*.tzo=01;31:*.t7z=01;31:*.zip=01;31:*.z=01;31:*.dz=01;31:*.gz=01;31:*.lrz=01;31:*.lz=01;31:*.lzo=01;31:*.xz=01;31:*.zst=01;31:*.tzst=01;31:*.bz2=01;31:*.bz=01;31:*.tbz=01;31:*.tbz2=01;31:*.tz=01;31:*.deb=01;31:*.rpm=01;31:*.jar=01;31:*.war=01;31:*.ear=01;31:*.sar=01;31:*.rar=01;31:*.alz=01;31:*.ace=01;31:*.zoo=01;31:*.cpio=01;31:*.7z=01;31:*.rz=01;31:*.cab=01;31:*.wim=01;31:*.swm=01;31:*.dwm=01;31:*.esd=01;31:*.jpg=01;35:*.jpeg=01;35:*.mjpg=01;35:*.mjpeg=01;35:*.gif=01;35:*.bmp=01;35:*.pbm=01;35:*.pgm=01;35:*.ppm=01;35:*.tga=01;35:*.xbm=01;35:*.xpm=01;35:*.tif=01;35:*.tiff=01;35:*.png=01;35:*.svg=01;35:*.svgz=01;35:*.mng=01;35:*.pcx=01;35:*.mov=01;35:*.mpg=01;35:*.mpeg=01;35:*.m2v=01;35:*.mkv=01;35:*.webm=01;35:*.webp=01;35:*.ogm=01;35:*.mp4=01;35:*.m4v=01;35:*.mp4v=01;35:*.vob=01;35:*.qt=01;35:*.nuv=01;35:*.wmv=01;35:*.asf=01;35:*.rm=01;35:*.rmvb=01;35:*.flc=01;35:*.avi=01;35:*.fli=01;35:*.flv=01;35:*.gl=01;35:*.dl=01;35:*.xcf=01;35:*.xwd=01;35:*.yuv=01;35:*.cgm=01;35:*.emf=01;35:*.ogv=01;35:*.ogx=01;35:*.aac=00;36:*.au=00;36:*.flac=00;36:*.m4a=00;36:*.mid=00;36:*.midi=00;36:*.mka=00;36:*.mp3=00;36:*.mpc=00;36:*.ogg=00;36:*.ra=00;36:*.wav=00;36:*.oga=00;36:*.opus=00;36:*.spx=00;36:*.xspf=00;36:'), ('VSCODE_GIT_IPC_HANDLE', '/run/user/1000/vscode-git-03b8406b82.sock'), ('TERM_PROGRAM', 'vscode'), ('SSH_AGENT_LAUNCHER', 'gnome-keyring'), ('SSH_AUTH_SOCK', '/run/user/1000/keyring/ssh'), ('AMENT_PREFIX_PATH', '/opt/ros/humble'), ('SHELL', '/bin/bash'), ('LC_NAME', 'zh_CN.UTF-8'), ('QT_ACCESSIBILITY', '1'), ('GDMSESSION', 'ubuntu'), ('LESSCLOSE', '/usr/bin/lesspipe %s %s'), ('LC_MEASUREMENT', 'zh_CN.UTF-8'), ('GJS_DEBUG_OUTPUT', 'stderr'), ('LC_IDENTIFICATION', 'zh_CN.UTF-8'), ('VSCODE_GIT_ASKPASS_EXTRA_ARGS', ''), ('QT_IM_MODULE', 'ibus'), ('PWD', '/home/miles/usb_ros2_ws/build/usb_device_driver'), ('XDG_CONFIG_DIRS', '/etc/xdg/xdg-ubuntu:/etc/xdg'), ('XDG_DATA_DIRS', '/usr/share/ubuntu:/usr/local/share/:/usr/share/:/var/lib/snapd/desktop'), ('PYTHONPATH', '/opt/ros/humble/lib/python3.10/site-packages:/opt/ros/humble/local/lib/python3.10/dist-packages'), ('LC_NUMERIC', 'zh_CN.UTF-8'), ('LC_PAPER', 'zh_CN.UTF-8'), ('COLCON', '1'), ('CMAKE_PREFIX_PATH', '/opt/ros/humble')]), 'shell': False}
[0.077503] (usb_device_driver) StdoutLine: {'line': b'-- Found ament_cmake: 1.3.13 (/opt/ros/humble/share/ament_cmake/cmake)\n'}
[0.099388] (-) TimerEvent: {}
[0.199829] (-) TimerEvent: {}
[0.299238] (usb_device_driver) StdoutLine: {'line': b'-- Found rclcpp: 16.0.18 (/opt/ros/humble/share/rclcpp/cmake)\n'}
[0.299927] (-) TimerEvent: {}
[0.366370] (usb_device_driver) StdoutLine: {'line': b'-- Found rosidl_generator_c: 3.1.8 (/opt/ros/humble/share/rosidl_generator_c/cmake)\n'}
[0.369967] (usb_device_driver) StdoutLine: {'line': b'-- Found rosidl_adapter: 3.1.8 (/opt/ros/humble/share/rosidl_adapter/cmake)\n'}
[0.379498] (usb_device_driver) StdoutLine: {'line': b'-- Found rosidl_generator_cpp: 3.1.8 (/opt/ros/humble/share/rosidl_generator_cpp/cmake)\n'}
[0.394316] (usb_device_driver) StdoutLine: {'line': b'-- Using all available rosidl_typesupport_c: rosidl_typesupport_fastrtps_c;rosidl_typesupport_introspection_c\n'}
[0.400052] (-) TimerEvent: {}
[0.413010] (usb_device_driver) StdoutLine: {'line': b'-- Using all available rosidl_typesupport_cpp: rosidl_typesupport_fastrtps_cpp;rosidl_typesupport_introspection_cpp\n'}
[0.458826] (usb_device_driver) StdoutLine: {'line': b'-- Found rmw_implementation_cmake: 6.1.2 (/opt/ros/humble/share/rmw_implementation_cmake/cmake)\n'}
[0.460686] (usb_device_driver) StdoutLine: {'line': b'-- Found rmw_fastrtps_cpp: 6.2.10 (/opt/ros/humble/share/rmw_fastrtps_cpp/cmake)\n'}
[0.500209] (-) TimerEvent: {}
[0.600689] (-) TimerEvent: {}
[0.666685] (usb_device_driver) StdoutLine: {'line': b"-- Using RMW implementation 'rmw_fastrtps_cpp' as default\n"}
[0.700812] (-) TimerEvent: {}
[0.775685] (usb_device_driver) StdoutLine: {'line': b'-- Found geometry_msgs: 4.9.1 (/opt/ros/humble/share/geometry_msgs/cmake)\n'}
[0.800908] (-) TimerEvent: {}
[0.802893] (usb_device_driver) StdoutLine: {'line': b'-- Found rosidl_default_generators: 1.2.0 (/opt/ros/humble/share/rosidl_default_generators/cmake)\n'}
[0.901052] (-) TimerEvent: {}
[1.001637] (-) TimerEvent: {}
[1.102162] (-) TimerEvent: {}
[1.202667] (-) TimerEvent: {}
[1.303108] (-) TimerEvent: {}
[1.403623] (-) TimerEvent: {}
[1.416219] (usb_device_driver) StdoutLine: {'line': b'-- Found ament_cmake_ros: 0.10.0 (/opt/ros/humble/share/ament_cmake_ros/cmake)\n'}
[1.503734] (-) TimerEvent: {}
[1.604212] (-) TimerEvent: {}
[1.704687] (-) TimerEvent: {}
[1.805112] (-) TimerEvent: {}
[1.905585] (-) TimerEvent: {}
[2.006093] (-) TimerEvent: {}
[2.106548] (-) TimerEvent: {}
[2.207104] (-) TimerEvent: {}
[2.259296] (usb_device_driver) StdoutLine: {'line': b'-- Using all available rosidl_typesupport_c: rosidl_typesupport_fastrtps_c;rosidl_typesupport_introspection_c\n'}
[2.307264] (-) TimerEvent: {}
[2.407701] (-) TimerEvent: {}
[2.508072] (-) TimerEvent: {}
[2.609691] (-) TimerEvent: {}
[2.630376] (usb_device_driver) StdoutLine: {'line': b'-- Using all available rosidl_typesupport_cpp: rosidl_typesupport_fastrtps_cpp;rosidl_typesupport_introspection_cpp\n'}
[2.668195] (usb_device_driver) StdoutLine: {'line': b'-- Found python_cmake_module: 0.10.0 (/opt/ros/humble/share/python_cmake_module/cmake)\n'}
[2.709857] (-) TimerEvent: {}
[2.717567] (usb_device_driver) StdoutLine: {'line': b'-- Using PYTHON_EXECUTABLE: /usr/bin/python3\n'}
[2.717996] (usb_device_driver) StdoutLine: {'line': b'-- Using PYTHON_INCLUDE_DIRS: /usr/include/python3.10\n'}
[2.718298] (usb_device_driver) StdoutLine: {'line': b'-- Using PYTHON_LIBRARIES: /usr/lib/x86_64-linux-gnu/libpython3.10.so\n'}
[2.810032] (-) TimerEvent: {}
[2.814458] (usb_device_driver) StdoutLine: {'line': b'-- Configuring done\n'}
[2.910130] (-) TimerEvent: {}
[2.927228] (usb_device_driver) StdoutLine: {'line': b'-- Generating done\n'}
[2.959586] (usb_device_driver) StdoutLine: {'line': b'-- Build files have been written to: /home/miles/usb_ros2_ws/build/usb_device_driver\n'}
[3.010294] (-) TimerEvent: {}
[3.027221] (usb_device_driver) StdoutLine: {'line': b'[  2%] \x1b[34m\x1b[1mGenerating C code for ROS interfaces\x1b[0m\n'}
[3.049706] (usb_device_driver) StdoutLine: {'line': b'[  4%] \x1b[34m\x1b[1mGenerating C++ code for ROS interfaces\x1b[0m\n'}
[3.074696] (usb_device_driver) StdoutLine: {'line': b'[  4%] Built target ament_cmake_python_copy_usb_device_driver\n'}
[3.110438] (-) TimerEvent: {}
[3.210876] (-) TimerEvent: {}
[3.311310] (-) TimerEvent: {}
[3.411840] (-) TimerEvent: {}
[3.512294] (-) TimerEvent: {}
[3.609417] (usb_device_driver) StdoutLine: {'line': b'running egg_info\n'}
[3.610256] (usb_device_driver) StdoutLine: {'line': b'writing usb_device_driver.egg-info/PKG-INFO\n'}
[3.610575] (usb_device_driver) StdoutLine: {'line': b'writing dependency_links to usb_device_driver.egg-info/dependency_links.txt\n'}
[3.610864] (usb_device_driver) StdoutLine: {'line': b'writing top-level names to usb_device_driver.egg-info/top_level.txt\n'}
[3.612412] (-) TimerEvent: {}
[3.613681] (usb_device_driver) StdoutLine: {'line': b"reading manifest file 'usb_device_driver.egg-info/SOURCES.txt'\n"}
[3.614476] (usb_device_driver) StdoutLine: {'line': b"writing manifest file 'usb_device_driver.egg-info/SOURCES.txt'\n"}
[3.663549] (usb_device_driver) StdoutLine: {'line': b'[  4%] Built target ament_cmake_python_build_usb_device_driver_egg\n'}
[3.712566] (-) TimerEvent: {}
[3.813011] (-) TimerEvent: {}
[3.913371] (-) TimerEvent: {}
[4.013811] (-) TimerEvent: {}
[4.115730] (-) TimerEvent: {}
[4.168811] (usb_device_driver) StdoutLine: {'line': b'\x1b[35m\x1b[1mConsolidate compiler generated dependencies of target usb_device_driver__rosidl_generator_c\x1b[0m\n'}
[4.193486] (usb_device_driver) StdoutLine: {'line': b'[  6%] \x1b[32mBuilding C object CMakeFiles/usb_device_driver__rosidl_generator_c.dir/rosidl_generator_c/usb_device_driver/msg/detail/imu_data__functions.c.o\x1b[0m\n'}
[4.199767] (usb_device_driver) StdoutLine: {'line': b'[  8%] \x1b[32mBuilding C object CMakeFiles/usb_device_driver__rosidl_generator_c.dir/rosidl_generator_c/usb_device_driver/msg/detail/motors_states__functions.c.o\x1b[0m\n'}
[4.200294] (usb_device_driver) StdoutLine: {'line': b'[ 10%] \x1b[32mBuilding C object CMakeFiles/usb_device_driver__rosidl_generator_c.dir/rosidl_generator_c/usb_device_driver/msg/detail/motors_cmd__functions.c.o\x1b[0m\n'}
[4.217208] (-) TimerEvent: {}
[4.266228] (usb_device_driver) StdoutLine: {'line': b'[ 10%] Built target usb_device_driver__cpp\n'}
[4.288806] (usb_device_driver) StdoutLine: {'line': b'[ 12%] \x1b[34m\x1b[1mGenerating C++ type support for eProsima Fast-RTPS\x1b[0m\n'}
[4.289927] (usb_device_driver) StdoutLine: {'line': b'[ 14%] \x1b[34m\x1b[1mGenerating C++ type support dispatch for ROS interfaces\x1b[0m\n'}
[4.296881] (usb_device_driver) StdoutLine: {'line': b'[ 16%] \x1b[34m\x1b[1mGenerating C++ introspection for ROS interfaces\x1b[0m\n'}
[4.317348] (-) TimerEvent: {}
[4.344931] (usb_device_driver) StdoutLine: {'line': b'[ 18%] \x1b[32m\x1b[1mLinking C shared library libusb_device_driver__rosidl_generator_c.so\x1b[0m\n'}
[4.417483] (-) TimerEvent: {}
[4.429483] (usb_device_driver) StdoutLine: {'line': b'[ 18%] Built target usb_device_driver__rosidl_generator_c\n'}
[4.456265] (usb_device_driver) StdoutLine: {'line': b'[ 20%] \x1b[34m\x1b[1mGenerating C type support for eProsima Fast-RTPS\x1b[0m\n'}
[4.459949] (usb_device_driver) StdoutLine: {'line': b'[ 22%] \x1b[34m\x1b[1mGenerating C type support dispatch for ROS interfaces\x1b[0m\n'}
[4.461626] (usb_device_driver) StdoutLine: {'line': b'[ 24%] \x1b[34m\x1b[1mGenerating C introspection for ROS interfaces\x1b[0m\n'}
[4.517625] (-) TimerEvent: {}
[4.618059] (-) TimerEvent: {}
[4.718516] (-) TimerEvent: {}
[4.818960] (-) TimerEvent: {}
[4.919345] (-) TimerEvent: {}
[5.019790] (-) TimerEvent: {}
[5.120232] (-) TimerEvent: {}
[5.220876] (-) TimerEvent: {}
[5.310551] (usb_device_driver) StdoutLine: {'line': b'\x1b[35m\x1b[1mConsolidate compiler generated dependencies of target usb_device_driver__rosidl_typesupport_cpp\x1b[0m\n'}
[5.320985] (-) TimerEvent: {}
[5.338446] (usb_device_driver) StdoutLine: {'line': b'[ 26%] \x1b[32mBuilding CXX object CMakeFiles/usb_device_driver__rosidl_typesupport_cpp.dir/rosidl_typesupport_cpp/usb_device_driver/msg/motors_states__type_support.cpp.o\x1b[0m\n'}
[5.340368] (usb_device_driver) StdoutLine: {'line': b'[ 28%] \x1b[32mBuilding CXX object CMakeFiles/usb_device_driver__rosidl_typesupport_cpp.dir/rosidl_typesupport_cpp/usb_device_driver/msg/imu_data__type_support.cpp.o\x1b[0m\n'}
[5.351828] (usb_device_driver) StdoutLine: {'line': b'[ 30%] \x1b[32mBuilding CXX object CMakeFiles/usb_device_driver__rosidl_typesupport_cpp.dir/rosidl_typesupport_cpp/usb_device_driver/msg/motors_cmd__type_support.cpp.o\x1b[0m\n'}
[5.416722] (usb_device_driver) StdoutLine: {'line': b'\x1b[35m\x1b[1mConsolidate compiler generated dependencies of target usb_device_driver__rosidl_typesupport_introspection_cpp\x1b[0m\n'}
[5.422173] (-) TimerEvent: {}
[5.476653] (usb_device_driver) StdoutLine: {'line': b'[ 32%] \x1b[32mBuilding CXX object CMakeFiles/usb_device_driver__rosidl_typesupport_introspection_cpp.dir/rosidl_typesupport_introspection_cpp/usb_device_driver/msg/detail/imu_data__type_support.cpp.o\x1b[0m\n'}
[5.482097] (usb_device_driver) StdoutLine: {'line': b'\x1b[35m\x1b[1mConsolidate compiler generated dependencies of target usb_device_driver__rosidl_typesupport_introspection_c\x1b[0m\n'}
[5.483733] (usb_device_driver) StdoutLine: {'line': b'[ 34%] \x1b[32mBuilding CXX object CMakeFiles/usb_device_driver__rosidl_typesupport_introspection_cpp.dir/rosidl_typesupport_introspection_cpp/usb_device_driver/msg/detail/motors_cmd__type_support.cpp.o\x1b[0m\n'}
[5.485572] (usb_device_driver) StdoutLine: {'line': b'[ 36%] \x1b[32mBuilding CXX object CMakeFiles/usb_device_driver__rosidl_typesupport_introspection_cpp.dir/rosidl_typesupport_introspection_cpp/usb_device_driver/msg/detail/motors_states__type_support.cpp.o\x1b[0m\n'}
[5.522320] (-) TimerEvent: {}
[5.536102] (usb_device_driver) StdoutLine: {'line': b'[ 38%] \x1b[32mBuilding C object CMakeFiles/usb_device_driver__rosidl_typesupport_introspection_c.dir/rosidl_typesupport_introspection_c/usb_device_driver/msg/detail/imu_data__type_support.c.o\x1b[0m\n'}
[5.546788] (usb_device_driver) StdoutLine: {'line': b'[ 40%] \x1b[32mBuilding C object CMakeFiles/usb_device_driver__rosidl_typesupport_introspection_c.dir/rosidl_typesupport_introspection_c/usb_device_driver/msg/detail/motors_cmd__type_support.c.o\x1b[0m\n'}
[5.568129] (usb_device_driver) StdoutLine: {'line': b'[ 42%] \x1b[32mBuilding C object CMakeFiles/usb_device_driver__rosidl_typesupport_introspection_c.dir/rosidl_typesupport_introspection_c/usb_device_driver/msg/detail/motors_states__type_support.c.o\x1b[0m\n'}
[5.623160] (-) TimerEvent: {}
[5.717224] (usb_device_driver) StdoutLine: {'line': b'\x1b[35m\x1b[1mConsolidate compiler generated dependencies of target usb_device_driver__rosidl_typesupport_c\x1b[0m\n'}
[5.723841] (-) TimerEvent: {}
[5.726395] (usb_device_driver) StdoutLine: {'line': b'\x1b[35m\x1b[1mConsolidate compiler generated dependencies of target usb_device_driver__rosidl_typesupport_fastrtps_c\x1b[0m\n'}
[5.762943] (usb_device_driver) StdoutLine: {'line': b'[ 44%] \x1b[32mBuilding CXX object CMakeFiles/usb_device_driver__rosidl_typesupport_c.dir/rosidl_typesupport_c/usb_device_driver/msg/imu_data__type_support.cpp.o\x1b[0m\n'}
[5.778960] (usb_device_driver) StdoutLine: {'line': b'[ 46%] \x1b[32mBuilding CXX object CMakeFiles/usb_device_driver__rosidl_typesupport_c.dir/rosidl_typesupport_c/usb_device_driver/msg/motors_cmd__type_support.cpp.o\x1b[0m\n'}
[5.788644] (usb_device_driver) StdoutLine: {'line': b'[ 48%] \x1b[32mBuilding CXX object CMakeFiles/usb_device_driver__rosidl_typesupport_fastrtps_c.dir/rosidl_typesupport_fastrtps_c/usb_device_driver/msg/detail/imu_data__type_support_c.cpp.o\x1b[0m\n'}
[5.809940] (usb_device_driver) StdoutLine: {'line': b'[ 50%] \x1b[32mBuilding CXX object CMakeFiles/usb_device_driver__rosidl_typesupport_c.dir/rosidl_typesupport_c/usb_device_driver/msg/motors_states__type_support.cpp.o\x1b[0m\n'}
[5.810642] (usb_device_driver) StdoutLine: {'line': b'[ 52%] \x1b[32m\x1b[1mLinking C shared library libusb_device_driver__rosidl_typesupport_introspection_c.so\x1b[0m\n'}
[5.823975] (-) TimerEvent: {}
[5.904519] (usb_device_driver) StdoutLine: {'line': b'[ 54%] \x1b[32mBuilding CXX object CMakeFiles/usb_device_driver__rosidl_typesupport_fastrtps_c.dir/rosidl_typesupport_fastrtps_c/usb_device_driver/msg/detail/motors_cmd__type_support_c.cpp.o\x1b[0m\n'}
[5.922503] (usb_device_driver) StdoutLine: {'line': b'[ 56%] \x1b[32mBuilding CXX object CMakeFiles/usb_device_driver__rosidl_typesupport_fastrtps_c.dir/rosidl_typesupport_fastrtps_c/usb_device_driver/msg/detail/motors_states__type_support_c.cpp.o\x1b[0m\n'}
[5.924052] (-) TimerEvent: {}
[5.970605] (usb_device_driver) StdoutLine: {'line': b'[ 58%] \x1b[32m\x1b[1mLinking CXX shared library libusb_device_driver__rosidl_typesupport_c.so\x1b[0m\n'}
[6.006941] (usb_device_driver) StdoutLine: {'line': b'[ 58%] Built target usb_device_driver__rosidl_typesupport_introspection_c\n'}
[6.024240] (-) TimerEvent: {}
[6.091807] (usb_device_driver) StdoutLine: {'line': b'\x1b[35m\x1b[1mConsolidate compiler generated dependencies of target usb_device_driver__rosidl_typesupport_fastrtps_cpp\x1b[0m\n'}
[6.124403] (-) TimerEvent: {}
[6.141303] (usb_device_driver) StdoutLine: {'line': b'[ 58%] Built target usb_device_driver__rosidl_typesupport_c\n'}
[6.149127] (usb_device_driver) StdoutLine: {'line': b'[ 60%] \x1b[32mBuilding CXX object CMakeFiles/usb_device_driver__rosidl_typesupport_fastrtps_cpp.dir/rosidl_typesupport_fastrtps_cpp/usb_device_driver/msg/detail/dds_fastrtps/motors_cmd__type_support.cpp.o\x1b[0m\n'}
[6.151250] (usb_device_driver) StdoutLine: {'line': b'[ 62%] \x1b[32mBuilding CXX object CMakeFiles/usb_device_driver__rosidl_typesupport_fastrtps_cpp.dir/rosidl_typesupport_fastrtps_cpp/usb_device_driver/msg/detail/dds_fastrtps/imu_data__type_support.cpp.o\x1b[0m\n'}
[6.169472] (usb_device_driver) StdoutLine: {'line': b'[ 64%] \x1b[32mBuilding CXX object CMakeFiles/usb_device_driver__rosidl_typesupport_fastrtps_cpp.dir/rosidl_typesupport_fastrtps_cpp/usb_device_driver/msg/detail/dds_fastrtps/motors_states__type_support.cpp.o\x1b[0m\n'}
[6.224572] (-) TimerEvent: {}
[6.325322] (-) TimerEvent: {}
[6.428867] (-) TimerEvent: {}
[6.485000] (usb_device_driver) StdoutLine: {'line': b'[ 66%] \x1b[32m\x1b[1mLinking CXX shared library libusb_device_driver__rosidl_typesupport_cpp.so\x1b[0m\n'}
[6.544717] (-) TimerEvent: {}
[6.645733] (-) TimerEvent: {}
[6.703659] (usb_device_driver) StdoutLine: {'line': b'[ 66%] Built target usb_device_driver__rosidl_typesupport_cpp\n'}
[6.746908] (-) TimerEvent: {}
[6.785931] (usb_device_driver) StdoutLine: {'line': b'\x1b[35m\x1b[1mConsolidate compiler generated dependencies of target usb_reader_node\x1b[0m\n'}
[6.847062] (-) TimerEvent: {}
[6.924254] (usb_device_driver) StdoutLine: {'line': b'[ 68%] \x1b[32mBuilding CXX object CMakeFiles/usb_reader_node.dir/src/usb_reader_node.cpp.o\x1b[0m\n'}
[6.928572] (usb_device_driver) StdoutLine: {'line': b'[ 70%] \x1b[32mBuilding CXX object CMakeFiles/usb_reader_node.dir/src/main.cpp.o\x1b[0m\n'}
[6.947269] (-) TimerEvent: {}
[7.034262] (usb_device_driver) StdoutLine: {'line': b'[ 72%] \x1b[32m\x1b[1mLinking CXX shared library libusb_device_driver__rosidl_typesupport_introspection_cpp.so\x1b[0m\n'}
[7.048285] (-) TimerEvent: {}
[7.096543] (usb_device_driver) StdoutLine: {'line': b'[ 74%] \x1b[32m\x1b[1mLinking CXX shared library libusb_device_driver__rosidl_typesupport_fastrtps_c.so\x1b[0m\n'}
[7.148407] (-) TimerEvent: {}
[7.225721] (usb_device_driver) StdoutLine: {'line': b'[ 74%] Built target usb_device_driver__rosidl_typesupport_introspection_cpp\n'}
[7.248540] (-) TimerEvent: {}
[7.278791] (usb_device_driver) StdoutLine: {'line': b'[ 74%] Built target usb_device_driver__rosidl_typesupport_fastrtps_c\n'}
[7.348707] (-) TimerEvent: {}
[7.398109] (usb_device_driver) StdoutLine: {'line': b'[ 76%] \x1b[32m\x1b[1mLinking CXX shared library libusb_device_driver__rosidl_typesupport_fastrtps_cpp.so\x1b[0m\n'}
[7.448876] (-) TimerEvent: {}
[7.533833] (usb_device_driver) StdoutLine: {'line': b'[ 76%] Built target usb_device_driver__rosidl_typesupport_fastrtps_cpp\n'}
[7.549021] (-) TimerEvent: {}
[7.577068] (usb_device_driver) StdoutLine: {'line': b'[ 76%] Built target usb_device_driver\n'}
[7.618291] (usb_device_driver) StdoutLine: {'line': b'[ 78%] \x1b[34m\x1b[1mGenerating Python code for ROS interfaces\x1b[0m\n'}
[7.649155] (-) TimerEvent: {}
[7.749549] (-) TimerEvent: {}
[7.850025] (-) TimerEvent: {}
[7.950429] (-) TimerEvent: {}
[8.050834] (-) TimerEvent: {}
[8.151423] (-) TimerEvent: {}
[8.251959] (-) TimerEvent: {}
[8.352391] (-) TimerEvent: {}
[8.452883] (-) TimerEvent: {}
[8.553277] (-) TimerEvent: {}
[8.653690] (-) TimerEvent: {}
[8.751439] (usb_device_driver) StdoutLine: {'line': b'[ 78%] Built target usb_device_driver__py\n'}
[8.753772] (-) TimerEvent: {}
[8.763847] (usb_device_driver) StdoutLine: {'line': b'\x1b[35m\x1b[1mConsolidate compiler generated dependencies of target usb_device_driver__rosidl_generator_py\x1b[0m\n'}
[8.782853] (usb_device_driver) StdoutLine: {'line': b'[ 82%] \x1b[32mBuilding C object CMakeFiles/usb_device_driver__rosidl_generator_py.dir/rosidl_generator_py/usb_device_driver/msg/_motors_states_s.c.o\x1b[0m\n'}
[8.783190] (usb_device_driver) StdoutLine: {'line': b'[ 82%] \x1b[32mBuilding C object CMakeFiles/usb_device_driver__rosidl_generator_py.dir/rosidl_generator_py/usb_device_driver/msg/_imu_data_s.c.o\x1b[0m\n'}
[8.783282] (usb_device_driver) StdoutLine: {'line': b'[ 84%] \x1b[32mBuilding C object CMakeFiles/usb_device_driver__rosidl_generator_py.dir/rosidl_generator_py/usb_device_driver/msg/_motors_cmd_s.c.o\x1b[0m\n'}
[8.853901] (-) TimerEvent: {}
[8.898456] (usb_device_driver) StdoutLine: {'line': b'[ 86%] \x1b[32m\x1b[1mLinking C shared library rosidl_generator_py/usb_device_driver/libusb_device_driver__rosidl_generator_py.so\x1b[0m\n'}
[8.943778] (usb_device_driver) StdoutLine: {'line': b'[ 86%] Built target usb_device_driver__rosidl_generator_py\n'}
[8.954016] (-) TimerEvent: {}
[8.955471] (usb_device_driver) StdoutLine: {'line': b'\x1b[35m\x1b[1mConsolidate compiler generated dependencies of target usb_device_driver__rosidl_typesupport_fastrtps_c__pyext\x1b[0m\n'}
[8.955678] (usb_device_driver) StdoutLine: {'line': b'\x1b[35m\x1b[1mConsolidate compiler generated dependencies of target usb_device_driver__rosidl_typesupport_c__pyext\x1b[0m\n'}
[8.956873] (usb_device_driver) StdoutLine: {'line': b'\x1b[35m\x1b[1mConsolidate compiler generated dependencies of target usb_device_driver__rosidl_typesupport_introspection_c__pyext\x1b[0m\n'}
[8.969282] (usb_device_driver) StdoutLine: {'line': b'[ 88%] \x1b[32mBuilding C object CMakeFiles/usb_device_driver__rosidl_typesupport_c__pyext.dir/rosidl_generator_py/usb_device_driver/_usb_device_driver_s.ep.rosidl_typesupport_c.c.o\x1b[0m\n'}
[8.970805] (usb_device_driver) StdoutLine: {'line': b'[ 90%] \x1b[32mBuilding C object CMakeFiles/usb_device_driver__rosidl_typesupport_introspection_c__pyext.dir/rosidl_generator_py/usb_device_driver/_usb_device_driver_s.ep.rosidl_typesupport_introspection_c.c.o\x1b[0m\n'}
[8.971196] (usb_device_driver) StdoutLine: {'line': b'[ 92%] \x1b[32mBuilding C object CMakeFiles/usb_device_driver__rosidl_typesupport_fastrtps_c__pyext.dir/rosidl_generator_py/usb_device_driver/_usb_device_driver_s.ep.rosidl_typesupport_fastrtps_c.c.o\x1b[0m\n'}
[9.054126] (-) TimerEvent: {}
[9.068296] (usb_device_driver) StdoutLine: {'line': b'[ 94%] \x1b[32m\x1b[1mLinking C shared library rosidl_generator_py/usb_device_driver/usb_device_driver_s__rosidl_typesupport_introspection_c.cpython-310-x86_64-linux-gnu.so\x1b[0m\n'}
[9.068876] (usb_device_driver) StdoutLine: {'line': b'[ 96%] \x1b[32m\x1b[1mLinking C shared library rosidl_generator_py/usb_device_driver/usb_device_driver_s__rosidl_typesupport_fastrtps_c.cpython-310-x86_64-linux-gnu.so\x1b[0m\n'}
[9.069030] (usb_device_driver) StdoutLine: {'line': b'[ 98%] \x1b[32m\x1b[1mLinking C shared library rosidl_generator_py/usb_device_driver/usb_device_driver_s__rosidl_typesupport_c.cpython-310-x86_64-linux-gnu.so\x1b[0m\n'}
[9.108586] (usb_device_driver) StdoutLine: {'line': b'[ 98%] Built target usb_device_driver__rosidl_typesupport_introspection_c__pyext\n'}
[9.108838] (usb_device_driver) StdoutLine: {'line': b'[ 98%] Built target usb_device_driver__rosidl_typesupport_fastrtps_c__pyext\n'}
[9.108919] (usb_device_driver) StdoutLine: {'line': b'[ 98%] Built target usb_device_driver__rosidl_typesupport_c__pyext\n'}
[9.154270] (-) TimerEvent: {}
[9.254669] (-) TimerEvent: {}
[9.355022] (-) TimerEvent: {}
[9.455381] (-) TimerEvent: {}
[9.555670] (-) TimerEvent: {}
[9.655966] (-) TimerEvent: {}
[9.756303] (-) TimerEvent: {}
[9.856631] (-) TimerEvent: {}
[9.887544] (usb_device_driver) StderrLine: {'line': b'In file included from \x1b[01m\x1b[K/home/miles/usb_ros2_ws/src/usb_device_driver/generated/include/mavlink/v2.0/robot_dog/../protocol.h:4\x1b[m\x1b[K,\n'}
[9.887835] (usb_device_driver) StderrLine: {'line': b'                 from \x1b[01m\x1b[K/home/miles/usb_ros2_ws/src/usb_device_driver/generated/include/mavlink/v2.0/robot_dog/robot_dog.h:35\x1b[m\x1b[K,\n'}
[9.887963] (usb_device_driver) StderrLine: {'line': b'                 from \x1b[01m\x1b[K/home/miles/usb_ros2_ws/src/usb_device_driver/generated/include/mavlink/v2.0/robot_dog/mavlink.h:39\x1b[m\x1b[K,\n'}
[9.888077] (usb_device_driver) StderrLine: {'line': b'                 from \x1b[01m\x1b[K/home/miles/usb_ros2_ws/src/usb_device_driver/include/usb_device_driver/usb_reader_node.hpp:20\x1b[m\x1b[K,\n'}
[9.888174] (usb_device_driver) StderrLine: {'line': b'                 from \x1b[01m\x1b[K/home/miles/usb_ros2_ws/src/usb_device_driver/src/main.cpp:1\x1b[m\x1b[K:\n'}
[9.888249] (usb_device_driver) StderrLine: {'line': b'\x1b[01m\x1b[K/home/miles/usb_ros2_ws/src/usb_device_driver/generated/include/mavlink/v2.0/robot_dog/../mavlink_types.h:78:12:\x1b[m\x1b[K \x1b[01;35m\x1b[Kwarning: \x1b[m\x1b[KISO C++ prohibits anonymous structs [\x1b[01;35m\x1b[K\x1b]8;;https://gcc.gnu.org/onlinedocs/gcc/Warning-Options.html#index-Wpedantic\x07-Wpedantic\x1b]8;;\x07\x1b[m\x1b[K]\n'}
[9.888330] (usb_device_driver) StderrLine: {'line': b'   78 |     struct \x1b[01;35m\x1b[K{\x1b[m\x1b[K\n'}
[9.888438] (usb_device_driver) StderrLine: {'line': b'      |            \x1b[01;35m\x1b[K^\x1b[m\x1b[K\n'}
[9.888520] (usb_device_driver) StderrLine: {'line': b'\x1b[01m\x1b[K/home/miles/usb_ros2_ws/src/usb_device_driver/generated/include/mavlink/v2.0/robot_dog/../mavlink_types.h:17:40:\x1b[m\x1b[K \x1b[01;36m\x1b[Knote: \x1b[m\x1b[Kin definition of macro \xe2\x80\x98\x1b[01m\x1b[KMAVPACKED\x1b[m\x1b[K\xe2\x80\x99\n'}
[9.888610] (usb_device_driver) StderrLine: {'line': b'   17 |   #define MAVPACKED( __Declaration__ ) \x1b[01;36m\x1b[K__Declaration__\x1b[m\x1b[K __attribute__((packed))\n'}
[9.888702] (usb_device_driver) StderrLine: {'line': b'      |                                        \x1b[01;36m\x1b[K^~~~~~~~~~~~~~~\x1b[m\x1b[K\n'}
[9.893320] (usb_device_driver) StderrLine: {'line': b'In file included from \x1b[01m\x1b[K/home/miles/usb_ros2_ws/src/usb_device_driver/generated/include/mavlink/v2.0/robot_dog/mavlink.h:39\x1b[m\x1b[K,\n'}
[9.893454] (usb_device_driver) StderrLine: {'line': b'                 from \x1b[01m\x1b[K/home/miles/usb_ros2_ws/src/usb_device_driver/include/usb_device_driver/usb_reader_node.hpp:20\x1b[m\x1b[K,\n'}
[9.893522] (usb_device_driver) StderrLine: {'line': b'                 from \x1b[01m\x1b[K/home/miles/usb_ros2_ws/src/usb_device_driver/src/main.cpp:1\x1b[m\x1b[K:\n'}
[9.893580] (usb_device_driver) StderrLine: {'line': b'\x1b[01m\x1b[K/home/miles/usb_ros2_ws/src/usb_device_driver/generated/include/mavlink/v2.0/robot_dog/../mavlink_helpers.h:\x1b[m\x1b[K In function \xe2\x80\x98\x1b[01m\x1b[Kconst mavlink_msg_entry_t* mavlink_get_msg_entry(uint32_t)\x1b[m\x1b[K\xe2\x80\x99:\n'}
[9.893747] (usb_device_driver) StderrLine: {'line': b'\x1b[01m\x1b[K/home/miles/usb_ros2_ws/src/usb_device_driver/generated/include/mavlink/v2.0/robot_dog/robot_dog.h:31:119:\x1b[m\x1b[K \x1b[01;31m\x1b[Kerror: \x1b[m\x1b[Knarrowing conversion of \xe2\x80\x98\x1b[01m\x1b[K260\x1b[m\x1b[K\xe2\x80\x99 from \xe2\x80\x98\x1b[01m\x1b[Kint\x1b[m\x1b[K\xe2\x80\x99 to \xe2\x80\x98\x1b[01m\x1b[Kuint8_t\x1b[m\x1b[K\xe2\x80\x99 {aka \xe2\x80\x98\x1b[01m\x1b[Kunsigned char\x1b[m\x1b[K\xe2\x80\x99} [\x1b[01;31m\x1b[K\x1b]8;;https://gcc.gnu.org/onlinedocs/gcc/Warning-Options.html#index-Wnarrowing\x07-Wnarrowing\x1b]8;;\x07\x1b[m\x1b[K]\n'}
[9.893814] (usb_device_driver) StderrLine: {'line': b'   31 | INK_MESSAGE_CRCS {{230, 160, 260, 260, 0, 0, 0}, {231, 156, 272, 272, 0, 0, 0}, {232, 36, 48, 48, 0, 0, 0}\x1b[01;31m\x1b[K}\x1b[m\x1b[K\n'}
[9.893862] (usb_device_driver) StderrLine: {'line': b'      |                                                                                                           \x1b[01;31m\x1b[K^\x1b[m\x1b[K\n'}
[9.893905] (usb_device_driver) StderrLine: {'line': b'\n'}
[9.893946] (usb_device_driver) StderrLine: {'line': b'\x1b[01m\x1b[K/home/miles/usb_ros2_ws/src/usb_device_driver/generated/include/mavlink/v2.0/robot_dog/../mavlink_helpers.h:520:67:\x1b[m\x1b[K \x1b[01;36m\x1b[Knote: \x1b[m\x1b[Kin expansion of macro \xe2\x80\x98\x1b[01m\x1b[KMAVLINK_MESSAGE_CRCS\x1b[m\x1b[K\xe2\x80\x99\n'}
[9.893989] (usb_device_driver) StderrLine: {'line': b'  520 |         static const mavlink_msg_entry_t mavlink_message_crcs[] = \x1b[01;36m\x1b[KMAVLINK_MESSAGE_CRCS\x1b[m\x1b[K;\n'}
[9.894030] (usb_device_driver) StderrLine: {'line': b'      |                                                                   \x1b[01;36m\x1b[K^~~~~~~~~~~~~~~~~~~~\x1b[m\x1b[K\n'}
[9.894068] (usb_device_driver) StderrLine: {'line': b'\x1b[01m\x1b[K/home/miles/usb_ros2_ws/src/usb_device_driver/generated/include/mavlink/v2.0/robot_dog/robot_dog.h:31:119:\x1b[m\x1b[K \x1b[01;31m\x1b[Kerror: \x1b[m\x1b[Knarrowing conversion of \xe2\x80\x98\x1b[01m\x1b[K272\x1b[m\x1b[K\xe2\x80\x99 from \xe2\x80\x98\x1b[01m\x1b[Kint\x1b[m\x1b[K\xe2\x80\x99 to \xe2\x80\x98\x1b[01m\x1b[Kuint8_t\x1b[m\x1b[K\xe2\x80\x99 {aka \xe2\x80\x98\x1b[01m\x1b[Kunsigned char\x1b[m\x1b[K\xe2\x80\x99} [\x1b[01;31m\x1b[K\x1b]8;;https://gcc.gnu.org/onlinedocs/gcc/Warning-Options.html#index-Wnarrowing\x07-Wnarrowing\x1b]8;;\x07\x1b[m\x1b[K]\n'}
[9.894122] (usb_device_driver) StderrLine: {'line': b'   31 | INK_MESSAGE_CRCS {{230, 160, 260, 260, 0, 0, 0}, {231, 156, 272, 272, 0, 0, 0}, {232, 36, 48, 48, 0, 0, 0}\x1b[01;31m\x1b[K}\x1b[m\x1b[K\n'}
[9.894176] (usb_device_driver) StderrLine: {'line': b'      |                                                                                                           \x1b[01;31m\x1b[K^\x1b[m\x1b[K\n'}
[9.894215] (usb_device_driver) StderrLine: {'line': b'\n'}
[9.894251] (usb_device_driver) StderrLine: {'line': b'\x1b[01m\x1b[K/home/miles/usb_ros2_ws/src/usb_device_driver/generated/include/mavlink/v2.0/robot_dog/../mavlink_helpers.h:520:67:\x1b[m\x1b[K \x1b[01;36m\x1b[Knote: \x1b[m\x1b[Kin expansion of macro \xe2\x80\x98\x1b[01m\x1b[KMAVLINK_MESSAGE_CRCS\x1b[m\x1b[K\xe2\x80\x99\n'}
[9.894290] (usb_device_driver) StderrLine: {'line': b'  520 |         static const mavlink_msg_entry_t mavlink_message_crcs[] = \x1b[01;36m\x1b[KMAVLINK_MESSAGE_CRCS\x1b[m\x1b[K;\n'}
[9.894335] (usb_device_driver) StderrLine: {'line': b'      |                                                                   \x1b[01;36m\x1b[K^~~~~~~~~~~~~~~~~~~~\x1b[m\x1b[K\n'}
[9.897514] (usb_device_driver) StderrLine: {'line': b'In file included from \x1b[01m\x1b[K/home/miles/usb_ros2_ws/src/usb_device_driver/generated/include/mavlink/v2.0/robot_dog/robot_dog.h:57\x1b[m\x1b[K,\n'}
[9.897978] (usb_device_driver) StderrLine: {'line': b'                 from \x1b[01m\x1b[K/home/miles/usb_ros2_ws/src/usb_device_driver/generated/include/mavlink/v2.0/robot_dog/mavlink.h:39\x1b[m\x1b[K,\n'}
[9.898112] (usb_device_driver) StderrLine: {'line': b'                 from \x1b[01m\x1b[K/home/miles/usb_ros2_ws/src/usb_device_driver/include/usb_device_driver/usb_reader_node.hpp:20\x1b[m\x1b[K,\n'}
[9.898228] (usb_device_driver) StderrLine: {'line': b'                 from \x1b[01m\x1b[K/home/miles/usb_ros2_ws/src/usb_device_driver/src/main.cpp:1\x1b[m\x1b[K:\n'}
[9.898443] (usb_device_driver) StderrLine: {'line': b'\x1b[01m\x1b[K/home/miles/usb_ros2_ws/src/usb_device_driver/generated/include/mavlink/v2.0/robot_dog/./mavlink_msg_dog_motors_cmd.h:\x1b[m\x1b[K In function \xe2\x80\x98\x1b[01m\x1b[Kuint16_t mavlink_msg_dog_motors_cmd_pack(uint8_t, uint8_t, mavlink_message_t*, uint64_t, const uint8_t*, const float*, const float*, const float*, const float*, const float*)\x1b[m\x1b[K\xe2\x80\x99:\n'}
[9.898639] (usb_device_driver) StderrLine: {'line': b'\x1b[01m\x1b[K/home/miles/usb_ros2_ws/src/usb_device_driver/generated/include/mavlink/v2.0/robot_dog/./mavlink_msg_dog_motors_cmd.h:18:47:\x1b[m\x1b[K \x1b[01;35m\x1b[Kwarning: \x1b[m\x1b[Kunsigned conversion from \xe2\x80\x98\x1b[01m\x1b[Kint\x1b[m\x1b[K\xe2\x80\x99 to \xe2\x80\x98\x1b[01m\x1b[Kuint8_t\x1b[m\x1b[K\xe2\x80\x99 {aka \xe2\x80\x98\x1b[01m\x1b[Kunsigned char\x1b[m\x1b[K\xe2\x80\x99} changes value from \xe2\x80\x98\x1b[01m\x1b[K260\x1b[m\x1b[K\xe2\x80\x99 to \xe2\x80\x98\x1b[01m\x1b[K4\x1b[m\x1b[K\xe2\x80\x99 [\x1b[01;35m\x1b[K\x1b]8;;https://gcc.gnu.org/onlinedocs/gcc/Warning-Options.html#index-Woverflow\x07-Woverflow\x1b]8;;\x07\x1b[m\x1b[K]\n'}
[9.898858] (usb_device_driver) StderrLine: {'line': b'   18 | #define MAVLINK_MSG_ID_DOG_MOTORS_CMD_MIN_LEN \x1b[01;35m\x1b[K260\x1b[m\x1b[K\n'}
[9.898910] (usb_device_driver) StderrLine: {'line': b'      |                                               \x1b[01;35m\x1b[K^~~\x1b[m\x1b[K\n'}
[9.898952] (usb_device_driver) StderrLine: {'line': b'\x1b[01m\x1b[K/home/miles/usb_ros2_ws/src/usb_device_driver/generated/include/mavlink/v2.0/robot_dog/./mavlink_msg_dog_motors_cmd.h:102:67:\x1b[m\x1b[K \x1b[01;36m\x1b[Knote: \x1b[m\x1b[Kin expansion of macro \xe2\x80\x98\x1b[01m\x1b[KMAVLINK_MSG_ID_DOG_MOTORS_CMD_MIN_LEN\x1b[m\x1b[K\xe2\x80\x99\n'}
[9.898996] (usb_device_driver) StderrLine: {'line': b'  102 |     return mavlink_finalize_message(msg, system_id, component_id, \x1b[01;36m\x1b[KMAVLINK_MSG_ID_DOG_MOTORS_CMD_MIN_LEN\x1b[m\x1b[K, MAVLINK_MSG_ID_DOG_MOTORS_CMD_LEN, MAVLINK_MSG_ID_DOG_MOTORS_CMD_CRC);\n'}
[9.899041] (usb_device_driver) StderrLine: {'line': b'      |                                                                   \x1b[01;36m\x1b[K^~~~~~~~~~~~~~~~~~~~~~~~~~~~~~~~~~~~~\x1b[m\x1b[K\n'}
[9.899138] (usb_device_driver) StderrLine: {'line': b'\x1b[01m\x1b[K/home/miles/usb_ros2_ws/src/usb_device_driver/generated/include/mavlink/v2.0/robot_dog/./mavlink_msg_dog_motors_cmd.h:17:43:\x1b[m\x1b[K \x1b[01;35m\x1b[Kwarning: \x1b[m\x1b[Kunsigned conversion from \xe2\x80\x98\x1b[01m\x1b[Kint\x1b[m\x1b[K\xe2\x80\x99 to \xe2\x80\x98\x1b[01m\x1b[Kuint8_t\x1b[m\x1b[K\xe2\x80\x99 {aka \xe2\x80\x98\x1b[01m\x1b[Kunsigned char\x1b[m\x1b[K\xe2\x80\x99} changes value from \xe2\x80\x98\x1b[01m\x1b[K260\x1b[m\x1b[K\xe2\x80\x99 to \xe2\x80\x98\x1b[01m\x1b[K4\x1b[m\x1b[K\xe2\x80\x99 [\x1b[01;35m\x1b[K\x1b]8;;https://gcc.gnu.org/onlinedocs/gcc/Warning-Options.html#index-Woverflow\x07-Woverflow\x1b]8;;\x07\x1b[m\x1b[K]\n'}
[9.899185] (usb_device_driver) StderrLine: {'line': b'   17 | #define MAVLINK_MSG_ID_DOG_MOTORS_CMD_LEN \x1b[01;35m\x1b[K260\x1b[m\x1b[K\n'}
[9.899232] (usb_device_driver) StderrLine: {'line': b'      |                                           \x1b[01;35m\x1b[K^~~\x1b[m\x1b[K\n'}
[9.899330] (usb_device_driver) StderrLine: {'line': b'\x1b[01m\x1b[K/home/miles/usb_ros2_ws/src/usb_device_driver/generated/include/mavlink/v2.0/robot_dog/./mavlink_msg_dog_motors_cmd.h:102:106:\x1b[m\x1b[K \x1b[01;36m\x1b[Knote: \x1b[m\x1b[Kin expansion of macro \xe2\x80\x98\x1b[01m\x1b[KMAVLINK_MSG_ID_DOG_MOTORS_CMD_LEN\x1b[m\x1b[K\xe2\x80\x99\n'}
[9.899416] (usb_device_driver) StderrLine: {'line': b'  102 | n mavlink_finalize_message(msg, system_id, component_id, MAVLINK_MSG_ID_DOG_MOTORS_CMD_MIN_LEN, \x1b[01;36m\x1b[KMAVLINK_MSG_ID_DOG_MOTORS_CMD_LEN\x1b[m\x1b[K, MAVLINK_MSG_ID_DOG_MOTORS_CMD_CRC);\n'}
[9.899469] (usb_device_driver) StderrLine: {'line': b'      |                                                                                                 \x1b[01;36m\x1b[K^~~~~~~~~~~~~~~~~~~~~~~~~~~~~~~~~\x1b[m\x1b[K\n'}
[9.899514] (usb_device_driver) StderrLine: {'line': b'\n'}
[9.899555] (usb_device_driver) StderrLine: {'line': b'\x1b[01m\x1b[K/home/miles/usb_ros2_ws/src/usb_device_driver/generated/include/mavlink/v2.0/robot_dog/./mavlink_msg_dog_motors_cmd.h:\x1b[m\x1b[K In function \xe2\x80\x98\x1b[01m\x1b[Kuint16_t mavlink_msg_dog_motors_cmd_pack_status(uint8_t, uint8_t, mavlink_status_t*, mavlink_message_t*, uint64_t, const uint8_t*, const float*, const float*, const float*, const float*, const float*)\x1b[m\x1b[K\xe2\x80\x99:\n'}
[9.899650] (usb_device_driver) StderrLine: {'line': b'\x1b[01m\x1b[K/home/miles/usb_ros2_ws/src/usb_device_driver/generated/include/mavlink/v2.0/robot_dog/./mavlink_msg_dog_motors_cmd.h:18:47:\x1b[m\x1b[K \x1b[01;35m\x1b[Kwarning: \x1b[m\x1b[Kunsigned conversion from \xe2\x80\x98\x1b[01m\x1b[Kint\x1b[m\x1b[K\xe2\x80\x99 to \xe2\x80\x98\x1b[01m\x1b[Kuint8_t\x1b[m\x1b[K\xe2\x80\x99 {aka \xe2\x80\x98\x1b[01m\x1b[Kunsigned char\x1b[m\x1b[K\xe2\x80\x99} changes value from \xe2\x80\x98\x1b[01m\x1b[K260\x1b[m\x1b[K\xe2\x80\x99 to \xe2\x80\x98\x1b[01m\x1b[K4\x1b[m\x1b[K\xe2\x80\x99 [\x1b[01;35m\x1b[K\x1b]8;;https://gcc.gnu.org/onlinedocs/gcc/Warning-Options.html#index-Woverflow\x07-Woverflow\x1b]8;;\x07\x1b[m\x1b[K]\n'}
[9.899805] (usb_device_driver) StderrLine: {'line': b'   18 | #define MAVLINK_MSG_ID_DOG_MOTORS_CMD_MIN_LEN \x1b[01;35m\x1b[K260\x1b[m\x1b[K\n'}
[9.899851] (usb_device_driver) StderrLine: {'line': b'      |                                               \x1b[01;35m\x1b[K^~~\x1b[m\x1b[K\n'}
[9.899896] (usb_device_driver) StderrLine: {'line': b'\x1b[01m\x1b[K/home/miles/usb_ros2_ws/src/usb_device_driver/generated/include/mavlink/v2.0/robot_dog/./mavlink_msg_dog_motors_cmd.h:148:83:\x1b[m\x1b[K \x1b[01;36m\x1b[Knote: \x1b[m\x1b[Kin expansion of macro \xe2\x80\x98\x1b[01m\x1b[KMAVLINK_MSG_ID_DOG_MOTORS_CMD_MIN_LEN\x1b[m\x1b[K\xe2\x80\x99\n'}
[9.899941] (usb_device_driver) StderrLine: {'line': b'  148 |     return mavlink_finalize_message_buffer(msg, system_id, component_id, _status, \x1b[01;36m\x1b[KMAVLINK_MSG_ID_DOG_MOTORS_CMD_MIN_LEN\x1b[m\x1b[K, MAVLINK_MSG_ID_DOG_MOTORS_CMD_LEN, MAVLINK_MSG_ID_DOG_MOTORS_CMD_CRC);\n'}
[9.900052] (usb_device_driver) StderrLine: {'line': b'      |                                                                                   \x1b[01;36m\x1b[K^~~~~~~~~~~~~~~~~~~~~~~~~~~~~~~~~~~~~\x1b[m\x1b[K\n'}
[9.900095] (usb_device_driver) StderrLine: {'line': b'\x1b[01m\x1b[K/home/miles/usb_ros2_ws/src/usb_device_driver/generated/include/mavlink/v2.0/robot_dog/./mavlink_msg_dog_motors_cmd.h:17:43:\x1b[m\x1b[K \x1b[01;35m\x1b[Kwarning: \x1b[m\x1b[Kunsigned conversion from \xe2\x80\x98\x1b[01m\x1b[Kint\x1b[m\x1b[K\xe2\x80\x99 to \xe2\x80\x98\x1b[01m\x1b[Kuint8_t\x1b[m\x1b[K\xe2\x80\x99 {aka \xe2\x80\x98\x1b[01m\x1b[Kunsigned char\x1b[m\x1b[K\xe2\x80\x99} changes value from \xe2\x80\x98\x1b[01m\x1b[K260\x1b[m\x1b[K\xe2\x80\x99 to \xe2\x80\x98\x1b[01m\x1b[K4\x1b[m\x1b[K\xe2\x80\x99 [\x1b[01;35m\x1b[K\x1b]8;;https://gcc.gnu.org/onlinedocs/gcc/Warning-Options.html#index-Woverflow\x07-Woverflow\x1b]8;;\x07\x1b[m\x1b[K]\n'}
[9.900143] (usb_device_driver) StderrLine: {'line': b'   17 | #define MAVLINK_MSG_ID_DOG_MOTORS_CMD_LEN \x1b[01;35m\x1b[K260\x1b[m\x1b[K\n'}
[9.900183] (usb_device_driver) StderrLine: {'line': b'      |                                           \x1b[01;35m\x1b[K^~~\x1b[m\x1b[K\n'}
[9.900222] (usb_device_driver) StderrLine: {'line': b'\x1b[01m\x1b[K/home/miles/usb_ros2_ws/src/usb_device_driver/generated/include/mavlink/v2.0/robot_dog/./mavlink_msg_dog_motors_cmd.h:148:122:\x1b[m\x1b[K \x1b[01;36m\x1b[Knote: \x1b[m\x1b[Kin expansion of macro \xe2\x80\x98\x1b[01m\x1b[KMAVLINK_MSG_ID_DOG_MOTORS_CMD_LEN\x1b[m\x1b[K\xe2\x80\x99\n'}
[9.900263] (usb_device_driver) StderrLine: {'line': b'  148 | ze_message_buffer(msg, system_id, component_id, _status, MAVLINK_MSG_ID_DOG_MOTORS_CMD_MIN_LEN, \x1b[01;36m\x1b[KMAVLINK_MSG_ID_DOG_MOTORS_CMD_LEN\x1b[m\x1b[K, MAVLINK_MSG_ID_DOG_MOTORS_CMD_CRC);\n'}
[9.900304] (usb_device_driver) StderrLine: {'line': b'      |                                                                                                 \x1b[01;36m\x1b[K^~~~~~~~~~~~~~~~~~~~~~~~~~~~~~~~~\x1b[m\x1b[K\n'}
[9.900344] (usb_device_driver) StderrLine: {'line': b'\n'}
[9.900382] (usb_device_driver) StderrLine: {'line': b'\x1b[01m\x1b[K/home/miles/usb_ros2_ws/src/usb_device_driver/generated/include/mavlink/v2.0/robot_dog/./mavlink_msg_dog_motors_cmd.h:\x1b[m\x1b[K In function \xe2\x80\x98\x1b[01m\x1b[Kuint16_t mavlink_msg_dog_motors_cmd_pack_chan(uint8_t, uint8_t, uint8_t, mavlink_message_t*, uint64_t, const uint8_t*, const float*, const float*, const float*, const float*, const float*)\x1b[m\x1b[K\xe2\x80\x99:\n'}
[9.900424] (usb_device_driver) StderrLine: {'line': b'\x1b[01m\x1b[K/home/miles/usb_ros2_ws/src/usb_device_driver/generated/include/mavlink/v2.0/robot_dog/./mavlink_msg_dog_motors_cmd.h:18:47:\x1b[m\x1b[K \x1b[01;35m\x1b[Kwarning: \x1b[m\x1b[Kunsigned conversion from \xe2\x80\x98\x1b[01m\x1b[Kint\x1b[m\x1b[K\xe2\x80\x99 to \xe2\x80\x98\x1b[01m\x1b[Kuint8_t\x1b[m\x1b[K\xe2\x80\x99 {aka \xe2\x80\x98\x1b[01m\x1b[Kunsigned char\x1b[m\x1b[K\xe2\x80\x99} changes value from \xe2\x80\x98\x1b[01m\x1b[K260\x1b[m\x1b[K\xe2\x80\x99 to \xe2\x80\x98\x1b[01m\x1b[K4\x1b[m\x1b[K\xe2\x80\x99 [\x1b[01;35m\x1b[K\x1b]8;;https://gcc.gnu.org/onlinedocs/gcc/Warning-Options.html#index-Woverflow\x07-Woverflow\x1b]8;;\x07\x1b[m\x1b[K]\n'}
[9.900471] (usb_device_driver) StderrLine: {'line': b'   18 | #define MAVLINK_MSG_ID_DOG_MOTORS_CMD_MIN_LEN \x1b[01;35m\x1b[K260\x1b[m\x1b[K\n'}
[9.900510] (usb_device_driver) StderrLine: {'line': b'      |                                               \x1b[01;35m\x1b[K^~~\x1b[m\x1b[K\n'}
[9.900550] (usb_device_driver) StderrLine: {'line': b'\x1b[01m\x1b[K/home/miles/usb_ros2_ws/src/usb_device_driver/generated/include/mavlink/v2.0/robot_dog/./mavlink_msg_dog_motors_cmd.h:196:78:\x1b[m\x1b[K \x1b[01;36m\x1b[Knote: \x1b[m\x1b[Kin expansion of macro \xe2\x80\x98\x1b[01m\x1b[KMAVLINK_MSG_ID_DOG_MOTORS_CMD_MIN_LEN\x1b[m\x1b[K\xe2\x80\x99\n'}
[9.900594] (usb_device_driver) StderrLine: {'line': b'  196 |     return mavlink_finalize_message_chan(msg, system_id, component_id, chan, \x1b[01;36m\x1b[KMAVLINK_MSG_ID_DOG_MOTORS_CMD_MIN_LEN\x1b[m\x1b[K, MAVLINK_MSG_ID_DOG_MOTORS_CMD_LEN, MAVLINK_MSG_ID_DOG_MOTORS_CMD_CRC);\n'}
[9.900662] (usb_device_driver) StderrLine: {'line': b'      |                                                                              \x1b[01;36m\x1b[K^~~~~~~~~~~~~~~~~~~~~~~~~~~~~~~~~~~~~\x1b[m\x1b[K\n'}
[9.900705] (usb_device_driver) StderrLine: {'line': b'\x1b[01m\x1b[K/home/miles/usb_ros2_ws/src/usb_device_driver/generated/include/mavlink/v2.0/robot_dog/./mavlink_msg_dog_motors_cmd.h:17:43:\x1b[m\x1b[K \x1b[01;35m\x1b[Kwarning: \x1b[m\x1b[Kunsigned conversion from \xe2\x80\x98\x1b[01m\x1b[Kint\x1b[m\x1b[K\xe2\x80\x99 to \xe2\x80\x98\x1b[01m\x1b[Kuint8_t\x1b[m\x1b[K\xe2\x80\x99 {aka \xe2\x80\x98\x1b[01m\x1b[Kunsigned char\x1b[m\x1b[K\xe2\x80\x99} changes value from \xe2\x80\x98\x1b[01m\x1b[K260\x1b[m\x1b[K\xe2\x80\x99 to \xe2\x80\x98\x1b[01m\x1b[K4\x1b[m\x1b[K\xe2\x80\x99 [\x1b[01;35m\x1b[K\x1b]8;;https://gcc.gnu.org/onlinedocs/gcc/Warning-Options.html#index-Woverflow\x07-Woverflow\x1b]8;;\x07\x1b[m\x1b[K]\n'}
[9.900746] (usb_device_driver) StderrLine: {'line': b'   17 | #define MAVLINK_MSG_ID_DOG_MOTORS_CMD_LEN \x1b[01;35m\x1b[K260\x1b[m\x1b[K\n'}
[9.900787] (usb_device_driver) StderrLine: {'line': b'      |                                           \x1b[01;35m\x1b[K^~~\x1b[m\x1b[K\n'}
[9.900825] (usb_device_driver) StderrLine: {'line': b'\x1b[01m\x1b[K/home/miles/usb_ros2_ws/src/usb_device_driver/generated/include/mavlink/v2.0/robot_dog/./mavlink_msg_dog_motors_cmd.h:196:117:\x1b[m\x1b[K \x1b[01;36m\x1b[Knote: \x1b[m\x1b[Kin expansion of macro \xe2\x80\x98\x1b[01m\x1b[KMAVLINK_MSG_ID_DOG_MOTORS_CMD_LEN\x1b[m\x1b[K\xe2\x80\x99\n'}
[9.900866] (usb_device_driver) StderrLine: {'line': b'  196 | inalize_message_chan(msg, system_id, component_id, chan, MAVLINK_MSG_ID_DOG_MOTORS_CMD_MIN_LEN, \x1b[01;36m\x1b[KMAVLINK_MSG_ID_DOG_MOTORS_CMD_LEN\x1b[m\x1b[K, MAVLINK_MSG_ID_DOG_MOTORS_CMD_CRC);\n'}
[9.900904] (usb_device_driver) StderrLine: {'line': b'      |                                                                                                 \x1b[01;36m\x1b[K^~~~~~~~~~~~~~~~~~~~~~~~~~~~~~~~~\x1b[m\x1b[K\n'}
[9.900942] (usb_device_driver) StderrLine: {'line': b'\n'}
[9.900978] (usb_device_driver) StderrLine: {'line': b'In file included from \x1b[01m\x1b[K/home/miles/usb_ros2_ws/src/usb_device_driver/generated/include/mavlink/v2.0/robot_dog/robot_dog.h:57\x1b[m\x1b[K,\n'}
[9.901015] (usb_device_driver) StderrLine: {'line': b'                 from \x1b[01m\x1b[K/home/miles/usb_ros2_ws/src/usb_device_driver/generated/include/mavlink/v2.0/robot_dog/mavlink.h:39\x1b[m\x1b[K,\n'}
[9.901059] (usb_device_driver) StderrLine: {'line': b'                 from \x1b[01m\x1b[K/home/miles/usb_ros2_ws/src/usb_device_driver/include/usb_device_driver/usb_reader_node.hpp:20\x1b[m\x1b[K,\n'}
[9.901097] (usb_device_driver) StderrLine: {'line': b'                 from \x1b[01m\x1b[K/home/miles/usb_ros2_ws/src/usb_device_driver/src/main.cpp:1\x1b[m\x1b[K:\n'}
[9.901135] (usb_device_driver) StderrLine: {'line': b'\x1b[01m\x1b[K/home/miles/usb_ros2_ws/src/usb_device_driver/generated/include/mavlink/v2.0/robot_dog/./mavlink_msg_dog_motors_cmd.h:\x1b[m\x1b[K In function \xe2\x80\x98\x1b[01m\x1b[Kvoid mavlink_msg_dog_motors_cmd_decode(const mavlink_message_t*, mavlink_dog_motors_cmd_t*)\x1b[m\x1b[K\xe2\x80\x99:\n'}
[9.901174] (usb_device_driver) StderrLine: {'line': b'\x1b[01m\x1b[K/home/miles/usb_ros2_ws/src/usb_device_driver/generated/include/mavlink/v2.0/robot_dog/./mavlink_msg_dog_motors_cmd.h:419:32:\x1b[m\x1b[K \x1b[01;35m\x1b[Kwarning: \x1b[m\x1b[Kcomparison is always true due to limited range of data type [\x1b[01;35m\x1b[K\x1b]8;;https://gcc.gnu.org/onlinedocs/gcc/Warning-Options.html#index-Wtype-limits\x07-Wtype-limits\x1b]8;;\x07\x1b[m\x1b[K]\n'}
[9.901218] (usb_device_driver) StderrLine: {'line': b'  419 |         uint8_t len = msg->len \x1b[01;35m\x1b[K<\x1b[m\x1b[K MAVLINK_MSG_ID_DOG_MOTORS_CMD_LEN? msg->len : MAVLINK_MSG_ID_DOG_MOTORS_CMD_LEN;\n'}
[9.901260] (usb_device_driver) StderrLine: {'line': b'      |                                \x1b[01;35m\x1b[K^\x1b[m\x1b[K\n'}
[9.901297] (usb_device_driver) StderrLine: {'line': b'In file included from \x1b[01m\x1b[K/home/miles/usb_ros2_ws/src/usb_device_driver/generated/include/mavlink/v2.0/robot_dog/robot_dog.h:58\x1b[m\x1b[K,\n'}
[9.901335] (usb_device_driver) StderrLine: {'line': b'                 from \x1b[01m\x1b[K/home/miles/usb_ros2_ws/src/usb_device_driver/generated/include/mavlink/v2.0/robot_dog/mavlink.h:39\x1b[m\x1b[K,\n'}
[9.901373] (usb_device_driver) StderrLine: {'line': b'                 from \x1b[01m\x1b[K/home/miles/usb_ros2_ws/src/usb_device_driver/include/usb_device_driver/usb_reader_node.hpp:20\x1b[m\x1b[K,\n'}
[9.901410] (usb_device_driver) StderrLine: {'line': b'                 from \x1b[01m\x1b[K/home/miles/usb_ros2_ws/src/usb_device_driver/src/main.cpp:1\x1b[m\x1b[K:\n'}
[9.901447] (usb_device_driver) StderrLine: {'line': b'\x1b[01m\x1b[K/home/miles/usb_ros2_ws/src/usb_device_driver/generated/include/mavlink/v2.0/robot_dog/./mavlink_msg_dog_motors_state.h:\x1b[m\x1b[K In function \xe2\x80\x98\x1b[01m\x1b[Kuint16_t mavlink_msg_dog_motors_state_pack(uint8_t, uint8_t, mavlink_message_t*, uint64_t, const uint8_t*, const float*, const float*, const float*, const float*, const float*, const uint8_t*)\x1b[m\x1b[K\xe2\x80\x99:\n'}
[9.901486] (usb_device_driver) StderrLine: {'line': b'\x1b[01m\x1b[K/home/miles/usb_ros2_ws/src/usb_device_driver/generated/include/mavlink/v2.0/robot_dog/./mavlink_msg_dog_motors_state.h:19:49:\x1b[m\x1b[K \x1b[01;35m\x1b[Kwarning: \x1b[m\x1b[Kunsigned conversion from \xe2\x80\x98\x1b[01m\x1b[Kint\x1b[m\x1b[K\xe2\x80\x99 to \xe2\x80\x98\x1b[01m\x1b[Kuint8_t\x1b[m\x1b[K\xe2\x80\x99 {aka \xe2\x80\x98\x1b[01m\x1b[Kunsigned char\x1b[m\x1b[K\xe2\x80\x99} changes value from \xe2\x80\x98\x1b[01m\x1b[K272\x1b[m\x1b[K\xe2\x80\x99 to \xe2\x80\x98\x1b[01m\x1b[K16\x1b[m\x1b[K\xe2\x80\x99 [\x1b[01;35m\x1b[K\x1b]8;;https://gcc.gnu.org/onlinedocs/gcc/Warning-Options.html#index-Woverflow\x07-Woverflow\x1b]8;;\x07\x1b[m\x1b[K]\n'}
[9.901528] (usb_device_driver) StderrLine: {'line': b'   19 | #define MAVLINK_MSG_ID_DOG_MOTORS_STATE_MIN_LEN \x1b[01;35m\x1b[K272\x1b[m\x1b[K\n'}
[9.901566] (usb_device_driver) StderrLine: {'line': b'      |                                                 \x1b[01;35m\x1b[K^~~\x1b[m\x1b[K\n'}
[9.901617] (usb_device_driver) StderrLine: {'line': b'\x1b[01m\x1b[K/home/miles/usb_ros2_ws/src/usb_device_driver/generated/include/mavlink/v2.0/robot_dog/./mavlink_msg_dog_motors_state.h:109:67:\x1b[m\x1b[K \x1b[01;36m\x1b[Knote: \x1b[m\x1b[Kin expansion of macro \xe2\x80\x98\x1b[01m\x1b[KMAVLINK_MSG_ID_DOG_MOTORS_STATE_MIN_LEN\x1b[m\x1b[K\xe2\x80\x99\n'}
[9.901663] (usb_device_driver) StderrLine: {'line': b'  109 |     return mavlink_finalize_message(msg, system_id, component_id, \x1b[01;36m\x1b[KMAVLINK_MSG_ID_DOG_MOTORS_STATE_MIN_LEN\x1b[m\x1b[K, MAVLINK_MSG_ID_DOG_MOTORS_STATE_LEN, MAVLINK_MSG_ID_DOG_MOTORS_STATE_CRC);\n'}
[9.901705] (usb_device_driver) StderrLine: {'line': b'      |                                                                   \x1b[01;36m\x1b[K^~~~~~~~~~~~~~~~~~~~~~~~~~~~~~~~~~~~~~~\x1b[m\x1b[K\n'}
[9.901744] (usb_device_driver) StderrLine: {'line': b'\x1b[01m\x1b[K/home/miles/usb_ros2_ws/src/usb_device_driver/generated/include/mavlink/v2.0/robot_dog/./mavlink_msg_dog_motors_state.h:18:45:\x1b[m\x1b[K \x1b[01;35m\x1b[Kwarning: \x1b[m\x1b[Kunsigned conversion from \xe2\x80\x98\x1b[01m\x1b[Kint\x1b[m\x1b[K\xe2\x80\x99 to \xe2\x80\x98\x1b[01m\x1b[Kuint8_t\x1b[m\x1b[K\xe2\x80\x99 {aka \xe2\x80\x98\x1b[01m\x1b[Kunsigned char\x1b[m\x1b[K\xe2\x80\x99} changes value from \xe2\x80\x98\x1b[01m\x1b[K272\x1b[m\x1b[K\xe2\x80\x99 to \xe2\x80\x98\x1b[01m\x1b[K16\x1b[m\x1b[K\xe2\x80\x99 [\x1b[01;35m\x1b[K\x1b]8;;https://gcc.gnu.org/onlinedocs/gcc/Warning-Options.html#index-Woverflow\x07-Woverflow\x1b]8;;\x07\x1b[m\x1b[K]\n'}
[9.901788] (usb_device_driver) StderrLine: {'line': b'   18 | #define MAVLINK_MSG_ID_DOG_MOTORS_STATE_LEN \x1b[01;35m\x1b[K272\x1b[m\x1b[K\n'}
[9.901829] (usb_device_driver) StderrLine: {'line': b'      |                                             \x1b[01;35m\x1b[K^~~\x1b[m\x1b[K\n'}
[9.901867] (usb_device_driver) StderrLine: {'line': b'\x1b[01m\x1b[K/home/miles/usb_ros2_ws/src/usb_device_driver/generated/include/mavlink/v2.0/robot_dog/./mavlink_msg_dog_motors_state.h:109:108:\x1b[m\x1b[K \x1b[01;36m\x1b[Knote: \x1b[m\x1b[Kin expansion of macro \xe2\x80\x98\x1b[01m\x1b[KMAVLINK_MSG_ID_DOG_MOTORS_STATE_LEN\x1b[m\x1b[K\xe2\x80\x99\n'}
[9.901906] (usb_device_driver) StderrLine: {'line': b'  109 | mavlink_finalize_message(msg, system_id, component_id, MAVLINK_MSG_ID_DOG_MOTORS_STATE_MIN_LEN, \x1b[01;36m\x1b[KMAVLINK_MSG_ID_DOG_MOTORS_STATE_LEN\x1b[m\x1b[K, MAVLINK_MSG_ID_DOG_MOTORS_STATE_CRC);\n'}
[9.901947] (usb_device_driver) StderrLine: {'line': b'      |                                                                                                 \x1b[01;36m\x1b[K^~~~~~~~~~~~~~~~~~~~~~~~~~~~~~~~~~~\x1b[m\x1b[K\n'}
[9.901986] (usb_device_driver) StderrLine: {'line': b'\n'}
[9.902024] (usb_device_driver) StderrLine: {'line': b'\x1b[01m\x1b[K/home/miles/usb_ros2_ws/src/usb_device_driver/generated/include/mavlink/v2.0/robot_dog/./mavlink_msg_dog_motors_state.h:\x1b[m\x1b[K In function \xe2\x80\x98\x1b[01m\x1b[Kuint16_t mavlink_msg_dog_motors_state_pack_status(uint8_t, uint8_t, mavlink_status_t*, mavlink_message_t*, uint64_t, const uint8_t*, const float*, const float*, const float*, const float*, const float*, const uint8_t*)\x1b[m\x1b[K\xe2\x80\x99:\n'}
[9.902064] (usb_device_driver) StderrLine: {'line': b'\x1b[01m\x1b[K/home/miles/usb_ros2_ws/src/usb_device_driver/generated/include/mavlink/v2.0/robot_dog/./mavlink_msg_dog_motors_state.h:19:49:\x1b[m\x1b[K \x1b[01;35m\x1b[Kwarning: \x1b[m\x1b[Kunsigned conversion from \xe2\x80\x98\x1b[01m\x1b[Kint\x1b[m\x1b[K\xe2\x80\x99 to \xe2\x80\x98\x1b[01m\x1b[Kuint8_t\x1b[m\x1b[K\xe2\x80\x99 {aka \xe2\x80\x98\x1b[01m\x1b[Kunsigned char\x1b[m\x1b[K\xe2\x80\x99} changes value from \xe2\x80\x98\x1b[01m\x1b[K272\x1b[m\x1b[K\xe2\x80\x99 to \xe2\x80\x98\x1b[01m\x1b[K16\x1b[m\x1b[K\xe2\x80\x99 [\x1b[01;35m\x1b[K\x1b]8;;https://gcc.gnu.org/onlinedocs/gcc/Warning-Options.html#index-Woverflow\x07-Woverflow\x1b]8;;\x07\x1b[m\x1b[K]\n'}
[9.902108] (usb_device_driver) StderrLine: {'line': b'   19 | #define MAVLINK_MSG_ID_DOG_MOTORS_STATE_MIN_LEN \x1b[01;35m\x1b[K272\x1b[m\x1b[K\n'}
[9.902146] (usb_device_driver) StderrLine: {'line': b'      |                                                 \x1b[01;35m\x1b[K^~~\x1b[m\x1b[K\n'}
[9.902183] (usb_device_driver) StderrLine: {'line': b'\x1b[01m\x1b[K/home/miles/usb_ros2_ws/src/usb_device_driver/generated/include/mavlink/v2.0/robot_dog/./mavlink_msg_dog_motors_state.h:158:83:\x1b[m\x1b[K \x1b[01;36m\x1b[Knote: \x1b[m\x1b[Kin expansion of macro \xe2\x80\x98\x1b[01m\x1b[KMAVLINK_MSG_ID_DOG_MOTORS_STATE_MIN_LEN\x1b[m\x1b[K\xe2\x80\x99\n'}
[9.902221] (usb_device_driver) StderrLine: {'line': b'  158 |     return mavlink_finalize_message_buffer(msg, system_id, component_id, _status, \x1b[01;36m\x1b[KMAVLINK_MSG_ID_DOG_MOTORS_STATE_MIN_LEN\x1b[m\x1b[K, MAVLINK_MSG_ID_DOG_MOTORS_STATE_LEN, MAVLINK_MSG_ID_DOG_MOTORS_STATE_CRC);\n'}
[9.902259] (usb_device_driver) StderrLine: {'line': b'      |                                                                                   \x1b[01;36m\x1b[K^~~~~~~~~~~~~~~~~~~~~~~~~~~~~~~~~~~~~~~\x1b[m\x1b[K\n'}
[9.902296] (usb_device_driver) StderrLine: {'line': b'\x1b[01m\x1b[K/home/miles/usb_ros2_ws/src/usb_device_driver/generated/include/mavlink/v2.0/robot_dog/./mavlink_msg_dog_motors_state.h:18:45:\x1b[m\x1b[K \x1b[01;35m\x1b[Kwarning: \x1b[m\x1b[Kunsigned conversion from \xe2\x80\x98\x1b[01m\x1b[Kint\x1b[m\x1b[K\xe2\x80\x99 to \xe2\x80\x98\x1b[01m\x1b[Kuint8_t\x1b[m\x1b[K\xe2\x80\x99 {aka \xe2\x80\x98\x1b[01m\x1b[Kunsigned char\x1b[m\x1b[K\xe2\x80\x99} changes value from \xe2\x80\x98\x1b[01m\x1b[K272\x1b[m\x1b[K\xe2\x80\x99 to \xe2\x80\x98\x1b[01m\x1b[K16\x1b[m\x1b[K\xe2\x80\x99 [\x1b[01;35m\x1b[K\x1b]8;;https://gcc.gnu.org/onlinedocs/gcc/Warning-Options.html#index-Woverflow\x07-Woverflow\x1b]8;;\x07\x1b[m\x1b[K]\n'}
[9.902342] (usb_device_driver) StderrLine: {'line': b'   18 | #define MAVLINK_MSG_ID_DOG_MOTORS_STATE_LEN \x1b[01;35m\x1b[K272\x1b[m\x1b[K\n'}
[9.902381] (usb_device_driver) StderrLine: {'line': b'      |                                             \x1b[01;35m\x1b[K^~~\x1b[m\x1b[K\n'}
[9.902418] (usb_device_driver) StderrLine: {'line': b'\x1b[01m\x1b[K/home/miles/usb_ros2_ws/src/usb_device_driver/generated/include/mavlink/v2.0/robot_dog/./mavlink_msg_dog_motors_state.h:158:124:\x1b[m\x1b[K \x1b[01;36m\x1b[Knote: \x1b[m\x1b[Kin expansion of macro \xe2\x80\x98\x1b[01m\x1b[KMAVLINK_MSG_ID_DOG_MOTORS_STATE_LEN\x1b[m\x1b[K\xe2\x80\x99\n'}
[9.902456] (usb_device_driver) StderrLine: {'line': b'  158 | _message_buffer(msg, system_id, component_id, _status, MAVLINK_MSG_ID_DOG_MOTORS_STATE_MIN_LEN, \x1b[01;36m\x1b[KMAVLINK_MSG_ID_DOG_MOTORS_STATE_LEN\x1b[m\x1b[K, MAVLINK_MSG_ID_DOG_MOTORS_STATE_CRC);\n'}
[9.902493] (usb_device_driver) StderrLine: {'line': b'      |                                                                                                 \x1b[01;36m\x1b[K^~~~~~~~~~~~~~~~~~~~~~~~~~~~~~~~~~~\x1b[m\x1b[K\n'}
[9.902530] (usb_device_driver) StderrLine: {'line': b'\n'}
[9.902566] (usb_device_driver) StderrLine: {'line': b'\x1b[01m\x1b[K/home/miles/usb_ros2_ws/src/usb_device_driver/generated/include/mavlink/v2.0/robot_dog/./mavlink_msg_dog_motors_state.h:\x1b[m\x1b[K In function \xe2\x80\x98\x1b[01m\x1b[Kuint16_t mavlink_msg_dog_motors_state_pack_chan(uint8_t, uint8_t, uint8_t, mavlink_message_t*, uint64_t, const uint8_t*, const float*, const float*, const float*, const float*, const float*, const uint8_t*)\x1b[m\x1b[K\xe2\x80\x99:\n'}
[9.902620] (usb_device_driver) StderrLine: {'line': b'\x1b[01m\x1b[K/home/miles/usb_ros2_ws/src/usb_device_driver/generated/include/mavlink/v2.0/robot_dog/./mavlink_msg_dog_motors_state.h:19:49:\x1b[m\x1b[K \x1b[01;35m\x1b[Kwarning: \x1b[m\x1b[Kunsigned conversion from \xe2\x80\x98\x1b[01m\x1b[Kint\x1b[m\x1b[K\xe2\x80\x99 to \xe2\x80\x98\x1b[01m\x1b[Kuint8_t\x1b[m\x1b[K\xe2\x80\x99 {aka \xe2\x80\x98\x1b[01m\x1b[Kunsigned char\x1b[m\x1b[K\xe2\x80\x99} changes value from \xe2\x80\x98\x1b[01m\x1b[K272\x1b[m\x1b[K\xe2\x80\x99 to \xe2\x80\x98\x1b[01m\x1b[K16\x1b[m\x1b[K\xe2\x80\x99 [\x1b[01;35m\x1b[K\x1b]8;;https://gcc.gnu.org/onlinedocs/gcc/Warning-Options.html#index-Woverflow\x07-Woverflow\x1b]8;;\x07\x1b[m\x1b[K]\n'}
[9.902671] (usb_device_driver) StderrLine: {'line': b'   19 | #define MAVLINK_MSG_ID_DOG_MOTORS_STATE_MIN_LEN \x1b[01;35m\x1b[K272\x1b[m\x1b[K\n'}
[9.902713] (usb_device_driver) StderrLine: {'line': b'      |                                                 \x1b[01;35m\x1b[K^~~\x1b[m\x1b[K\n'}
[9.902750] (usb_device_driver) StderrLine: {'line': b'\x1b[01m\x1b[K/home/miles/usb_ros2_ws/src/usb_device_driver/generated/include/mavlink/v2.0/robot_dog/./mavlink_msg_dog_motors_state.h:209:78:\x1b[m\x1b[K \x1b[01;36m\x1b[Knote: \x1b[m\x1b[Kin expansion of macro \xe2\x80\x98\x1b[01m\x1b[KMAVLINK_MSG_ID_DOG_MOTORS_STATE_MIN_LEN\x1b[m\x1b[K\xe2\x80\x99\n'}
[9.902787] (usb_device_driver) StderrLine: {'line': b'  209 |     return mavlink_finalize_message_chan(msg, system_id, component_id, chan, \x1b[01;36m\x1b[KMAVLINK_MSG_ID_DOG_MOTORS_STATE_MIN_LEN\x1b[m\x1b[K, MAVLINK_MSG_ID_DOG_MOTORS_STATE_LEN, MAVLINK_MSG_ID_DOG_MOTORS_STATE_CRC);\n'}
[9.902824] (usb_device_driver) StderrLine: {'line': b'      |                                                                              \x1b[01;36m\x1b[K^~~~~~~~~~~~~~~~~~~~~~~~~~~~~~~~~~~~~~~\x1b[m\x1b[K\n'}
[9.902861] (usb_device_driver) StderrLine: {'line': b'\x1b[01m\x1b[K/home/miles/usb_ros2_ws/src/usb_device_driver/generated/include/mavlink/v2.0/robot_dog/./mavlink_msg_dog_motors_state.h:18:45:\x1b[m\x1b[K \x1b[01;35m\x1b[Kwarning: \x1b[m\x1b[Kunsigned conversion from \xe2\x80\x98\x1b[01m\x1b[Kint\x1b[m\x1b[K\xe2\x80\x99 to \xe2\x80\x98\x1b[01m\x1b[Kuint8_t\x1b[m\x1b[K\xe2\x80\x99 {aka \xe2\x80\x98\x1b[01m\x1b[Kunsigned char\x1b[m\x1b[K\xe2\x80\x99} changes value from \xe2\x80\x98\x1b[01m\x1b[K272\x1b[m\x1b[K\xe2\x80\x99 to \xe2\x80\x98\x1b[01m\x1b[K16\x1b[m\x1b[K\xe2\x80\x99 [\x1b[01;35m\x1b[K\x1b]8;;https://gcc.gnu.org/onlinedocs/gcc/Warning-Options.html#index-Woverflow\x07-Woverflow\x1b]8;;\x07\x1b[m\x1b[K]\n'}
[9.902904] (usb_device_driver) StderrLine: {'line': b'   18 | #define MAVLINK_MSG_ID_DOG_MOTORS_STATE_LEN \x1b[01;35m\x1b[K272\x1b[m\x1b[K\n'}
[9.902942] (usb_device_driver) StderrLine: {'line': b'      |                                             \x1b[01;35m\x1b[K^~~\x1b[m\x1b[K\n'}
[9.902979] (usb_device_driver) StderrLine: {'line': b'\x1b[01m\x1b[K/home/miles/usb_ros2_ws/src/usb_device_driver/generated/include/mavlink/v2.0/robot_dog/./mavlink_msg_dog_motors_state.h:209:119:\x1b[m\x1b[K \x1b[01;36m\x1b[Knote: \x1b[m\x1b[Kin expansion of macro \xe2\x80\x98\x1b[01m\x1b[KMAVLINK_MSG_ID_DOG_MOTORS_STATE_LEN\x1b[m\x1b[K\xe2\x80\x99\n'}
[9.903017] (usb_device_driver) StderrLine: {'line': b'  209 | alize_message_chan(msg, system_id, component_id, chan, MAVLINK_MSG_ID_DOG_MOTORS_STATE_MIN_LEN, \x1b[01;36m\x1b[KMAVLINK_MSG_ID_DOG_MOTORS_STATE_LEN\x1b[m\x1b[K, MAVLINK_MSG_ID_DOG_MOTORS_STATE_CRC);\n'}
[9.903061] (usb_device_driver) StderrLine: {'line': b'      |                                                                                                 \x1b[01;36m\x1b[K^~~~~~~~~~~~~~~~~~~~~~~~~~~~~~~~~~~\x1b[m\x1b[K\n'}
[9.903104] (usb_device_driver) StderrLine: {'line': b'\n'}
[9.903145] (usb_device_driver) StderrLine: {'line': b'In file included from \x1b[01m\x1b[K/home/miles/usb_ros2_ws/src/usb_device_driver/generated/include/mavlink/v2.0/robot_dog/robot_dog.h:58\x1b[m\x1b[K,\n'}
[9.903183] (usb_device_driver) StderrLine: {'line': b'                 from \x1b[01m\x1b[K/home/miles/usb_ros2_ws/src/usb_device_driver/generated/include/mavlink/v2.0/robot_dog/mavlink.h:39\x1b[m\x1b[K,\n'}
[9.903220] (usb_device_driver) StderrLine: {'line': b'                 from \x1b[01m\x1b[K/home/miles/usb_ros2_ws/src/usb_device_driver/include/usb_device_driver/usb_reader_node.hpp:20\x1b[m\x1b[K,\n'}
[9.903257] (usb_device_driver) StderrLine: {'line': b'                 from \x1b[01m\x1b[K/home/miles/usb_ros2_ws/src/usb_device_driver/src/main.cpp:1\x1b[m\x1b[K:\n'}
[9.903294] (usb_device_driver) StderrLine: {'line': b'\x1b[01m\x1b[K/home/miles/usb_ros2_ws/src/usb_device_driver/generated/include/mavlink/v2.0/robot_dog/./mavlink_msg_dog_motors_state.h:\x1b[m\x1b[K In function \xe2\x80\x98\x1b[01m\x1b[Kuint16_t mavlink_msg_dog_motors_state_get_statuses(const mavlink_message_t*, uint8_t*)\x1b[m\x1b[K\xe2\x80\x99:\n'}
[9.903332] (usb_device_driver) StderrLine: {'line': b'\x1b[01m\x1b[K/home/miles/usb_ros2_ws/src/usb_device_driver/generated/include/mavlink/v2.0/robot_dog/./mavlink_msg_dog_motors_state.h:427:58:\x1b[m\x1b[K \x1b[01;35m\x1b[Kwarning: \x1b[m\x1b[Kunsigned conversion from \xe2\x80\x98\x1b[01m\x1b[Kint\x1b[m\x1b[K\xe2\x80\x99 to \xe2\x80\x98\x1b[01m\x1b[Kuint8_t\x1b[m\x1b[K\xe2\x80\x99 {aka \xe2\x80\x98\x1b[01m\x1b[Kunsigned char\x1b[m\x1b[K\xe2\x80\x99} changes value from \xe2\x80\x98\x1b[01m\x1b[K260\x1b[m\x1b[K\xe2\x80\x99 to \xe2\x80\x98\x1b[01m\x1b[K4\x1b[m\x1b[K\xe2\x80\x99 [\x1b[01;35m\x1b[K\x1b]8;;https://gcc.gnu.org/onlinedocs/gcc/Warning-Options.html#index-Woverflow\x07-Woverflow\x1b]8;;\x07\x1b[m\x1b[K]\n'}
[9.903370] (usb_device_driver) StderrLine: {'line': b'  427 |     return _MAV_RETURN_uint8_t_array(msg, statuses, 12,  \x1b[01;35m\x1b[K260\x1b[m\x1b[K);\n'}
[9.903408] (usb_device_driver) StderrLine: {'line': b'      |                                                          \x1b[01;35m\x1b[K^~~\x1b[m\x1b[K\n'}
[9.903449] (usb_device_driver) StderrLine: {'line': b'\x1b[01m\x1b[K/home/miles/usb_ros2_ws/src/usb_device_driver/generated/include/mavlink/v2.0/robot_dog/./mavlink_msg_dog_motors_state.h:\x1b[m\x1b[K In function \xe2\x80\x98\x1b[01m\x1b[Kvoid mavlink_msg_dog_motors_state_decode(const mavlink_message_t*, mavlink_dog_motors_state_t*)\x1b[m\x1b[K\xe2\x80\x99:\n'}
[9.903488] (usb_device_driver) StderrLine: {'line': b'\x1b[01m\x1b[K/home/miles/usb_ros2_ws/src/usb_device_driver/generated/include/mavlink/v2.0/robot_dog/./mavlink_msg_dog_motors_state.h:448:32:\x1b[m\x1b[K \x1b[01;35m\x1b[Kwarning: \x1b[m\x1b[Kcomparison is always true due to limited range of data type [\x1b[01;35m\x1b[K\x1b]8;;https://gcc.gnu.org/onlinedocs/gcc/Warning-Options.html#index-Wtype-limits\x07-Wtype-limits\x1b]8;;\x07\x1b[m\x1b[K]\n'}
[9.903531] (usb_device_driver) StderrLine: {'line': b'  448 |         uint8_t len = msg->len \x1b[01;35m\x1b[K<\x1b[m\x1b[K MAVLINK_MSG_ID_DOG_MOTORS_STATE_LEN? msg->len : MAVLINK_MSG_ID_DOG_MOTORS_STATE_LEN;\n'}
[9.903569] (usb_device_driver) StderrLine: {'line': b'      |                                \x1b[01;35m\x1b[K^\x1b[m\x1b[K\n'}
[9.956752] (-) TimerEvent: {}
[9.967084] (usb_device_driver) StderrLine: {'line': b'In file included from \x1b[01m\x1b[K/home/miles/usb_ros2_ws/src/usb_device_driver/generated/include/mavlink/v2.0/robot_dog/../protocol.h:4\x1b[m\x1b[K,\n'}
[9.967309] (usb_device_driver) StderrLine: {'line': b'                 from \x1b[01m\x1b[K/home/miles/usb_ros2_ws/src/usb_device_driver/generated/include/mavlink/v2.0/robot_dog/robot_dog.h:35\x1b[m\x1b[K,\n'}
[9.967408] (usb_device_driver) StderrLine: {'line': b'                 from \x1b[01m\x1b[K/home/miles/usb_ros2_ws/src/usb_device_driver/generated/include/mavlink/v2.0/robot_dog/mavlink.h:39\x1b[m\x1b[K,\n'}
[9.967516] (usb_device_driver) StderrLine: {'line': b'                 from \x1b[01m\x1b[K/home/miles/usb_ros2_ws/src/usb_device_driver/include/usb_device_driver/usb_reader_node.hpp:20\x1b[m\x1b[K,\n'}
[9.967617] (usb_device_driver) StderrLine: {'line': b'                 from \x1b[01m\x1b[K/home/miles/usb_ros2_ws/src/usb_device_driver/src/usb_reader_node.cpp:1\x1b[m\x1b[K:\n'}
[9.967723] (usb_device_driver) StderrLine: {'line': b'\x1b[01m\x1b[K/home/miles/usb_ros2_ws/src/usb_device_driver/generated/include/mavlink/v2.0/robot_dog/../mavlink_types.h:78:12:\x1b[m\x1b[K \x1b[01;35m\x1b[Kwarning: \x1b[m\x1b[KISO C++ prohibits anonymous structs [\x1b[01;35m\x1b[K\x1b]8;;https://gcc.gnu.org/onlinedocs/gcc/Warning-Options.html#index-Wpedantic\x07-Wpedantic\x1b]8;;\x07\x1b[m\x1b[K]\n'}
[9.967812] (usb_device_driver) StderrLine: {'line': b'   78 |     struct \x1b[01;35m\x1b[K{\x1b[m\x1b[K\n'}
[9.967896] (usb_device_driver) StderrLine: {'line': b'      |            \x1b[01;35m\x1b[K^\x1b[m\x1b[K\n'}
[9.967974] (usb_device_driver) StderrLine: {'line': b'\x1b[01m\x1b[K/home/miles/usb_ros2_ws/src/usb_device_driver/generated/include/mavlink/v2.0/robot_dog/../mavlink_types.h:17:40:\x1b[m\x1b[K \x1b[01;36m\x1b[Knote: \x1b[m\x1b[Kin definition of macro \xe2\x80\x98\x1b[01m\x1b[KMAVPACKED\x1b[m\x1b[K\xe2\x80\x99\n'}
[9.968059] (usb_device_driver) StderrLine: {'line': b'   17 |   #define MAVPACKED( __Declaration__ ) \x1b[01;36m\x1b[K__Declaration__\x1b[m\x1b[K __attribute__((packed))\n'}
[9.968140] (usb_device_driver) StderrLine: {'line': b'      |                                        \x1b[01;36m\x1b[K^~~~~~~~~~~~~~~\x1b[m\x1b[K\n'}
[9.972327] (usb_device_driver) StderrLine: {'line': b'In file included from \x1b[01m\x1b[K/home/miles/usb_ros2_ws/src/usb_device_driver/generated/include/mavlink/v2.0/robot_dog/mavlink.h:39\x1b[m\x1b[K,\n'}
[9.972498] (usb_device_driver) StderrLine: {'line': b'                 from \x1b[01m\x1b[K/home/miles/usb_ros2_ws/src/usb_device_driver/include/usb_device_driver/usb_reader_node.hpp:20\x1b[m\x1b[K,\n'}
[9.972603] (usb_device_driver) StderrLine: {'line': b'                 from \x1b[01m\x1b[K/home/miles/usb_ros2_ws/src/usb_device_driver/src/usb_reader_node.cpp:1\x1b[m\x1b[K:\n'}
[9.972705] (usb_device_driver) StderrLine: {'line': b'\x1b[01m\x1b[K/home/miles/usb_ros2_ws/src/usb_device_driver/generated/include/mavlink/v2.0/robot_dog/../mavlink_helpers.h:\x1b[m\x1b[K In function \xe2\x80\x98\x1b[01m\x1b[Kconst mavlink_msg_entry_t* mavlink_get_msg_entry(uint32_t)\x1b[m\x1b[K\xe2\x80\x99:\n'}
[9.972793] (usb_device_driver) StderrLine: {'line': b'\x1b[01m\x1b[K/home/miles/usb_ros2_ws/src/usb_device_driver/generated/include/mavlink/v2.0/robot_dog/robot_dog.h:31:119:\x1b[m\x1b[K \x1b[01;31m\x1b[Kerror: \x1b[m\x1b[Knarrowing conversion of \xe2\x80\x98\x1b[01m\x1b[K260\x1b[m\x1b[K\xe2\x80\x99 from \xe2\x80\x98\x1b[01m\x1b[Kint\x1b[m\x1b[K\xe2\x80\x99 to \xe2\x80\x98\x1b[01m\x1b[Kuint8_t\x1b[m\x1b[K\xe2\x80\x99 {aka \xe2\x80\x98\x1b[01m\x1b[Kunsigned char\x1b[m\x1b[K\xe2\x80\x99} [\x1b[01;31m\x1b[K\x1b]8;;https://gcc.gnu.org/onlinedocs/gcc/Warning-Options.html#index-Wnarrowing\x07-Wnarrowing\x1b]8;;\x07\x1b[m\x1b[K]\n'}
[9.972893] (usb_device_driver) StderrLine: {'line': b'   31 | #define MAVLINK_MESSAGE_CRCS {{230, 160, 260, 260, 0, 0, 0}, {231, 156, 272, 272, 0, 0, 0}, {232, 36, 48, 48, 0, 0, 0}\x1b[01;31m\x1b[K}\x1b[m\x1b[K\n'}
[9.972974] (usb_device_driver) StderrLine: {'line': b'      |                                                                                                                       \x1b[01;31m\x1b[K^\x1b[m\x1b[K\n'}
[9.973067] (usb_device_driver) StderrLine: {'line': b'\x1b[01m\x1b[K/home/miles/usb_ros2_ws/src/usb_device_driver/generated/include/mavlink/v2.0/robot_dog/../mavlink_helpers.h:520:67:\x1b[m\x1b[K \x1b[01;36m\x1b[Knote: \x1b[m\x1b[Kin expansion of macro \xe2\x80\x98\x1b[01m\x1b[KMAVLINK_MESSAGE_CRCS\x1b[m\x1b[K\xe2\x80\x99\n'}
[9.973161] (usb_device_driver) StderrLine: {'line': b'  520 |         static const mavlink_msg_entry_t mavlink_message_crcs[] = \x1b[01;36m\x1b[KMAVLINK_MESSAGE_CRCS\x1b[m\x1b[K;\n'}
[9.973245] (usb_device_driver) StderrLine: {'line': b'      |                                                                   \x1b[01;36m\x1b[K^~~~~~~~~~~~~~~~~~~~\x1b[m\x1b[K\n'}
[9.973327] (usb_device_driver) StderrLine: {'line': b'\x1b[01m\x1b[K/home/miles/usb_ros2_ws/src/usb_device_driver/generated/include/mavlink/v2.0/robot_dog/robot_dog.h:31:119:\x1b[m\x1b[K \x1b[01;31m\x1b[Kerror: \x1b[m\x1b[Knarrowing conversion of \xe2\x80\x98\x1b[01m\x1b[K272\x1b[m\x1b[K\xe2\x80\x99 from \xe2\x80\x98\x1b[01m\x1b[Kint\x1b[m\x1b[K\xe2\x80\x99 to \xe2\x80\x98\x1b[01m\x1b[Kuint8_t\x1b[m\x1b[K\xe2\x80\x99 {aka \xe2\x80\x98\x1b[01m\x1b[Kunsigned char\x1b[m\x1b[K\xe2\x80\x99} [\x1b[01;31m\x1b[K\x1b]8;;https://gcc.gnu.org/onlinedocs/gcc/Warning-Options.html#index-Wnarrowing\x07-Wnarrowing\x1b]8;;\x07\x1b[m\x1b[K]\n'}
[9.973420] (usb_device_driver) StderrLine: {'line': b'   31 | #define MAVLINK_MESSAGE_CRCS {{230, 160, 260, 260, 0, 0, 0}, {231, 156, 272, 272, 0, 0, 0}, {232, 36, 48, 48, 0, 0, 0}\x1b[01;31m\x1b[K}\x1b[m\x1b[K\n'}
[9.973502] (usb_device_driver) StderrLine: {'line': b'      |                                                                                                                       \x1b[01;31m\x1b[K^\x1b[m\x1b[K\n'}
[9.973584] (usb_device_driver) StderrLine: {'line': b'\x1b[01m\x1b[K/home/miles/usb_ros2_ws/src/usb_device_driver/generated/include/mavlink/v2.0/robot_dog/../mavlink_helpers.h:520:67:\x1b[m\x1b[K \x1b[01;36m\x1b[Knote: \x1b[m\x1b[Kin expansion of macro \xe2\x80\x98\x1b[01m\x1b[KMAVLINK_MESSAGE_CRCS\x1b[m\x1b[K\xe2\x80\x99\n'}
[9.973687] (usb_device_driver) StderrLine: {'line': b'  520 |         static const mavlink_msg_entry_t mavlink_message_crcs[] = \x1b[01;36m\x1b[KMAVLINK_MESSAGE_CRCS\x1b[m\x1b[K;\n'}
[9.973777] (usb_device_driver) StderrLine: {'line': b'      |                                                                   \x1b[01;36m\x1b[K^~~~~~~~~~~~~~~~~~~~\x1b[m\x1b[K\n'}
[9.975524] (usb_device_driver) StderrLine: {'line': b'In file included from \x1b[01m\x1b[K/home/miles/usb_ros2_ws/src/usb_device_driver/generated/include/mavlink/v2.0/robot_dog/robot_dog.h:57\x1b[m\x1b[K,\n'}
[9.975708] (usb_device_driver) StderrLine: {'line': b'                 from \x1b[01m\x1b[K/home/miles/usb_ros2_ws/src/usb_device_driver/generated/include/mavlink/v2.0/robot_dog/mavlink.h:39\x1b[m\x1b[K,\n'}
[9.975807] (usb_device_driver) StderrLine: {'line': b'                 from \x1b[01m\x1b[K/home/miles/usb_ros2_ws/src/usb_device_driver/include/usb_device_driver/usb_reader_node.hpp:20\x1b[m\x1b[K,\n'}
[9.975896] (usb_device_driver) StderrLine: {'line': b'                 from \x1b[01m\x1b[K/home/miles/usb_ros2_ws/src/usb_device_driver/src/usb_reader_node.cpp:1\x1b[m\x1b[K:\n'}
[9.976051] (usb_device_driver) StderrLine: {'line': b'\x1b[01m\x1b[K/home/miles/usb_ros2_ws/src/usb_device_driver/generated/include/mavlink/v2.0/robot_dog/./mavlink_msg_dog_motors_cmd.h:\x1b[m\x1b[K In function \xe2\x80\x98\x1b[01m\x1b[Kuint16_t mavlink_msg_dog_motors_cmd_pack(uint8_t, uint8_t, mavlink_message_t*, uint64_t, const uint8_t*, const float*, const float*, const float*, const float*, const float*)\x1b[m\x1b[K\xe2\x80\x99:\n'}
[9.976142] (usb_device_driver) StderrLine: {'line': b'\x1b[01m\x1b[K/home/miles/usb_ros2_ws/src/usb_device_driver/generated/include/mavlink/v2.0/robot_dog/./mavlink_msg_dog_motors_cmd.h:18:47:\x1b[m\x1b[K \x1b[01;35m\x1b[Kwarning: \x1b[m\x1b[Kunsigned conversion from \xe2\x80\x98\x1b[01m\x1b[Kint\x1b[m\x1b[K\xe2\x80\x99 to \xe2\x80\x98\x1b[01m\x1b[Kuint8_t\x1b[m\x1b[K\xe2\x80\x99 {aka \xe2\x80\x98\x1b[01m\x1b[Kunsigned char\x1b[m\x1b[K\xe2\x80\x99} changes value from \xe2\x80\x98\x1b[01m\x1b[K260\x1b[m\x1b[K\xe2\x80\x99 to \xe2\x80\x98\x1b[01m\x1b[K4\x1b[m\x1b[K\xe2\x80\x99 [\x1b[01;35m\x1b[K\x1b]8;;https://gcc.gnu.org/onlinedocs/gcc/Warning-Options.html#index-Woverflow\x07-Woverflow\x1b]8;;\x07\x1b[m\x1b[K]\n'}
[9.976350] (usb_device_driver) StderrLine: {'line': b'   18 | #define MAVLINK_MSG_ID_DOG_MOTORS_CMD_MIN_LEN \x1b[01;35m\x1b[K260\x1b[m\x1b[K\n'}
[9.976449] (usb_device_driver) StderrLine: {'line': b'      |                                               \x1b[01;35m\x1b[K^~~\x1b[m\x1b[K\n'}
[9.976531] (usb_device_driver) StderrLine: {'line': b'\x1b[01m\x1b[K/home/miles/usb_ros2_ws/src/usb_device_driver/generated/include/mavlink/v2.0/robot_dog/./mavlink_msg_dog_motors_cmd.h:102:67:\x1b[m\x1b[K \x1b[01;36m\x1b[Knote: \x1b[m\x1b[Kin expansion of macro \xe2\x80\x98\x1b[01m\x1b[KMAVLINK_MSG_ID_DOG_MOTORS_CMD_MIN_LEN\x1b[m\x1b[K\xe2\x80\x99\n'}
[9.976695] (usb_device_driver) StderrLine: {'line': b'  102 |     return mavlink_finalize_message(msg, system_id, component_id, \x1b[01;36m\x1b[KMAVLINK_MSG_ID_DOG_MOTORS_CMD_MIN_LEN\x1b[m\x1b[K, MAVLINK_MSG_ID_DOG_MOTORS_CMD_LEN, MAVLINK_MSG_ID_DOG_MOTORS_CMD_CRC);\n'}
[9.976859] (usb_device_driver) StderrLine: {'line': b'      |                                                                   \x1b[01;36m\x1b[K^~~~~~~~~~~~~~~~~~~~~~~~~~~~~~~~~~~~~\x1b[m\x1b[K\n'}
[9.976950] (usb_device_driver) StderrLine: {'line': b'\x1b[01m\x1b[K/home/miles/usb_ros2_ws/src/usb_device_driver/generated/include/mavlink/v2.0/robot_dog/./mavlink_msg_dog_motors_cmd.h:17:43:\x1b[m\x1b[K \x1b[01;35m\x1b[Kwarning: \x1b[m\x1b[Kunsigned conversion from \xe2\x80\x98\x1b[01m\x1b[Kint\x1b[m\x1b[K\xe2\x80\x99 to \xe2\x80\x98\x1b[01m\x1b[Kuint8_t\x1b[m\x1b[K\xe2\x80\x99 {aka \xe2\x80\x98\x1b[01m\x1b[Kunsigned char\x1b[m\x1b[K\xe2\x80\x99} changes value from \xe2\x80\x98\x1b[01m\x1b[K260\x1b[m\x1b[K\xe2\x80\x99 to \xe2\x80\x98\x1b[01m\x1b[K4\x1b[m\x1b[K\xe2\x80\x99 [\x1b[01;35m\x1b[K\x1b]8;;https://gcc.gnu.org/onlinedocs/gcc/Warning-Options.html#index-Woverflow\x07-Woverflow\x1b]8;;\x07\x1b[m\x1b[K]\n'}
[9.977042] (usb_device_driver) StderrLine: {'line': b'   17 | #define MAVLINK_MSG_ID_DOG_MOTORS_CMD_LEN \x1b[01;35m\x1b[K260\x1b[m\x1b[K\n'}
[9.977188] (usb_device_driver) StderrLine: {'line': b'      |                                           \x1b[01;35m\x1b[K^~~\x1b[m\x1b[K\n'}
[9.977345] (usb_device_driver) StderrLine: {'line': b'\x1b[01m\x1b[K/home/miles/usb_ros2_ws/src/usb_device_driver/generated/include/mavlink/v2.0/robot_dog/./mavlink_msg_dog_motors_cmd.h:102:106:\x1b[m\x1b[K \x1b[01;36m\x1b[Knote: \x1b[m\x1b[Kin expansion of macro \xe2\x80\x98\x1b[01m\x1b[KMAVLINK_MSG_ID_DOG_MOTORS_CMD_LEN\x1b[m\x1b[K\xe2\x80\x99\n'}
[9.977436] (usb_device_driver) StderrLine: {'line': b'  102 |     return mavlink_finalize_message(msg, system_id, component_id, MAVLINK_MSG_ID_DOG_MOTORS_CMD_MIN_LEN, \x1b[01;36m\x1b[KMAVLINK_MSG_ID_DOG_MOTORS_CMD_LEN\x1b[m\x1b[K, MAVLINK_MSG_ID_DOG_MOTORS_CMD_CRC);\n'}
[9.977529] (usb_device_driver) StderrLine: {'line': b'      |                                                                                                          \x1b[01;36m\x1b[K^~~~~~~~~~~~~~~~~~~~~~~~~~~~~~~~~\x1b[m\x1b[K\n'}
[9.977630] (usb_device_driver) StderrLine: {'line': b'\x1b[01m\x1b[K/home/miles/usb_ros2_ws/src/usb_device_driver/generated/include/mavlink/v2.0/robot_dog/./mavlink_msg_dog_motors_cmd.h:\x1b[m\x1b[K In function \xe2\x80\x98\x1b[01m\x1b[Kuint16_t mavlink_msg_dog_motors_cmd_pack_status(uint8_t, uint8_t, mavlink_status_t*, mavlink_message_t*, uint64_t, const uint8_t*, const float*, const float*, const float*, const float*, const float*)\x1b[m\x1b[K\xe2\x80\x99:\n'}
[9.977717] (usb_device_driver) StderrLine: {'line': b'\x1b[01m\x1b[K/home/miles/usb_ros2_ws/src/usb_device_driver/generated/include/mavlink/v2.0/robot_dog/./mavlink_msg_dog_motors_cmd.h:18:47:\x1b[m\x1b[K \x1b[01;35m\x1b[Kwarning: \x1b[m\x1b[Kunsigned conversion from \xe2\x80\x98\x1b[01m\x1b[Kint\x1b[m\x1b[K\xe2\x80\x99 to \xe2\x80\x98\x1b[01m\x1b[Kuint8_t\x1b[m\x1b[K\xe2\x80\x99 {aka \xe2\x80\x98\x1b[01m\x1b[Kunsigned char\x1b[m\x1b[K\xe2\x80\x99} changes value from \xe2\x80\x98\x1b[01m\x1b[K260\x1b[m\x1b[K\xe2\x80\x99 to \xe2\x80\x98\x1b[01m\x1b[K4\x1b[m\x1b[K\xe2\x80\x99 [\x1b[01;35m\x1b[K\x1b]8;;https://gcc.gnu.org/onlinedocs/gcc/Warning-Options.html#index-Woverflow\x07-Woverflow\x1b]8;;\x07\x1b[m\x1b[K]\n'}
[9.977836] (usb_device_driver) StderrLine: {'line': b'   18 | #define MAVLINK_MSG_ID_DOG_MOTORS_CMD_MIN_LEN \x1b[01;35m\x1b[K260\x1b[m\x1b[K\n'}
[9.977884] (usb_device_driver) StderrLine: {'line': b'      |                                               \x1b[01;35m\x1b[K^~~\x1b[m\x1b[K\n'}
[9.977930] (usb_device_driver) StderrLine: {'line': b'\x1b[01m\x1b[K/home/miles/usb_ros2_ws/src/usb_device_driver/generated/include/mavlink/v2.0/robot_dog/./mavlink_msg_dog_motors_cmd.h:148:83:\x1b[m\x1b[K \x1b[01;36m\x1b[Knote: \x1b[m\x1b[Kin expansion of macro \xe2\x80\x98\x1b[01m\x1b[KMAVLINK_MSG_ID_DOG_MOTORS_CMD_MIN_LEN\x1b[m\x1b[K\xe2\x80\x99\n'}
[9.977978] (usb_device_driver) StderrLine: {'line': b'  148 |     return mavlink_finalize_message_buffer(msg, system_id, component_id, _status, \x1b[01;36m\x1b[KMAVLINK_MSG_ID_DOG_MOTORS_CMD_MIN_LEN\x1b[m\x1b[K, MAVLINK_MSG_ID_DOG_MOTORS_CMD_LEN, MAVLINK_MSG_ID_DOG_MOTORS_CMD_CRC);\n'}
[9.978024] (usb_device_driver) StderrLine: {'line': b'      |                                                                                   \x1b[01;36m\x1b[K^~~~~~~~~~~~~~~~~~~~~~~~~~~~~~~~~~~~~\x1b[m\x1b[K\n'}
[9.978065] (usb_device_driver) StderrLine: {'line': b'\x1b[01m\x1b[K/home/miles/usb_ros2_ws/src/usb_device_driver/generated/include/mavlink/v2.0/robot_dog/./mavlink_msg_dog_motors_cmd.h:17:43:\x1b[m\x1b[K \x1b[01;35m\x1b[Kwarning: \x1b[m\x1b[Kunsigned conversion from \xe2\x80\x98\x1b[01m\x1b[Kint\x1b[m\x1b[K\xe2\x80\x99 to \xe2\x80\x98\x1b[01m\x1b[Kuint8_t\x1b[m\x1b[K\xe2\x80\x99 {aka \xe2\x80\x98\x1b[01m\x1b[Kunsigned char\x1b[m\x1b[K\xe2\x80\x99} changes value from \xe2\x80\x98\x1b[01m\x1b[K260\x1b[m\x1b[K\xe2\x80\x99 to \xe2\x80\x98\x1b[01m\x1b[K4\x1b[m\x1b[K\xe2\x80\x99 [\x1b[01;35m\x1b[K\x1b]8;;https://gcc.gnu.org/onlinedocs/gcc/Warning-Options.html#index-Woverflow\x07-Woverflow\x1b]8;;\x07\x1b[m\x1b[K]\n'}
[9.978113] (usb_device_driver) StderrLine: {'line': b'   17 | #define MAVLINK_MSG_ID_DOG_MOTORS_CMD_LEN \x1b[01;35m\x1b[K260\x1b[m\x1b[K\n'}
[9.978154] (usb_device_driver) StderrLine: {'line': b'      |                                           \x1b[01;35m\x1b[K^~~\x1b[m\x1b[K\n'}
[9.978192] (usb_device_driver) StderrLine: {'line': b'\x1b[01m\x1b[K/home/miles/usb_ros2_ws/src/usb_device_driver/generated/include/mavlink/v2.0/robot_dog/./mavlink_msg_dog_motors_cmd.h:148:122:\x1b[m\x1b[K \x1b[01;36m\x1b[Knote: \x1b[m\x1b[Kin expansion of macro \xe2\x80\x98\x1b[01m\x1b[KMAVLINK_MSG_ID_DOG_MOTORS_CMD_LEN\x1b[m\x1b[K\xe2\x80\x99\n'}
[9.978234] (usb_device_driver) StderrLine: {'line': b'  148 |     return mavlink_finalize_message_buffer(msg, system_id, component_id, _status, MAVLINK_MSG_ID_DOG_MOTORS_CMD_MIN_LEN, \x1b[01;36m\x1b[KMAVLINK_MSG_ID_DOG_MOTORS_CMD_LEN\x1b[m\x1b[K, MAVLINK_MSG_ID_DOG_MOTORS_CMD_CRC);\n'}
[9.978274] (usb_device_driver) StderrLine: {'line': b'      |                                                                                                                          \x1b[01;36m\x1b[K^~~~~~~~~~~~~~~~~~~~~~~~~~~~~~~~~\x1b[m\x1b[K\n'}
[9.978320] (usb_device_driver) StderrLine: {'line': b'\x1b[01m\x1b[K/home/miles/usb_ros2_ws/src/usb_device_driver/generated/include/mavlink/v2.0/robot_dog/./mavlink_msg_dog_motors_cmd.h:\x1b[m\x1b[K In function \xe2\x80\x98\x1b[01m\x1b[Kuint16_t mavlink_msg_dog_motors_cmd_pack_chan(uint8_t, uint8_t, uint8_t, mavlink_message_t*, uint64_t, const uint8_t*, const float*, const float*, const float*, const float*, const float*)\x1b[m\x1b[K\xe2\x80\x99:\n'}
[9.978362] (usb_device_driver) StderrLine: {'line': b'\x1b[01m\x1b[K/home/miles/usb_ros2_ws/src/usb_device_driver/generated/include/mavlink/v2.0/robot_dog/./mavlink_msg_dog_motors_cmd.h:18:47:\x1b[m\x1b[K \x1b[01;35m\x1b[Kwarning: \x1b[m\x1b[Kunsigned conversion from \xe2\x80\x98\x1b[01m\x1b[Kint\x1b[m\x1b[K\xe2\x80\x99 to \xe2\x80\x98\x1b[01m\x1b[Kuint8_t\x1b[m\x1b[K\xe2\x80\x99 {aka \xe2\x80\x98\x1b[01m\x1b[Kunsigned char\x1b[m\x1b[K\xe2\x80\x99} changes value from \xe2\x80\x98\x1b[01m\x1b[K260\x1b[m\x1b[K\xe2\x80\x99 to \xe2\x80\x98\x1b[01m\x1b[K4\x1b[m\x1b[K\xe2\x80\x99 [\x1b[01;35m\x1b[K\x1b]8;;https://gcc.gnu.org/onlinedocs/gcc/Warning-Options.html#index-Woverflow\x07-Woverflow\x1b]8;;\x07\x1b[m\x1b[K]\n'}
[9.978412] (usb_device_driver) StderrLine: {'line': b'   18 | #define MAVLINK_MSG_ID_DOG_MOTORS_CMD_MIN_LEN \x1b[01;35m\x1b[K260\x1b[m\x1b[K\n'}
[9.978454] (usb_device_driver) StderrLine: {'line': b'      |                                               \x1b[01;35m\x1b[K^~~\x1b[m\x1b[K\n'}
[9.978495] (usb_device_driver) StderrLine: {'line': b'\x1b[01m\x1b[K/home/miles/usb_ros2_ws/src/usb_device_driver/generated/include/mavlink/v2.0/robot_dog/./mavlink_msg_dog_motors_cmd.h:196:78:\x1b[m\x1b[K \x1b[01;36m\x1b[Knote: \x1b[m\x1b[Kin expansion of macro \xe2\x80\x98\x1b[01m\x1b[KMAVLINK_MSG_ID_DOG_MOTORS_CMD_MIN_LEN\x1b[m\x1b[K\xe2\x80\x99\n'}
[9.978565] (usb_device_driver) StderrLine: {'line': b'  196 |     return mavlink_finalize_message_chan(msg, system_id, component_id, chan, \x1b[01;36m\x1b[KMAVLINK_MSG_ID_DOG_MOTORS_CMD_MIN_LEN\x1b[m\x1b[K, MAVLINK_MSG_ID_DOG_MOTORS_CMD_LEN, MAVLINK_MSG_ID_DOG_MOTORS_CMD_CRC);\n'}
[9.978613] (usb_device_driver) StderrLine: {'line': b'      |                                                                              \x1b[01;36m\x1b[K^~~~~~~~~~~~~~~~~~~~~~~~~~~~~~~~~~~~~\x1b[m\x1b[K\n'}
[9.978666] (usb_device_driver) StderrLine: {'line': b'\x1b[01m\x1b[K/home/miles/usb_ros2_ws/src/usb_device_driver/generated/include/mavlink/v2.0/robot_dog/./mavlink_msg_dog_motors_cmd.h:17:43:\x1b[m\x1b[K \x1b[01;35m\x1b[Kwarning: \x1b[m\x1b[Kunsigned conversion from \xe2\x80\x98\x1b[01m\x1b[Kint\x1b[m\x1b[K\xe2\x80\x99 to \xe2\x80\x98\x1b[01m\x1b[Kuint8_t\x1b[m\x1b[K\xe2\x80\x99 {aka \xe2\x80\x98\x1b[01m\x1b[Kunsigned char\x1b[m\x1b[K\xe2\x80\x99} changes value from \xe2\x80\x98\x1b[01m\x1b[K260\x1b[m\x1b[K\xe2\x80\x99 to \xe2\x80\x98\x1b[01m\x1b[K4\x1b[m\x1b[K\xe2\x80\x99 [\x1b[01;35m\x1b[K\x1b]8;;https://gcc.gnu.org/onlinedocs/gcc/Warning-Options.html#index-Woverflow\x07-Woverflow\x1b]8;;\x07\x1b[m\x1b[K]\n'}
[9.978714] (usb_device_driver) StderrLine: {'line': b'   17 | #define MAVLINK_MSG_ID_DOG_MOTORS_CMD_LEN \x1b[01;35m\x1b[K260\x1b[m\x1b[K\n'}
[9.978755] (usb_device_driver) StderrLine: {'line': b'      |                                           \x1b[01;35m\x1b[K^~~\x1b[m\x1b[K\n'}
[9.978794] (usb_device_driver) StderrLine: {'line': b'\x1b[01m\x1b[K/home/miles/usb_ros2_ws/src/usb_device_driver/generated/include/mavlink/v2.0/robot_dog/./mavlink_msg_dog_motors_cmd.h:196:117:\x1b[m\x1b[K \x1b[01;36m\x1b[Knote: \x1b[m\x1b[Kin expansion of macro \xe2\x80\x98\x1b[01m\x1b[KMAVLINK_MSG_ID_DOG_MOTORS_CMD_LEN\x1b[m\x1b[K\xe2\x80\x99\n'}
[9.978834] (usb_device_driver) StderrLine: {'line': b'  196 |     return mavlink_finalize_message_chan(msg, system_id, component_id, chan, MAVLINK_MSG_ID_DOG_MOTORS_CMD_MIN_LEN, \x1b[01;36m\x1b[KMAVLINK_MSG_ID_DOG_MOTORS_CMD_LEN\x1b[m\x1b[K, MAVLINK_MSG_ID_DOG_MOTORS_CMD_CRC);\n'}
[9.978882] (usb_device_driver) StderrLine: {'line': b'      |                                                                                                                     \x1b[01;36m\x1b[K^~~~~~~~~~~~~~~~~~~~~~~~~~~~~~~~~\x1b[m\x1b[K\n'}
[9.978923] (usb_device_driver) StderrLine: {'line': b'In file included from \x1b[01m\x1b[K/home/miles/usb_ros2_ws/src/usb_device_driver/generated/include/mavlink/v2.0/robot_dog/robot_dog.h:57\x1b[m\x1b[K,\n'}
[9.978966] (usb_device_driver) StderrLine: {'line': b'                 from \x1b[01m\x1b[K/home/miles/usb_ros2_ws/src/usb_device_driver/generated/include/mavlink/v2.0/robot_dog/mavlink.h:39\x1b[m\x1b[K,\n'}
[9.979010] (usb_device_driver) StderrLine: {'line': b'                 from \x1b[01m\x1b[K/home/miles/usb_ros2_ws/src/usb_device_driver/include/usb_device_driver/usb_reader_node.hpp:20\x1b[m\x1b[K,\n'}
[9.979050] (usb_device_driver) StderrLine: {'line': b'                 from \x1b[01m\x1b[K/home/miles/usb_ros2_ws/src/usb_device_driver/src/usb_reader_node.cpp:1\x1b[m\x1b[K:\n'}
[9.979090] (usb_device_driver) StderrLine: {'line': b'\x1b[01m\x1b[K/home/miles/usb_ros2_ws/src/usb_device_driver/generated/include/mavlink/v2.0/robot_dog/./mavlink_msg_dog_motors_cmd.h:\x1b[m\x1b[K In function \xe2\x80\x98\x1b[01m\x1b[Kvoid mavlink_msg_dog_motors_cmd_decode(const mavlink_message_t*, mavlink_dog_motors_cmd_t*)\x1b[m\x1b[K\xe2\x80\x99:\n'}
[9.979129] (usb_device_driver) StderrLine: {'line': b'\x1b[01m\x1b[K/home/miles/usb_ros2_ws/src/usb_device_driver/generated/include/mavlink/v2.0/robot_dog/./mavlink_msg_dog_motors_cmd.h:419:32:\x1b[m\x1b[K \x1b[01;35m\x1b[Kwarning: \x1b[m\x1b[Kcomparison is always true due to limited range of data type [\x1b[01;35m\x1b[K\x1b]8;;https://gcc.gnu.org/onlinedocs/gcc/Warning-Options.html#index-Wtype-limits\x07-Wtype-limits\x1b]8;;\x07\x1b[m\x1b[K]\n'}
[9.979173] (usb_device_driver) StderrLine: {'line': b'  419 |         uint8_t len = msg->len \x1b[01;35m\x1b[K<\x1b[m\x1b[K MAVLINK_MSG_ID_DOG_MOTORS_CMD_LEN? msg->len : MAVLINK_MSG_ID_DOG_MOTORS_CMD_LEN;\n'}
[9.979212] (usb_device_driver) StderrLine: {'line': b'      |                                \x1b[01;35m\x1b[K^\x1b[m\x1b[K\n'}
[9.979251] (usb_device_driver) StderrLine: {'line': b'In file included from \x1b[01m\x1b[K/home/miles/usb_ros2_ws/src/usb_device_driver/generated/include/mavlink/v2.0/robot_dog/robot_dog.h:58\x1b[m\x1b[K,\n'}
[9.979288] (usb_device_driver) StderrLine: {'line': b'                 from \x1b[01m\x1b[K/home/miles/usb_ros2_ws/src/usb_device_driver/generated/include/mavlink/v2.0/robot_dog/mavlink.h:39\x1b[m\x1b[K,\n'}
[9.979329] (usb_device_driver) StderrLine: {'line': b'                 from \x1b[01m\x1b[K/home/miles/usb_ros2_ws/src/usb_device_driver/include/usb_device_driver/usb_reader_node.hpp:20\x1b[m\x1b[K,\n'}
[9.979368] (usb_device_driver) StderrLine: {'line': b'                 from \x1b[01m\x1b[K/home/miles/usb_ros2_ws/src/usb_device_driver/src/usb_reader_node.cpp:1\x1b[m\x1b[K:\n'}
[9.979407] (usb_device_driver) StderrLine: {'line': b'\x1b[01m\x1b[K/home/miles/usb_ros2_ws/src/usb_device_driver/generated/include/mavlink/v2.0/robot_dog/./mavlink_msg_dog_motors_state.h:\x1b[m\x1b[K In function \xe2\x80\x98\x1b[01m\x1b[Kuint16_t mavlink_msg_dog_motors_state_pack(uint8_t, uint8_t, mavlink_message_t*, uint64_t, const uint8_t*, const float*, const float*, const float*, const float*, const float*, const uint8_t*)\x1b[m\x1b[K\xe2\x80\x99:\n'}
[9.979447] (usb_device_driver) StderrLine: {'line': b'\x1b[01m\x1b[K/home/miles/usb_ros2_ws/src/usb_device_driver/generated/include/mavlink/v2.0/robot_dog/./mavlink_msg_dog_motors_state.h:19:49:\x1b[m\x1b[K \x1b[01;35m\x1b[Kwarning: \x1b[m\x1b[Kunsigned conversion from \xe2\x80\x98\x1b[01m\x1b[Kint\x1b[m\x1b[K\xe2\x80\x99 to \xe2\x80\x98\x1b[01m\x1b[Kuint8_t\x1b[m\x1b[K\xe2\x80\x99 {aka \xe2\x80\x98\x1b[01m\x1b[Kunsigned char\x1b[m\x1b[K\xe2\x80\x99} changes value from \xe2\x80\x98\x1b[01m\x1b[K272\x1b[m\x1b[K\xe2\x80\x99 to \xe2\x80\x98\x1b[01m\x1b[K16\x1b[m\x1b[K\xe2\x80\x99 [\x1b[01;35m\x1b[K\x1b]8;;https://gcc.gnu.org/onlinedocs/gcc/Warning-Options.html#index-Woverflow\x07-Woverflow\x1b]8;;\x07\x1b[m\x1b[K]\n'}
[9.979502] (usb_device_driver) StderrLine: {'line': b'   19 | #define MAVLINK_MSG_ID_DOG_MOTORS_STATE_MIN_LEN \x1b[01;35m\x1b[K272\x1b[m\x1b[K\n'}
[9.979542] (usb_device_driver) StderrLine: {'line': b'      |                                                 \x1b[01;35m\x1b[K^~~\x1b[m\x1b[K\n'}
[9.979581] (usb_device_driver) StderrLine: {'line': b'\x1b[01m\x1b[K/home/miles/usb_ros2_ws/src/usb_device_driver/generated/include/mavlink/v2.0/robot_dog/./mavlink_msg_dog_motors_state.h:109:67:\x1b[m\x1b[K \x1b[01;36m\x1b[Knote: \x1b[m\x1b[Kin expansion of macro \xe2\x80\x98\x1b[01m\x1b[KMAVLINK_MSG_ID_DOG_MOTORS_STATE_MIN_LEN\x1b[m\x1b[K\xe2\x80\x99\n'}
[9.979634] (usb_device_driver) StderrLine: {'line': b'  109 |     return mavlink_finalize_message(msg, system_id, component_id, \x1b[01;36m\x1b[KMAVLINK_MSG_ID_DOG_MOTORS_STATE_MIN_LEN\x1b[m\x1b[K, MAVLINK_MSG_ID_DOG_MOTORS_STATE_LEN, MAVLINK_MSG_ID_DOG_MOTORS_STATE_CRC);\n'}
[9.979680] (usb_device_driver) StderrLine: {'line': b'      |                                                                   \x1b[01;36m\x1b[K^~~~~~~~~~~~~~~~~~~~~~~~~~~~~~~~~~~~~~~\x1b[m\x1b[K\n'}
[9.979720] (usb_device_driver) StderrLine: {'line': b'\x1b[01m\x1b[K/home/miles/usb_ros2_ws/src/usb_device_driver/generated/include/mavlink/v2.0/robot_dog/./mavlink_msg_dog_motors_state.h:18:45:\x1b[m\x1b[K \x1b[01;35m\x1b[Kwarning: \x1b[m\x1b[Kunsigned conversion from \xe2\x80\x98\x1b[01m\x1b[Kint\x1b[m\x1b[K\xe2\x80\x99 to \xe2\x80\x98\x1b[01m\x1b[Kuint8_t\x1b[m\x1b[K\xe2\x80\x99 {aka \xe2\x80\x98\x1b[01m\x1b[Kunsigned char\x1b[m\x1b[K\xe2\x80\x99} changes value from \xe2\x80\x98\x1b[01m\x1b[K272\x1b[m\x1b[K\xe2\x80\x99 to \xe2\x80\x98\x1b[01m\x1b[K16\x1b[m\x1b[K\xe2\x80\x99 [\x1b[01;35m\x1b[K\x1b]8;;https://gcc.gnu.org/onlinedocs/gcc/Warning-Options.html#index-Woverflow\x07-Woverflow\x1b]8;;\x07\x1b[m\x1b[K]\n'}
[9.979761] (usb_device_driver) StderrLine: {'line': b'   18 | #define MAVLINK_MSG_ID_DOG_MOTORS_STATE_LEN \x1b[01;35m\x1b[K272\x1b[m\x1b[K\n'}
[9.979800] (usb_device_driver) StderrLine: {'line': b'      |                                             \x1b[01;35m\x1b[K^~~\x1b[m\x1b[K\n'}
[9.979838] (usb_device_driver) StderrLine: {'line': b'\x1b[01m\x1b[K/home/miles/usb_ros2_ws/src/usb_device_driver/generated/include/mavlink/v2.0/robot_dog/./mavlink_msg_dog_motors_state.h:109:108:\x1b[m\x1b[K \x1b[01;36m\x1b[Knote: \x1b[m\x1b[Kin expansion of macro \xe2\x80\x98\x1b[01m\x1b[KMAVLINK_MSG_ID_DOG_MOTORS_STATE_LEN\x1b[m\x1b[K\xe2\x80\x99\n'}
[9.979882] (usb_device_driver) StderrLine: {'line': b'  109 |     return mavlink_finalize_message(msg, system_id, component_id, MAVLINK_MSG_ID_DOG_MOTORS_STATE_MIN_LEN, \x1b[01;36m\x1b[KMAVLINK_MSG_ID_DOG_MOTORS_STATE_LEN\x1b[m\x1b[K, MAVLINK_MSG_ID_DOG_MOTORS_STATE_CRC);\n'}
[9.979923] (usb_device_driver) StderrLine: {'line': b'      |                                                                                                            \x1b[01;36m\x1b[K^~~~~~~~~~~~~~~~~~~~~~~~~~~~~~~~~~~\x1b[m\x1b[K\n'}
[9.979961] (usb_device_driver) StderrLine: {'line': b'\x1b[01m\x1b[K/home/miles/usb_ros2_ws/src/usb_device_driver/generated/include/mavlink/v2.0/robot_dog/./mavlink_msg_dog_motors_state.h:\x1b[m\x1b[K In function \xe2\x80\x98\x1b[01m\x1b[Kuint16_t mavlink_msg_dog_motors_state_pack_status(uint8_t, uint8_t, mavlink_status_t*, mavlink_message_t*, uint64_t, const uint8_t*, const float*, const float*, const float*, const float*, const float*, const uint8_t*)\x1b[m\x1b[K\xe2\x80\x99:\n'}
[9.980003] (usb_device_driver) StderrLine: {'line': b'\x1b[01m\x1b[K/home/miles/usb_ros2_ws/src/usb_device_driver/generated/include/mavlink/v2.0/robot_dog/./mavlink_msg_dog_motors_state.h:19:49:\x1b[m\x1b[K \x1b[01;35m\x1b[Kwarning: \x1b[m\x1b[Kunsigned conversion from \xe2\x80\x98\x1b[01m\x1b[Kint\x1b[m\x1b[K\xe2\x80\x99 to \xe2\x80\x98\x1b[01m\x1b[Kuint8_t\x1b[m\x1b[K\xe2\x80\x99 {aka \xe2\x80\x98\x1b[01m\x1b[Kunsigned char\x1b[m\x1b[K\xe2\x80\x99} changes value from \xe2\x80\x98\x1b[01m\x1b[K272\x1b[m\x1b[K\xe2\x80\x99 to \xe2\x80\x98\x1b[01m\x1b[K16\x1b[m\x1b[K\xe2\x80\x99 [\x1b[01;35m\x1b[K\x1b]8;;https://gcc.gnu.org/onlinedocs/gcc/Warning-Options.html#index-Woverflow\x07-Woverflow\x1b]8;;\x07\x1b[m\x1b[K]\n'}
[9.980048] (usb_device_driver) StderrLine: {'line': b'   19 | #define MAVLINK_MSG_ID_DOG_MOTORS_STATE_MIN_LEN \x1b[01;35m\x1b[K272\x1b[m\x1b[K\n'}
[9.980086] (usb_device_driver) StderrLine: {'line': b'      |                                                 \x1b[01;35m\x1b[K^~~\x1b[m\x1b[K\n'}
[9.980125] (usb_device_driver) StderrLine: {'line': b'\x1b[01m\x1b[K/home/miles/usb_ros2_ws/src/usb_device_driver/generated/include/mavlink/v2.0/robot_dog/./mavlink_msg_dog_motors_state.h:158:83:\x1b[m\x1b[K \x1b[01;36m\x1b[Knote: \x1b[m\x1b[Kin expansion of macro \xe2\x80\x98\x1b[01m\x1b[KMAVLINK_MSG_ID_DOG_MOTORS_STATE_MIN_LEN\x1b[m\x1b[K\xe2\x80\x99\n'}
[9.980166] (usb_device_driver) StderrLine: {'line': b'  158 |     return mavlink_finalize_message_buffer(msg, system_id, component_id, _status, \x1b[01;36m\x1b[KMAVLINK_MSG_ID_DOG_MOTORS_STATE_MIN_LEN\x1b[m\x1b[K, MAVLINK_MSG_ID_DOG_MOTORS_STATE_LEN, MAVLINK_MSG_ID_DOG_MOTORS_STATE_CRC);\n'}
[9.980205] (usb_device_driver) StderrLine: {'line': b'      |                                                                                   \x1b[01;36m\x1b[K^~~~~~~~~~~~~~~~~~~~~~~~~~~~~~~~~~~~~~~\x1b[m\x1b[K\n'}
[9.980245] (usb_device_driver) StderrLine: {'line': b'\x1b[01m\x1b[K/home/miles/usb_ros2_ws/src/usb_device_driver/generated/include/mavlink/v2.0/robot_dog/./mavlink_msg_dog_motors_state.h:18:45:\x1b[m\x1b[K \x1b[01;35m\x1b[Kwarning: \x1b[m\x1b[Kunsigned conversion from \xe2\x80\x98\x1b[01m\x1b[Kint\x1b[m\x1b[K\xe2\x80\x99 to \xe2\x80\x98\x1b[01m\x1b[Kuint8_t\x1b[m\x1b[K\xe2\x80\x99 {aka \xe2\x80\x98\x1b[01m\x1b[Kunsigned char\x1b[m\x1b[K\xe2\x80\x99} changes value from \xe2\x80\x98\x1b[01m\x1b[K272\x1b[m\x1b[K\xe2\x80\x99 to \xe2\x80\x98\x1b[01m\x1b[K16\x1b[m\x1b[K\xe2\x80\x99 [\x1b[01;35m\x1b[K\x1b]8;;https://gcc.gnu.org/onlinedocs/gcc/Warning-Options.html#index-Woverflow\x07-Woverflow\x1b]8;;\x07\x1b[m\x1b[K]\n'}
[9.980292] (usb_device_driver) StderrLine: {'line': b'   18 | #define MAVLINK_MSG_ID_DOG_MOTORS_STATE_LEN \x1b[01;35m\x1b[K272\x1b[m\x1b[K\n'}
[9.980332] (usb_device_driver) StderrLine: {'line': b'      |                                             \x1b[01;35m\x1b[K^~~\x1b[m\x1b[K\n'}
[9.980370] (usb_device_driver) StderrLine: {'line': b'\x1b[01m\x1b[K/home/miles/usb_ros2_ws/src/usb_device_driver/generated/include/mavlink/v2.0/robot_dog/./mavlink_msg_dog_motors_state.h:158:124:\x1b[m\x1b[K \x1b[01;36m\x1b[Knote: \x1b[m\x1b[Kin expansion of macro \xe2\x80\x98\x1b[01m\x1b[KMAVLINK_MSG_ID_DOG_MOTORS_STATE_LEN\x1b[m\x1b[K\xe2\x80\x99\n'}
[9.980410] (usb_device_driver) StderrLine: {'line': b'  158 |     return mavlink_finalize_message_buffer(msg, system_id, component_id, _status, MAVLINK_MSG_ID_DOG_MOTORS_STATE_MIN_LEN, \x1b[01;36m\x1b[KMAVLINK_MSG_ID_DOG_MOTORS_STATE_LEN\x1b[m\x1b[K, MAVLINK_MSG_ID_DOG_MOTORS_STATE_CRC);\n'}
[9.980455] (usb_device_driver) StderrLine: {'line': b'      |                                                                                                                            \x1b[01;36m\x1b[K^~~~~~~~~~~~~~~~~~~~~~~~~~~~~~~~~~~\x1b[m\x1b[K\n'}
[9.980495] (usb_device_driver) StderrLine: {'line': b'\x1b[01m\x1b[K/home/miles/usb_ros2_ws/src/usb_device_driver/generated/include/mavlink/v2.0/robot_dog/./mavlink_msg_dog_motors_state.h:\x1b[m\x1b[K In function \xe2\x80\x98\x1b[01m\x1b[Kuint16_t mavlink_msg_dog_motors_state_pack_chan(uint8_t, uint8_t, uint8_t, mavlink_message_t*, uint64_t, const uint8_t*, const float*, const float*, const float*, const float*, const float*, const uint8_t*)\x1b[m\x1b[K\xe2\x80\x99:\n'}
[9.980542] (usb_device_driver) StderrLine: {'line': b'\x1b[01m\x1b[K/home/miles/usb_ros2_ws/src/usb_device_driver/generated/include/mavlink/v2.0/robot_dog/./mavlink_msg_dog_motors_state.h:19:49:\x1b[m\x1b[K \x1b[01;35m\x1b[Kwarning: \x1b[m\x1b[Kunsigned conversion from \xe2\x80\x98\x1b[01m\x1b[Kint\x1b[m\x1b[K\xe2\x80\x99 to \xe2\x80\x98\x1b[01m\x1b[Kuint8_t\x1b[m\x1b[K\xe2\x80\x99 {aka \xe2\x80\x98\x1b[01m\x1b[Kunsigned char\x1b[m\x1b[K\xe2\x80\x99} changes value from \xe2\x80\x98\x1b[01m\x1b[K272\x1b[m\x1b[K\xe2\x80\x99 to \xe2\x80\x98\x1b[01m\x1b[K16\x1b[m\x1b[K\xe2\x80\x99 [\x1b[01;35m\x1b[K\x1b]8;;https://gcc.gnu.org/onlinedocs/gcc/Warning-Options.html#index-Woverflow\x07-Woverflow\x1b]8;;\x07\x1b[m\x1b[K]\n'}
[9.980590] (usb_device_driver) StderrLine: {'line': b'   19 | #define MAVLINK_MSG_ID_DOG_MOTORS_STATE_MIN_LEN \x1b[01;35m\x1b[K272\x1b[m\x1b[K\n'}
[9.980650] (usb_device_driver) StderrLine: {'line': b'      |                                                 \x1b[01;35m\x1b[K^~~\x1b[m\x1b[K\n'}
[9.980691] (usb_device_driver) StderrLine: {'line': b'\x1b[01m\x1b[K/home/miles/usb_ros2_ws/src/usb_device_driver/generated/include/mavlink/v2.0/robot_dog/./mavlink_msg_dog_motors_state.h:209:78:\x1b[m\x1b[K \x1b[01;36m\x1b[Knote: \x1b[m\x1b[Kin expansion of macro \xe2\x80\x98\x1b[01m\x1b[KMAVLINK_MSG_ID_DOG_MOTORS_STATE_MIN_LEN\x1b[m\x1b[K\xe2\x80\x99\n'}
[9.980731] (usb_device_driver) StderrLine: {'line': b'  209 |     return mavlink_finalize_message_chan(msg, system_id, component_id, chan, \x1b[01;36m\x1b[KMAVLINK_MSG_ID_DOG_MOTORS_STATE_MIN_LEN\x1b[m\x1b[K, MAVLINK_MSG_ID_DOG_MOTORS_STATE_LEN, MAVLINK_MSG_ID_DOG_MOTORS_STATE_CRC);\n'}
[9.980770] (usb_device_driver) StderrLine: {'line': b'      |                                                                              \x1b[01;36m\x1b[K^~~~~~~~~~~~~~~~~~~~~~~~~~~~~~~~~~~~~~~\x1b[m\x1b[K\n'}
[9.980808] (usb_device_driver) StderrLine: {'line': b'\x1b[01m\x1b[K/home/miles/usb_ros2_ws/src/usb_device_driver/generated/include/mavlink/v2.0/robot_dog/./mavlink_msg_dog_motors_state.h:18:45:\x1b[m\x1b[K \x1b[01;35m\x1b[Kwarning: \x1b[m\x1b[Kunsigned conversion from \xe2\x80\x98\x1b[01m\x1b[Kint\x1b[m\x1b[K\xe2\x80\x99 to \xe2\x80\x98\x1b[01m\x1b[Kuint8_t\x1b[m\x1b[K\xe2\x80\x99 {aka \xe2\x80\x98\x1b[01m\x1b[Kunsigned char\x1b[m\x1b[K\xe2\x80\x99} changes value from \xe2\x80\x98\x1b[01m\x1b[K272\x1b[m\x1b[K\xe2\x80\x99 to \xe2\x80\x98\x1b[01m\x1b[K16\x1b[m\x1b[K\xe2\x80\x99 [\x1b[01;35m\x1b[K\x1b]8;;https://gcc.gnu.org/onlinedocs/gcc/Warning-Options.html#index-Woverflow\x07-Woverflow\x1b]8;;\x07\x1b[m\x1b[K]\n'}
[9.980850] (usb_device_driver) StderrLine: {'line': b'   18 | #define MAVLINK_MSG_ID_DOG_MOTORS_STATE_LEN \x1b[01;35m\x1b[K272\x1b[m\x1b[K\n'}
[9.980891] (usb_device_driver) StderrLine: {'line': b'      |                                             \x1b[01;35m\x1b[K^~~\x1b[m\x1b[K\n'}
[9.980931] (usb_device_driver) StderrLine: {'line': b'\x1b[01m\x1b[K/home/miles/usb_ros2_ws/src/usb_device_driver/generated/include/mavlink/v2.0/robot_dog/./mavlink_msg_dog_motors_state.h:209:119:\x1b[m\x1b[K \x1b[01;36m\x1b[Knote: \x1b[m\x1b[Kin expansion of macro \xe2\x80\x98\x1b[01m\x1b[KMAVLINK_MSG_ID_DOG_MOTORS_STATE_LEN\x1b[m\x1b[K\xe2\x80\x99\n'}
[9.980971] (usb_device_driver) StderrLine: {'line': b'  209 |     return mavlink_finalize_message_chan(msg, system_id, component_id, chan, MAVLINK_MSG_ID_DOG_MOTORS_STATE_MIN_LEN, \x1b[01;36m\x1b[KMAVLINK_MSG_ID_DOG_MOTORS_STATE_LEN\x1b[m\x1b[K, MAVLINK_MSG_ID_DOG_MOTORS_STATE_CRC);\n'}
[9.981011] (usb_device_driver) StderrLine: {'line': b'      |                                                                                                                       \x1b[01;36m\x1b[K^~~~~~~~~~~~~~~~~~~~~~~~~~~~~~~~~~~\x1b[m\x1b[K\n'}
[9.981050] (usb_device_driver) StderrLine: {'line': b'In file included from \x1b[01m\x1b[K/home/miles/usb_ros2_ws/src/usb_device_driver/generated/include/mavlink/v2.0/robot_dog/robot_dog.h:58\x1b[m\x1b[K,\n'}
[9.981093] (usb_device_driver) StderrLine: {'line': b'                 from \x1b[01m\x1b[K/home/miles/usb_ros2_ws/src/usb_device_driver/generated/include/mavlink/v2.0/robot_dog/mavlink.h:39\x1b[m\x1b[K,\n'}
[9.981134] (usb_device_driver) StderrLine: {'line': b'                 from \x1b[01m\x1b[K/home/miles/usb_ros2_ws/src/usb_device_driver/include/usb_device_driver/usb_reader_node.hpp:20\x1b[m\x1b[K,\n'}
[9.981177] (usb_device_driver) StderrLine: {'line': b'                 from \x1b[01m\x1b[K/home/miles/usb_ros2_ws/src/usb_device_driver/src/usb_reader_node.cpp:1\x1b[m\x1b[K:\n'}
[9.981217] (usb_device_driver) StderrLine: {'line': b'\x1b[01m\x1b[K/home/miles/usb_ros2_ws/src/usb_device_driver/generated/include/mavlink/v2.0/robot_dog/./mavlink_msg_dog_motors_state.h:\x1b[m\x1b[K In function \xe2\x80\x98\x1b[01m\x1b[Kuint16_t mavlink_msg_dog_motors_state_get_statuses(const mavlink_message_t*, uint8_t*)\x1b[m\x1b[K\xe2\x80\x99:\n'}
[9.981257] (usb_device_driver) StderrLine: {'line': b'\x1b[01m\x1b[K/home/miles/usb_ros2_ws/src/usb_device_driver/generated/include/mavlink/v2.0/robot_dog/./mavlink_msg_dog_motors_state.h:427:58:\x1b[m\x1b[K \x1b[01;35m\x1b[Kwarning: \x1b[m\x1b[Kunsigned conversion from \xe2\x80\x98\x1b[01m\x1b[Kint\x1b[m\x1b[K\xe2\x80\x99 to \xe2\x80\x98\x1b[01m\x1b[Kuint8_t\x1b[m\x1b[K\xe2\x80\x99 {aka \xe2\x80\x98\x1b[01m\x1b[Kunsigned char\x1b[m\x1b[K\xe2\x80\x99} changes value from \xe2\x80\x98\x1b[01m\x1b[K260\x1b[m\x1b[K\xe2\x80\x99 to \xe2\x80\x98\x1b[01m\x1b[K4\x1b[m\x1b[K\xe2\x80\x99 [\x1b[01;35m\x1b[K\x1b]8;;https://gcc.gnu.org/onlinedocs/gcc/Warning-Options.html#index-Woverflow\x07-Woverflow\x1b]8;;\x07\x1b[m\x1b[K]\n'}
[9.981324] (usb_device_driver) StderrLine: {'line': b'  427 |     return _MAV_RETURN_uint8_t_array(msg, statuses, 12,  \x1b[01;35m\x1b[K260\x1b[m\x1b[K);\n'}
[9.981386] (usb_device_driver) StderrLine: {'line': b'      |                                                          \x1b[01;35m\x1b[K^~~\x1b[m\x1b[K\n'}
[9.981439] (usb_device_driver) StderrLine: {'line': b'\x1b[01m\x1b[K/home/miles/usb_ros2_ws/src/usb_device_driver/generated/include/mavlink/v2.0/robot_dog/./mavlink_msg_dog_motors_state.h:\x1b[m\x1b[K In function \xe2\x80\x98\x1b[01m\x1b[Kvoid mavlink_msg_dog_motors_state_decode(const mavlink_message_t*, mavlink_dog_motors_state_t*)\x1b[m\x1b[K\xe2\x80\x99:\n'}
[9.981486] (usb_device_driver) StderrLine: {'line': b'\x1b[01m\x1b[K/home/miles/usb_ros2_ws/src/usb_device_driver/generated/include/mavlink/v2.0/robot_dog/./mavlink_msg_dog_motors_state.h:448:32:\x1b[m\x1b[K \x1b[01;35m\x1b[Kwarning: \x1b[m\x1b[Kcomparison is always true due to limited range of data type [\x1b[01;35m\x1b[K\x1b]8;;https://gcc.gnu.org/onlinedocs/gcc/Warning-Options.html#index-Wtype-limits\x07-Wtype-limits\x1b]8;;\x07\x1b[m\x1b[K]\n'}
[9.981530] (usb_device_driver) StderrLine: {'line': b'  448 |         uint8_t len = msg->len \x1b[01;35m\x1b[K<\x1b[m\x1b[K MAVLINK_MSG_ID_DOG_MOTORS_STATE_LEN? msg->len : MAVLINK_MSG_ID_DOG_MOTORS_STATE_LEN;\n'}
[9.981571] (usb_device_driver) StderrLine: {'line': b'      |                                \x1b[01;35m\x1b[K^\x1b[m\x1b[K\n'}
[10.056868] (-) TimerEvent: {}
[10.157215] (-) TimerEvent: {}
[10.163244] (usb_device_driver) StderrLine: {'line': b'\x1b[01m\x1b[K/home/miles/usb_ros2_ws/src/usb_device_driver/src/usb_reader_node.cpp:\x1b[m\x1b[K In constructor \xe2\x80\x98\x1b[01m\x1b[Kusb_device_driver::USBReaderNode::USBReaderNode(const rclcpp::NodeOptions&)\x1b[m\x1b[K\xe2\x80\x99:\n'}
[10.163539] (usb_device_driver) StderrLine: {'line': b'\x1b[01m\x1b[K/home/miles/usb_ros2_ws/src/usb_device_driver/src/usb_reader_node.cpp:28:9:\x1b[m\x1b[K \x1b[01;31m\x1b[Kerror: \x1b[m\x1b[K\xe2\x80\x98\x1b[01m\x1b[Kmotors_states_pub_\x1b[m\x1b[K\xe2\x80\x99 was not declared in this scope; did you mean \xe2\x80\x98\x1b[01m\x1b[Kmotor_states_pub_\x1b[m\x1b[K\xe2\x80\x99?\n'}
[10.163717] (usb_device_driver) StderrLine: {'line': b'   28 |         \x1b[01;31m\x1b[Kmotors_states_pub_\x1b[m\x1b[K = this->create_publisher<usb_device_driver::msg::MotorsStates>(\n'}
[10.163811] (usb_device_driver) StderrLine: {'line': b'      |         \x1b[01;31m\x1b[K^~~~~~~~~~~~~~~~~~\x1b[m\x1b[K\n'}
[10.163895] (usb_device_driver) StderrLine: {'line': b'      |         \x1b[32m\x1b[Kmotor_states_pub_\x1b[m\x1b[K\n'}
[10.163975] (usb_device_driver) StderrLine: {'line': b'\x1b[01m\x1b[K/home/miles/usb_ros2_ws/src/usb_device_driver/src/usb_reader_node.cpp:30:74:\x1b[m\x1b[K \x1b[01;31m\x1b[Kerror: \x1b[m\x1b[K\xe2\x80\x98\x1b[01m\x1b[KImuData\x1b[m\x1b[K\xe2\x80\x99 is not a member of \xe2\x80\x98\x1b[01m\x1b[Kusb_device_driver::msg\x1b[m\x1b[K\xe2\x80\x99; did you mean \xe2\x80\x98\x1b[01m\x1b[KIMUData\x1b[m\x1b[K\xe2\x80\x99?\n'}
[10.164076] (usb_device_driver) StderrLine: {'line': b'   30 |         imu_states_pub_ = this->create_publisher<usb_device_driver::msg::\x1b[01;31m\x1b[KImuData\x1b[m\x1b[K>(\n'}
[10.164160] (usb_device_driver) StderrLine: {'line': b'      |                                                                          \x1b[01;31m\x1b[K^~~~~~~\x1b[m\x1b[K\n'}
[10.164243] (usb_device_driver) StderrLine: {'line': b'      |                                                                          \x1b[32m\x1b[KIMUData\x1b[m\x1b[K\n'}
[10.164319] (usb_device_driver) StderrLine: {'line': b'\x1b[01m\x1b[K/home/miles/usb_ros2_ws/src/usb_device_driver/src/usb_reader_node.cpp:30:82:\x1b[m\x1b[K \x1b[01;31m\x1b[Kerror: \x1b[m\x1b[Kno matching function for call to \xe2\x80\x98\x1b[01m\x1b[Kusb_device_driver::USBReaderNode::create_publisher<<expression error> >(const char [14], int)\x1b[m\x1b[K\xe2\x80\x99\n'}
[10.164419] (usb_device_driver) StderrLine: {'line': b'   30 |         imu_states_pub_ = \x1b[01;31m\x1b[Kthis->create_publisher<usb_device_driver::msg::ImuData>(\x1b[m\x1b[K\n'}
[10.164496] (usb_device_driver) StderrLine: {'line': b'      |                           \x1b[01;31m\x1b[K~~~~~~~~~~~~~~~~~~~~~~~~~~~~~~~~~~~~~~~~~~~~~~~~~~~~~~~^\x1b[m\x1b[K\n'}
[10.164576] (usb_device_driver) StderrLine: {'line': b'   31 | \x1b[01;31m\x1b[K            "/usb/imu_data", 10)\x1b[m\x1b[K;\n'}
[10.164668] (usb_device_driver) StderrLine: {'line': b'      |             \x1b[01;31m\x1b[K~~~~~~~~~~~~~~~~~~~~\x1b[m\x1b[K                                                  \n'}
[10.164745] (usb_device_driver) StderrLine: {'line': b'In file included from \x1b[01m\x1b[K/opt/ros/humble/include/rclcpp/rclcpp/node.hpp:1321\x1b[m\x1b[K,\n'}
[10.164826] (usb_device_driver) StderrLine: {'line': b'                 from \x1b[01m\x1b[K/opt/ros/humble/include/rclcpp/rclcpp/executors/single_threaded_executor.hpp:28\x1b[m\x1b[K,\n'}
[10.164910] (usb_device_driver) StderrLine: {'line': b'                 from \x1b[01m\x1b[K/opt/ros/humble/include/rclcpp/rclcpp/executors.hpp:22\x1b[m\x1b[K,\n'}
[10.164991] (usb_device_driver) StderrLine: {'line': b'                 from \x1b[01m\x1b[K/opt/ros/humble/include/rclcpp/rclcpp/rclcpp.hpp:155\x1b[m\x1b[K,\n'}
[10.165071] (usb_device_driver) StderrLine: {'line': b'                 from \x1b[01m\x1b[K/home/miles/usb_ros2_ws/src/usb_device_driver/include/usb_device_driver/usb_reader_node.hpp:4\x1b[m\x1b[K,\n'}
[10.165153] (usb_device_driver) StderrLine: {'line': b'                 from \x1b[01m\x1b[K/home/miles/usb_ros2_ws/src/usb_device_driver/src/usb_reader_node.cpp:1\x1b[m\x1b[K:\n'}
[10.165229] (usb_device_driver) StderrLine: {'line': b'\x1b[01m\x1b[K/opt/ros/humble/include/rclcpp/rclcpp/node_impl.hpp:73:1:\x1b[m\x1b[K \x1b[01;36m\x1b[Knote: \x1b[m\x1b[Kcandidate: \xe2\x80\x98\x1b[01m\x1b[Ktemplate<class MessageT, class AllocatorT, class PublisherT> std::shared_ptr<PublisherT> rclcpp::Node::create_publisher(const string&, const rclcpp::QoS&, const rclcpp::PublisherOptionsWithAllocator<AllocatorT>&)\x1b[m\x1b[K\xe2\x80\x99\n'}
[10.165317] (usb_device_driver) StderrLine: {'line': b'   73 | \x1b[01;36m\x1b[KNode\x1b[m\x1b[K::create_publisher(\n'}
[10.165409] (usb_device_driver) StderrLine: {'line': b'      | \x1b[01;36m\x1b[K^~~~\x1b[m\x1b[K\n'}
[10.165489] (usb_device_driver) StderrLine: {'line': b'\x1b[01m\x1b[K/opt/ros/humble/include/rclcpp/rclcpp/node_impl.hpp:73:1:\x1b[m\x1b[K \x1b[01;36m\x1b[Knote: \x1b[m\x1b[K  template argument deduction/substitution failed:\n'}
[10.165565] (usb_device_driver) StderrLine: {'line': b'\x1b[01m\x1b[K/home/miles/usb_ros2_ws/src/usb_device_driver/src/usb_reader_node.cpp:30:82:\x1b[m\x1b[K \x1b[01;31m\x1b[Kerror: \x1b[m\x1b[Ktemplate argument 1 is invalid\n'}
[10.165667] (usb_device_driver) StderrLine: {'line': b'   30 |         imu_states_pub_ = \x1b[01;31m\x1b[Kthis->create_publisher<usb_device_driver::msg::ImuData>(\x1b[m\x1b[K\n'}
[10.165761] (usb_device_driver) StderrLine: {'line': b'      |                           \x1b[01;31m\x1b[K~~~~~~~~~~~~~~~~~~~~~~~~~~~~~~~~~~~~~~~~~~~~~~~~~~~~~~~^\x1b[m\x1b[K\n'}
[10.165838] (usb_device_driver) StderrLine: {'line': b'   31 | \x1b[01;31m\x1b[K            "/usb/imu_data", 10)\x1b[m\x1b[K;\n'}
[10.165923] (usb_device_driver) StderrLine: {'line': b'      |             \x1b[01;31m\x1b[K~~~~~~~~~~~~~~~~~~~~\x1b[m\x1b[K                                                  \n'}
[10.166006] (usb_device_driver) StderrLine: {'line': b'\x1b[01m\x1b[K/home/miles/usb_ros2_ws/src/usb_device_driver/src/usb_reader_node.cpp:34:52:\x1b[m\x1b[K \x1b[01;31m\x1b[Kerror: \x1b[m\x1b[K\xe2\x80\x98\x1b[01m\x1b[KhandleMotorCmd\x1b[m\x1b[K\xe2\x80\x99 is not a member of \xe2\x80\x98\x1b[01m\x1b[Kusb_device_driver::USBReaderNode\x1b[m\x1b[K\xe2\x80\x99\n'}
[10.166102] (usb_device_driver) StderrLine: {'line': b'   34 |             "/usb/motors_cmd", 10, &USBReaderNode::\x1b[01;31m\x1b[KhandleMotorCmd\x1b[m\x1b[K, this);\n'}
[10.166182] (usb_device_driver) StderrLine: {'line': b'      |                                                    \x1b[01;31m\x1b[K^~~~~~~~~~~~~~\x1b[m\x1b[K\n'}
[10.197771] (usb_device_driver) StderrLine: {'line': b'\x1b[01m\x1b[K/home/miles/usb_ros2_ws/src/usb_device_driver/src/usb_reader_node.cpp:\x1b[m\x1b[K In member function \xe2\x80\x98\x1b[01m\x1b[Kvoid usb_device_driver::USBReaderNode::readSerialThread()\x1b[m\x1b[K\xe2\x80\x99:\n'}
[10.198012] (usb_device_driver) StderrLine: {'line': b'\x1b[01m\x1b[K/home/miles/usb_ros2_ws/src/usb_device_driver/src/usb_reader_node.cpp:319:56:\x1b[m\x1b[K \x1b[01;31m\x1b[Kerror: \x1b[m\x1b[K\xe2\x80\x98\x1b[01m\x1b[Ktemp_buffer\x1b[m\x1b[K\xe2\x80\x99 was not declared in this scope; did you mean \xe2\x80\x98\x1b[01m\x1b[Ksetbuffer\x1b[m\x1b[K\xe2\x80\x99?\n'}
[10.198107] (usb_device_driver) StderrLine: {'line': b'  319 |                     const std::string& received_data = \x1b[01;31m\x1b[Ktemp_buffer\x1b[m\x1b[K;\n'}
[10.198190] (usb_device_driver) StderrLine: {'line': b'      |                                                        \x1b[01;31m\x1b[K^~~~~~~~~~~\x1b[m\x1b[K\n'}
[10.198268] (usb_device_driver) StderrLine: {'line': b'      |                                                        \x1b[32m\x1b[Ksetbuffer\x1b[m\x1b[K\n'}
[10.211445] (usb_device_driver) StderrLine: {'line': b'\x1b[01m\x1b[K/home/miles/usb_ros2_ws/src/usb_device_driver/src/usb_reader_node.cpp:\x1b[m\x1b[K In member function \xe2\x80\x98\x1b[01m\x1b[Kvoid usb_device_driver::USBReaderNode::sendMotorCmdToSerial(usb_device_driver::msg::MotorsCmd_<std::allocator<void> >::SharedPtr)\x1b[m\x1b[K\xe2\x80\x99:\n'}
[10.212067] (usb_device_driver) StderrLine: {'line': b'\x1b[01m\x1b[K/home/miles/usb_ros2_ws/src/usb_device_driver/src/usb_reader_node.cpp:525:9:\x1b[m\x1b[K \x1b[01;31m\x1b[Kerror: \x1b[m\x1b[K\xe2\x80\x98\x1b[01m\x1b[Kdog_motor_cmd\x1b[m\x1b[K\xe2\x80\x99 was not declared in this scope; did you mean \xe2\x80\x98\x1b[01m\x1b[Kdog_motors_cmd\x1b[m\x1b[K\xe2\x80\x99?\n'}
[10.212204] (usb_device_driver) StderrLine: {'line': b'  525 |         \x1b[01;31m\x1b[Kdog_motor_cmd\x1b[m\x1b[K.timestamp = std::chrono::duration_cast<std::chrono::nanoseconds>(std::chrono::high_resolution_clock::now().time_since_epoch()).count();\n'}
[10.212309] (usb_device_driver) StderrLine: {'line': b'      |         \x1b[01;31m\x1b[K^~~~~~~~~~~~~\x1b[m\x1b[K\n'}
[10.212400] (usb_device_driver) StderrLine: {'line': b'      |         \x1b[32m\x1b[Kdog_motors_cmd\x1b[m\x1b[K\n'}
[10.212491] (usb_device_driver) StderrLine: {'line': b'\x1b[01m\x1b[K/home/miles/usb_ros2_ws/src/usb_device_driver/src/usb_reader_node.cpp:530:28:\x1b[m\x1b[K \x1b[01;31m\x1b[Kerror: \x1b[m\x1b[K\xe2\x80\x98\x1b[01m\x1b[Kmavlink_dog_motors_cmd_t\x1b[m\x1b[K\xe2\x80\x99 {aka \xe2\x80\x98\x1b[01m\x1b[Kstruct __mavlink_dog_motors_cmd_t\x1b[m\x1b[K\xe2\x80\x99} has no member named \xe2\x80\x98\x1b[01m\x1b[Kmotor_ids\x1b[m\x1b[K\xe2\x80\x99; did you mean \xe2\x80\x98\x1b[01m\x1b[Kmotors_id\x1b[m\x1b[K\xe2\x80\x99?\n'}
[10.212617] (usb_device_driver) StderrLine: {'line': b'  530 |             dog_motors_cmd.\x1b[01;31m\x1b[Kmotor_ids\x1b[m\x1b[K[i] = msg->motor_ids[i];\n'}
[10.212811] (usb_device_driver) StderrLine: {'line': b'      |                            \x1b[01;31m\x1b[K^~~~~~~~~\x1b[m\x1b[K\n'}
[10.212998] (usb_device_driver) StderrLine: {'line': b'      |                            \x1b[32m\x1b[Kmotors_id\x1b[m\x1b[K\n'}
[10.213128] (usb_device_driver) StderrLine: {'line': b'\x1b[01m\x1b[K/home/miles/usb_ros2_ws/src/usb_device_driver/src/usb_reader_node.cpp:546:74:\x1b[m\x1b[K \x1b[01;31m\x1b[Kerror: \x1b[m\x1b[K\xe2\x80\x98\x1b[01m\x1b[Kmavlink_message_t\x1b[m\x1b[K\xe2\x80\x99 {aka \xe2\x80\x98\x1b[01m\x1b[Kstruct __mavlink_message\x1b[m\x1b[K\xe2\x80\x99} has no member named \xe2\x80\x98\x1b[01m\x1b[Kmsg\x1b[m\x1b[K\xe2\x80\x99; did you mean \xe2\x80\x98\x1b[01m\x1b[Kmsgid\x1b[m\x1b[K\xe2\x80\x99?\n'}
[10.213217] (usb_device_driver) StderrLine: {'line': b'  546 |                 serial_port_.Write(reinterpret_cast<const char*>(mav_msg.\x1b[01;31m\x1b[Kmsg\x1b[m\x1b[K), len);\n'}
[10.213259] (usb_device_driver) StderrLine: {'line': b'      |                                                                          \x1b[01;31m\x1b[K^~~\x1b[m\x1b[K\n'}
[10.213305] (usb_device_driver) StderrLine: {'line': b'      |                                                                          \x1b[32m\x1b[Kmsgid\x1b[m\x1b[K\n'}
[10.213522] (usb_device_driver) StderrLine: {'line': b'\x1b[01m\x1b[K/home/miles/usb_ros2_ws/src/usb_device_driver/src/usb_reader_node.cpp:\x1b[m\x1b[K In member function \xe2\x80\x98\x1b[01m\x1b[Kvoid usb_device_driver::USBReaderNode::handleReceivedMavlinkData(const uint8_t*, size_t)\x1b[m\x1b[K\xe2\x80\x99:\n'}
[10.213582] (usb_device_driver) StderrLine: {'line': b'\x1b[01m\x1b[K/home/miles/usb_ros2_ws/src/usb_device_driver/src/usb_reader_node.cpp:590:45:\x1b[m\x1b[K \x1b[01;31m\x1b[Kerror: \x1b[m\x1b[K\xe2\x80\x98\x1b[01m\x1b[Kstruct usb_device_driver::msg::MotorsStates_<std::allocator<void> >\x1b[m\x1b[K\xe2\x80\x99 has no member named \xe2\x80\x98\x1b[01m\x1b[Kmotors_id\x1b[m\x1b[K\xe2\x80\x99; did you mean \xe2\x80\x98\x1b[01m\x1b[Kmotor_ids\x1b[m\x1b[K\xe2\x80\x99?\n'}
[10.213669] (usb_device_driver) StderrLine: {'line': b'  590 |                             motor_state_msg.\x1b[01;31m\x1b[Kmotors_id\x1b[m\x1b[K[i] = dog_motor_state.motors_id[i];\n'}
[10.213724] (usb_device_driver) StderrLine: {'line': b'      |                                             \x1b[01;31m\x1b[K^~~~~~~~~\x1b[m\x1b[K\n'}
[10.213766] (usb_device_driver) StderrLine: {'line': b'      |                                             \x1b[32m\x1b[Kmotor_ids\x1b[m\x1b[K\n'}
[10.220146] (usb_device_driver) StderrLine: {'line': b'\x1b[01m\x1b[K/home/miles/usb_ros2_ws/src/usb_device_driver/src/usb_reader_node.cpp:590:60:\x1b[m\x1b[K \x1b[01;31m\x1b[Kerror: \x1b[m\x1b[K\xe2\x80\x98\x1b[01m\x1b[Kdog_motor_state\x1b[m\x1b[K\xe2\x80\x99 was not declared in this scope; did you mean \xe2\x80\x98\x1b[01m\x1b[Kdog_motors_state\x1b[m\x1b[K\xe2\x80\x99?\n'}
[10.220298] (usb_device_driver) StderrLine: {'line': b'  590 |                             motor_state_msg.motors_id[i] = \x1b[01;31m\x1b[Kdog_motor_state\x1b[m\x1b[K.motors_id[i];\n'}
[10.220409] (usb_device_driver) StderrLine: {'line': b'      |                                                            \x1b[01;31m\x1b[K^~~~~~~~~~~~~~~\x1b[m\x1b[K\n'}
[10.220507] (usb_device_driver) StderrLine: {'line': b'      |                                                            \x1b[32m\x1b[Kdog_motors_state\x1b[m\x1b[K\n'}
[10.220864] (usb_device_driver) StderrLine: {'line': b'In file included from \x1b[01m\x1b[K/opt/ros/humble/include/rclcpp/rclcpp/logging.hpp:24\x1b[m\x1b[K,\n'}
[10.221101] (usb_device_driver) StderrLine: {'line': b'                 from \x1b[01m\x1b[K/opt/ros/humble/include/rclcpp/rclcpp/client.hpp:40\x1b[m\x1b[K,\n'}
[10.221274] (usb_device_driver) StderrLine: {'line': b'                 from \x1b[01m\x1b[K/opt/ros/humble/include/rclcpp/rclcpp/callback_group.hpp:24\x1b[m\x1b[K,\n'}
[10.221467] (usb_device_driver) StderrLine: {'line': b'                 from \x1b[01m\x1b[K/opt/ros/humble/include/rclcpp/rclcpp/any_executable.hpp:20\x1b[m\x1b[K,\n'}
[10.221554] (usb_device_driver) StderrLine: {'line': b'                 from \x1b[01m\x1b[K/opt/ros/humble/include/rclcpp/rclcpp/memory_strategy.hpp:25\x1b[m\x1b[K,\n'}
[10.221724] (usb_device_driver) StderrLine: {'line': b'                 from \x1b[01m\x1b[K/opt/ros/humble/include/rclcpp/rclcpp/memory_strategies.hpp:18\x1b[m\x1b[K,\n'}
[10.221781] (usb_device_driver) StderrLine: {'line': b'                 from \x1b[01m\x1b[K/opt/ros/humble/include/rclcpp/rclcpp/executor_options.hpp:20\x1b[m\x1b[K,\n'}
[10.221828] (usb_device_driver) StderrLine: {'line': b'                 from \x1b[01m\x1b[K/opt/ros/humble/include/rclcpp/rclcpp/executor.hpp:37\x1b[m\x1b[K,\n'}
[10.221885] (usb_device_driver) StderrLine: {'line': b'                 from \x1b[01m\x1b[K/opt/ros/humble/include/rclcpp/rclcpp/executors/multi_threaded_executor.hpp:25\x1b[m\x1b[K,\n'}
[10.221930] (usb_device_driver) StderrLine: {'line': b'                 from \x1b[01m\x1b[K/opt/ros/humble/include/rclcpp/rclcpp/executors.hpp:21\x1b[m\x1b[K,\n'}
[10.221971] (usb_device_driver) StderrLine: {'line': b'                 from \x1b[01m\x1b[K/opt/ros/humble/include/rclcpp/rclcpp/rclcpp.hpp:155\x1b[m\x1b[K,\n'}
[10.222009] (usb_device_driver) StderrLine: {'line': b'                 from \x1b[01m\x1b[K/home/miles/usb_ros2_ws/src/usb_device_driver/include/usb_device_driver/usb_reader_node.hpp:4\x1b[m\x1b[K,\n'}
[10.222047] (usb_device_driver) StderrLine: {'line': b'                 from \x1b[01m\x1b[K/home/miles/usb_ros2_ws/src/usb_device_driver/src/usb_reader_node.cpp:1\x1b[m\x1b[K:\n'}
[10.222086] (usb_device_driver) StderrLine: {'line': b'\x1b[01m\x1b[K/home/miles/usb_ros2_ws/src/usb_device_driver/src/usb_reader_node.cpp:604:61:\x1b[m\x1b[K \x1b[01;35m\x1b[Kwarning: \x1b[m\x1b[Kformat \xe2\x80\x98\x1b[01m\x1b[K%d\x1b[m\x1b[K\xe2\x80\x99 expects argument of type \xe2\x80\x98\x1b[01m\x1b[Kint\x1b[m\x1b[K\xe2\x80\x99, but argument 5 has type \xe2\x80\x98\x1b[01m\x1b[Ksize_t\x1b[m\x1b[K\xe2\x80\x99 {aka \xe2\x80\x98\x1b[01m\x1b[Klong unsigned int\x1b[m\x1b[K\xe2\x80\x99} [\x1b[01;35m\x1b[K\x1b]8;;https://gcc.gnu.org/onlinedocs/gcc/Warning-Options.html#index-Wformat=\x07-Wformat=\x1b]8;;\x07\x1b[m\x1b[K]\n'}
[10.222130] (usb_device_driver) StderrLine: {'line': b'  604 |                             RCLCPP_INFO(this->get_logger(), \x1b[01;35m\x1b[K"\xe5\x8f\x91\xe5\xb8\x83\xe7\x94\xb5\xe6\x9c\xba\xe7\x8a\xb6\xe6\x80\x81\xe6\xb6\x88\xe6\x81\xaf\xe5\x88\xb0ROS2:\xef\xbc\x8c\xe9\x95\xbf\xe5\xba\xa6\xef\xbc\x9a%d"\x1b[m\x1b[K, \x1b[32m\x1b[Klen\x1b[m\x1b[K);\n'}
[10.222170] (usb_device_driver) StderrLine: {'line': b'      |                                                             \x1b[01;35m\x1b[K^~~~~~~~~~~~~~~~~~~~~~~~~~~~~~~~~~~\x1b[m\x1b[K  \x1b[32m\x1b[K~~~\x1b[m\x1b[K\n'}
[10.222209] (usb_device_driver) StderrLine: {'line': b'      |                                                                                                  \x1b[32m\x1b[K|\x1b[m\x1b[K\n'}
[10.222248] (usb_device_driver) StderrLine: {'line': b'      |                                                                                                  \x1b[32m\x1b[Ksize_t {aka long unsigned int}\x1b[m\x1b[K\n'}
[10.222286] (usb_device_driver) StderrLine: {'line': b'\x1b[01m\x1b[K/home/miles/usb_ros2_ws/src/usb_device_driver/src/usb_reader_node.cpp:604:94:\x1b[m\x1b[K \x1b[01;36m\x1b[Knote: \x1b[m\x1b[Kformat string is defined here\n'}
[10.222335] (usb_device_driver) StderrLine: {'line': b'  604 |                             RCLCPP_INFO(this->get_logger(), "\xe5\x8f\x91\xe5\xb8\x83\xe7\x94\xb5\xe6\x9c\xba\xe7\x8a\xb6\xe6\x80\x81\xe6\xb6\x88\xe6\x81\xaf\xe5\x88\xb0ROS2:\xef\xbc\x8c\xe9\x95\xbf\xe5\xba\xa6\xef\xbc\x9a\x1b[01;36m\x1b[K%d\x1b[m\x1b[K", len);\n'}
[10.222381] (usb_device_driver) StderrLine: {'line': b'      |                                                                                             \x1b[01;36m\x1b[K~^\x1b[m\x1b[K\n'}
[10.222425] (usb_device_driver) StderrLine: {'line': b'      |                                                                                              \x1b[01;36m\x1b[K|\x1b[m\x1b[K\n'}
[10.222465] (usb_device_driver) StderrLine: {'line': b'      |                                                                                              \x1b[01;36m\x1b[Kint\x1b[m\x1b[K\n'}
[10.222506] (usb_device_driver) StderrLine: {'line': b'      |                                                                                             \x1b[32m\x1b[K%ld\x1b[m\x1b[K\n'}
[10.222545] (usb_device_driver) StderrLine: {'line': b'In file included from \x1b[01m\x1b[K/opt/ros/humble/include/rclcpp/rclcpp/logging.hpp:24\x1b[m\x1b[K,\n'}
[10.222583] (usb_device_driver) StderrLine: {'line': b'                 from \x1b[01m\x1b[K/opt/ros/humble/include/rclcpp/rclcpp/client.hpp:40\x1b[m\x1b[K,\n'}
[10.222644] (usb_device_driver) StderrLine: {'line': b'                 from \x1b[01m\x1b[K/opt/ros/humble/include/rclcpp/rclcpp/callback_group.hpp:24\x1b[m\x1b[K,\n'}
[10.222690] (usb_device_driver) StderrLine: {'line': b'                 from \x1b[01m\x1b[K/opt/ros/humble/include/rclcpp/rclcpp/any_executable.hpp:20\x1b[m\x1b[K,\n'}
[10.222729] (usb_device_driver) StderrLine: {'line': b'                 from \x1b[01m\x1b[K/opt/ros/humble/include/rclcpp/rclcpp/memory_strategy.hpp:25\x1b[m\x1b[K,\n'}
[10.222767] (usb_device_driver) StderrLine: {'line': b'                 from \x1b[01m\x1b[K/opt/ros/humble/include/rclcpp/rclcpp/memory_strategies.hpp:18\x1b[m\x1b[K,\n'}
[10.222804] (usb_device_driver) StderrLine: {'line': b'                 from \x1b[01m\x1b[K/opt/ros/humble/include/rclcpp/rclcpp/executor_options.hpp:20\x1b[m\x1b[K,\n'}
[10.222842] (usb_device_driver) StderrLine: {'line': b'                 from \x1b[01m\x1b[K/opt/ros/humble/include/rclcpp/rclcpp/executor.hpp:37\x1b[m\x1b[K,\n'}
[10.222878] (usb_device_driver) StderrLine: {'line': b'                 from \x1b[01m\x1b[K/opt/ros/humble/include/rclcpp/rclcpp/executors/multi_threaded_executor.hpp:25\x1b[m\x1b[K,\n'}
[10.222914] (usb_device_driver) StderrLine: {'line': b'                 from \x1b[01m\x1b[K/opt/ros/humble/include/rclcpp/rclcpp/executors.hpp:21\x1b[m\x1b[K,\n'}
[10.222951] (usb_device_driver) StderrLine: {'line': b'                 from \x1b[01m\x1b[K/opt/ros/humble/include/rclcpp/rclcpp/rclcpp.hpp:155\x1b[m\x1b[K,\n'}
[10.222989] (usb_device_driver) StderrLine: {'line': b'                 from \x1b[01m\x1b[K/home/miles/usb_ros2_ws/src/usb_device_driver/include/usb_device_driver/usb_reader_node.hpp:4\x1b[m\x1b[K,\n'}
[10.223026] (usb_device_driver) StderrLine: {'line': b'                 from \x1b[01m\x1b[K/home/miles/usb_ros2_ws/src/usb_device_driver/src/usb_reader_node.cpp:1\x1b[m\x1b[K:\n'}
[10.223062] (usb_device_driver) StderrLine: {'line': b'\x1b[01m\x1b[K/home/miles/usb_ros2_ws/src/usb_device_driver/src/usb_reader_node.cpp:643:61:\x1b[m\x1b[K \x1b[01;35m\x1b[Kwarning: \x1b[m\x1b[Kformat \xe2\x80\x98\x1b[01m\x1b[K%d\x1b[m\x1b[K\xe2\x80\x99 expects argument of type \xe2\x80\x98\x1b[01m\x1b[Kint\x1b[m\x1b[K\xe2\x80\x99, but argument 5 has type \xe2\x80\x98\x1b[01m\x1b[Ksize_t\x1b[m\x1b[K\xe2\x80\x99 {aka \xe2\x80\x98\x1b[01m\x1b[Klong unsigned int\x1b[m\x1b[K\xe2\x80\x99} [\x1b[01;35m\x1b[K\x1b]8;;https://gcc.gnu.org/onlinedocs/gcc/Warning-Options.html#index-Wformat=\x07-Wformat=\x1b]8;;\x07\x1b[m\x1b[K]\n'}
[10.223102] (usb_device_driver) StderrLine: {'line': b'  643 |                             RCLCPP_INFO(this->get_logger(), \x1b[01;35m\x1b[K"\xe5\x8f\x91\xe5\xb8\x83IMU\xe6\x95\xb0\xe6\x8d\xae\xe6\xb6\x88\xe6\x81\xaf\xe5\x88\xb0ROS2:\xef\xbc\x8c\xe9\x95\xbf\xe5\xba\xa6\xef\xbc\x9a%d"\x1b[m\x1b[K, \x1b[32m\x1b[Klen\x1b[m\x1b[K);\n'}
[10.223140] (usb_device_driver) StderrLine: {'line': b'      |                                                             \x1b[01;35m\x1b[K^~~~~~~~~~~~~~~~~~~~~~~~~~~~~~~~~~\x1b[m\x1b[K  \x1b[32m\x1b[K~~~\x1b[m\x1b[K\n'}
[10.223178] (usb_device_driver) StderrLine: {'line': b'      |                                                                                                 \x1b[32m\x1b[K|\x1b[m\x1b[K\n'}
[10.223219] (usb_device_driver) StderrLine: {'line': b'      |                                                                                                 \x1b[32m\x1b[Ksize_t {aka long unsigned int}\x1b[m\x1b[K\n'}
[10.223257] (usb_device_driver) StderrLine: {'line': b'\x1b[01m\x1b[K/home/miles/usb_ros2_ws/src/usb_device_driver/src/usb_reader_node.cpp:643:93:\x1b[m\x1b[K \x1b[01;36m\x1b[Knote: \x1b[m\x1b[Kformat string is defined here\n'}
[10.223295] (usb_device_driver) StderrLine: {'line': b'  643 |                             RCLCPP_INFO(this->get_logger(), "\xe5\x8f\x91\xe5\xb8\x83IMU\xe6\x95\xb0\xe6\x8d\xae\xe6\xb6\x88\xe6\x81\xaf\xe5\x88\xb0ROS2:\xef\xbc\x8c\xe9\x95\xbf\xe5\xba\xa6\xef\xbc\x9a\x1b[01;36m\x1b[K%d\x1b[m\x1b[K", len);\n'}
[10.223334] (usb_device_driver) StderrLine: {'line': b'      |                                                                                            \x1b[01;36m\x1b[K~^\x1b[m\x1b[K\n'}
[10.223370] (usb_device_driver) StderrLine: {'line': b'      |                                                                                             \x1b[01;36m\x1b[K|\x1b[m\x1b[K\n'}
[10.223407] (usb_device_driver) StderrLine: {'line': b'      |                                                                                             \x1b[01;36m\x1b[Kint\x1b[m\x1b[K\n'}
[10.223443] (usb_device_driver) StderrLine: {'line': b'      |                                                                                            \x1b[32m\x1b[K%ld\x1b[m\x1b[K\n'}
[10.226741] (usb_device_driver) StderrLine: {'line': b'\x1b[01m\x1b[K/home/miles/usb_ros2_ws/src/usb_device_driver/src/usb_reader_node.cpp:\x1b[m\x1b[K In member function \xe2\x80\x98\x1b[01m\x1b[Kvoid usb_device_driver::USBReaderNode::processMavlinkMessage(const mavlink_message_t*)\x1b[m\x1b[K\xe2\x80\x99:\n'}
[10.226977] (usb_device_driver) StderrLine: {'line': b'\x1b[01m\x1b[K/home/miles/usb_ros2_ws/src/usb_device_driver/src/usb_reader_node.cpp:677:69:\x1b[m\x1b[K \x1b[01;31m\x1b[Kerror: \x1b[m\x1b[K\xe2\x80\x98\x1b[01m\x1b[Kmavlink_dog_motors_state_t\x1b[m\x1b[K\xe2\x80\x99 {aka \xe2\x80\x98\x1b[01m\x1b[Kstruct __mavlink_dog_motors_state_t\x1b[m\x1b[K\xe2\x80\x99} has no member named \xe2\x80\x98\x1b[01m\x1b[Kmotor_ids\x1b[m\x1b[K\xe2\x80\x99; did you mean \xe2\x80\x98\x1b[01m\x1b[Kmotors_id\x1b[m\x1b[K\xe2\x80\x99?\n'}
[10.227111] (usb_device_driver) StderrLine: {'line': b'  677 |                     motor_state_msg.motor_ids[j] = dog_motors_state.\x1b[01;31m\x1b[Kmotor_ids\x1b[m\x1b[K[j];\n'}
[10.227217] (usb_device_driver) StderrLine: {'line': b'      |                                                                     \x1b[01;31m\x1b[K^~~~~~~~~\x1b[m\x1b[K\n'}
[10.227307] (usb_device_driver) StderrLine: {'line': b'      |                                                                     \x1b[32m\x1b[Kmotors_id\x1b[m\x1b[K\n'}
[10.257345] (-) TimerEvent: {}
[10.332104] (usb_device_driver) StderrLine: {'line': b'gmake[2]: *** [CMakeFiles/usb_reader_node.dir/build.make:76\xef\xbc\x9aCMakeFiles/usb_reader_node.dir/src/main.cpp.o] \xe9\x94\x99\xe8\xaf\xaf 1\n'}
[10.332276] (usb_device_driver) StderrLine: {'line': b'gmake[2]: *** \xe6\xad\xa3\xe5\x9c\xa8\xe7\xad\x89\xe5\xbe\x85\xe6\x9c\xaa\xe5\xae\x8c\xe6\x88\x90\xe7\x9a\x84\xe4\xbb\xbb\xe5\x8a\xa1....\n'}
[10.357438] (-) TimerEvent: {}
[10.457793] (-) TimerEvent: {}
[10.558192] (-) TimerEvent: {}
[10.658544] (-) TimerEvent: {}
[10.758899] (-) TimerEvent: {}
[10.859253] (-) TimerEvent: {}
[10.959641] (-) TimerEvent: {}
[11.060080] (-) TimerEvent: {}
[11.160482] (-) TimerEvent: {}
[11.260872] (-) TimerEvent: {}
[11.361196] (-) TimerEvent: {}
[11.461532] (-) TimerEvent: {}
[11.561900] (-) TimerEvent: {}
[11.662256] (-) TimerEvent: {}
[11.698871] (usb_device_driver) StderrLine: {'line': b'gmake[2]: *** [CMakeFiles/usb_reader_node.dir/build.make:90\xef\xbc\x9aCMakeFiles/usb_reader_node.dir/src/usb_reader_node.cpp.o] \xe9\x94\x99\xe8\xaf\xaf 1\n'}
[11.699341] (usb_device_driver) StderrLine: {'line': b'gmake[1]: *** [CMakeFiles/Makefile2:593\xef\xbc\x9aCMakeFiles/usb_reader_node.dir/all] \xe9\x94\x99\xe8\xaf\xaf 2\n'}
[11.699629] (usb_device_driver) StderrLine: {'line': b'gmake: *** [Makefile:146\xef\xbc\x9aall] \xe9\x94\x99\xe8\xaf\xaf 2\n'}
[11.702096] (usb_device_driver) CommandEnded: {'returncode': 2}
[11.712009] (usb_device_driver) JobEnded: {'identifier': 'usb_device_driver', 'rc': 2}
[11.722777] (-) EventReactorShutdown: {}
