[0.000000] (-) TimerEvent: {}
[0.000692] (usb_device_driver) JobQueued: {'identifier': 'usb_device_driver', 'dependencies': OrderedDict()}
[0.000748] (usb_device_driver) JobStarted: {'identifier': 'usb_device_driver'}
[0.013702] (usb_device_driver) JobProgress: {'identifier': 'usb_device_driver', 'progress': 'cmake'}
[0.015102] (usb_device_driver) JobProgress: {'identifier': 'usb_device_driver', 'progress': 'build'}
[0.016881] (usb_device_driver) Command: {'cmd': ['/usr/bin/cmake', '--build', '/home/miles/usb_ros2_ws/build/usb_device_driver', '--', '-j12', '-l12'], 'cwd': '/home/miles/usb_ros2_ws/build/usb_device_driver', 'env': OrderedDict([('GJS_DEBUG_TOPICS', 'JS ERROR;JS LOG'), ('PYTHON_BASIC_REPL', '1'), ('LESSOPEN', '| /usr/bin/lesspipe %s'), ('LANGUAGE', 'zh_CN:en'), ('USER', 'miles'), ('LC_TIME', 'zh_CN.UTF-8'), ('XDG_SESSION_TYPE', 'wayland'), ('GIT_ASKPASS', '/usr/share/code/resources/app/extensions/git/dist/askpass.sh'), ('SHLVL', '1'), ('LD_LIBRARY_PATH', '/usr/lib/x86_64-linux-gnu/gazebo-11/plugins:/opt/ros/humble/opt/rviz_ogre_vendor/lib:/opt/ros/humble/lib/x86_64-linux-gnu:/opt/ros/humble/lib'), ('HOME', '/home/miles'), ('CHROME_DESKTOP', 'code.desktop'), ('TERM_PROGRAM_VERSION', '1.115.0'), ('DESKTOP_SESSION', 'ubuntu'), ('GIO_LAUNCHED_DESKTOP_FILE', '/usr/share/applications/code.desktop'), ('ROS_PYTHON_VERSION', '3'), ('GNOME_SHELL_SESSION_MODE', 'ubuntu'), ('GTK_MODULES', 'gail:atk-bridge'), ('VSCODE_GIT_ASKPASS_MAIN', '/usr/share/code/resources/app/extensions/git/dist/askpass-main.js'), ('LC_MONETARY', 'zh_CN.UTF-8'), ('VSCODE_GIT_ASKPASS_NODE', '/usr/share/code/code'), ('MANAGERPID', '1098'), ('PYDEVD_DISABLE_FILE_VALIDATION', '1'), ('SYSTEMD_EXEC_PID', '1512'), ('BUNDLED_DEBUGPY_PATH', '/home/miles/.vscode/extensions/ms-python.debugpy-2026.6.0-linux-x64/bundled/libs/debugpy'), ('IM_CONFIG_CHECK_ENV', '1'), ('VSCODE_PYTHON_AUTOACTIVATE_GUARD', '1'), ('DBUS_SESSION_BUS_ADDRESS', 'unix:path=/run/user/1000/bus'), ('COLORTERM', 'truecolor'), ('GIO_LAUNCHED_DESKTOP_FILE_PID', '2395'), ('IM_CONFIG_PHASE', '1'), ('WAYLAND_DISPLAY', 'wayland-0'), ('ROS_DISTRO', 'humble'), ('LOGNAME', 'miles'), ('JOURNAL_STREAM', '8:12938'), ('_', '/usr/bin/colcon'), ('ROS_VERSION', '2'), ('XDG_SESSION_CLASS', 'user'), ('USERNAME', 'miles'), ('TERM', 'xterm-256color'), ('GNOME_DESKTOP_SESSION_ID', 'this-is-deprecated'), ('FC_FONTATIONS', '1'), ('ROS_LOCALHOST_ONLY', '0'), ('PATH', '/home/miles/miniconda3/bin:/home/miles/.config/Code/User/globalStorage/github.copilot-chat/debugCommand:/home/miles/.config/Code/User/globalStorage/github.copilot-chat/copilotCli:/home/miles/.local/bin:/home/miles/miniconda3/bin:/opt/ros/humble/bin:/home/miles/.local/bin:/usr/local/sbin:/usr/local/bin:/usr/sbin:/usr/bin:/sbin:/bin:/usr/games:/usr/local/games:/snap/bin:/snap/bin:/home/miles/.vscode/extensions/ms-python.debugpy-2026.6.0-linux-x64/bundled/scripts/noConfigScripts'), ('SESSION_MANAGER', 'local/miles:@/tmp/.ICE-unix/1484,unix/miles:/tmp/.ICE-unix/1484'), ('INVOCATION_ID', '6bd4fc7edcdb4a4f8033df3d0818de29'), ('PAPERSIZE', 'a4'), ('XDG_MENU_PREFIX', 'gnome-'), ('LC_ADDRESS', 'zh_CN.UTF-8'), ('GNOME_SETUP_DISPLAY', ':1'), ('XDG_RUNTIME_DIR', '/run/user/1000'), ('GDK_BACKEND', 'wayland'), ('DISPLAY', ':0'), ('VSCODE_DEBUGPY_ADAPTER_ENDPOINTS', '/home/miles/.vscode/extensions/ms-python.debugpy-2026.6.0-linux-x64/.noConfigDebugAdapterEndpoints/endpoint-510fb0e7ba3d52da.txt'), ('LANG', 'zh_CN.UTF-8'), ('XDG_CURRENT_DESKTOP', 'ubuntu:GNOME'), ('PYTHONSTARTUP', '/home/miles/.config/Code/User/workspaceStorage/ff9966d21cc0024eeada1ee1a360488f/ms-python.python/pythonrc.py'), ('LC_TELEPHONE', 'zh_CN.UTF-8'), ('XMODIFIERS', '@im=ibus'), ('XDG_SESSION_DESKTOP', 'ubuntu'), ('XAUTHORITY', '/run/user/1000/.mutter-Xwaylandauth.UUYLP3'), ('LS_COLORS', 'rs=0:di=01;34:ln=01;36:mh=00:pi=40;33:so=01;35:do=01;35:bd=40;33;01:cd=40;33;01:or=40;31;01:mi=00:su=37;41:sg=30;43:ca=30;41:tw=30;42:ow=34;42:st=37;44:ex=01;32:*.tar=01;31:*.tgz=01;31:*.arc=01;31:*.arj=01;31:*.taz=01;31:*.lha=01;31:*.lz4=01;31:*.lzh=01;31:*.lzma=01;31:*.tlz=01;31:*.txz=01;31:*.tzo=01;31:*.t7z=01;31:*.zip=01;31:*.z=01;31:*.dz=01;31:*.gz=01;31:*.lrz=01;31:*.lz=01;31:*.lzo=01;31:*.xz=01;31:*.zst=01;31:*.tzst=01;31:*.bz2=01;31:*.bz=01;31:*.tbz=01;31:*.tbz2=01;31:*.tz=01;31:*.deb=01;31:*.rpm=01;31:*.jar=01;31:*.war=01;31:*.ear=01;31:*.sar=01;31:*.rar=01;31:*.alz=01;31:*.ace=01;31:*.zoo=01;31:*.cpio=01;31:*.7z=01;31:*.rz=01;31:*.cab=01;31:*.wim=01;31:*.swm=01;31:*.dwm=01;31:*.esd=01;31:*.jpg=01;35:*.jpeg=01;35:*.mjpg=01;35:*.mjpeg=01;35:*.gif=01;35:*.bmp=01;35:*.pbm=01;35:*.pgm=01;35:*.ppm=01;35:*.tga=01;35:*.xbm=01;35:*.xpm=01;35:*.tif=01;35:*.tiff=01;35:*.png=01;35:*.svg=01;35:*.svgz=01;35:*.mng=01;35:*.pcx=01;35:*.mov=01;35:*.mpg=01;35:*.mpeg=01;35:*.m2v=01;35:*.mkv=01;35:*.webm=01;35:*.webp=01;35:*.ogm=01;35:*.mp4=01;35:*.m4v=01;35:*.mp4v=01;35:*.vob=01;35:*.qt=01;35:*.nuv=01;35:*.wmv=01;35:*.asf=01;35:*.rm=01;35:*.rmvb=01;35:*.flc=01;35:*.avi=01;35:*.fli=01;35:*.flv=01;35:*.gl=01;35:*.dl=01;35:*.xcf=01;35:*.xwd=01;35:*.yuv=01;35:*.cgm=01;35:*.emf=01;35:*.ogv=01;35:*.ogx=01;35:*.aac=00;36:*.au=00;36:*.flac=00;36:*.m4a=00;36:*.mid=00;36:*.midi=00;36:*.mka=00;36:*.mp3=00;36:*.mpc=00;36:*.ogg=00;36:*.ra=00;36:*.wav=00;36:*.oga=00;36:*.opus=00;36:*.spx=00;36:*.xspf=00;36:'), ('VSCODE_GIT_IPC_HANDLE', '/run/user/1000/vscode-git-03b8406b82.sock'), ('TERM_PROGRAM', 'vscode'), ('SSH_AGENT_LAUNCHER', 'gnome-keyring'), ('SSH_AUTH_SOCK', '/run/user/1000/keyring/ssh'), ('AMENT_PREFIX_PATH', '/opt/ros/humble'), ('SHELL', '/bin/bash'), ('LC_NAME', 'zh_CN.UTF-8'), ('QT_ACCESSIBILITY', '1'), ('GDMSESSION', 'ubuntu'), ('LESSCLOSE', '/usr/bin/lesspipe %s %s'), ('LC_MEASUREMENT', 'zh_CN.UTF-8'), ('GJS_DEBUG_OUTPUT', 'stderr'), ('LC_IDENTIFICATION', 'zh_CN.UTF-8'), ('VSCODE_GIT_ASKPASS_EXTRA_ARGS', ''), ('QT_IM_MODULE', 'ibus'), ('PWD', '/home/miles/usb_ros2_ws/build/usb_device_driver'), ('XDG_CONFIG_DIRS', '/etc/xdg/xdg-ubuntu:/etc/xdg'), ('XDG_DATA_DIRS', '/usr/share/ubuntu:/usr/local/share/:/usr/share/:/var/lib/snapd/desktop'), ('PYTHONPATH', '/opt/ros/humble/lib/python3.10/site-packages:/opt/ros/humble/local/lib/python3.10/dist-packages'), ('LC_NUMERIC', 'zh_CN.UTF-8'), ('LC_PAPER', 'zh_CN.UTF-8'), ('COLCON', '1'), ('CMAKE_PREFIX_PATH', '/opt/ros/humble')]), 'shell': False}
[0.077240] (usb_device_driver) StdoutLine: {'line': b'-- Found ament_cmake: 1.3.13 (/opt/ros/humble/share/ament_cmake/cmake)\n'}
[0.098027] (-) TimerEvent: {}
[0.198533] (-) TimerEvent: {}
[0.299039] (-) TimerEvent: {}
[0.361513] (usb_device_driver) StdoutLine: {'line': b'-- Found rclcpp: 16.0.18 (/opt/ros/humble/share/rclcpp/cmake)\n'}
[0.399239] (-) TimerEvent: {}
[0.431985] (usb_device_driver) StdoutLine: {'line': b'-- Found rosidl_generator_c: 3.1.8 (/opt/ros/humble/share/rosidl_generator_c/cmake)\n'}
[0.438459] (usb_device_driver) StdoutLine: {'line': b'-- Found rosidl_adapter: 3.1.8 (/opt/ros/humble/share/rosidl_adapter/cmake)\n'}
[0.452679] (usb_device_driver) StdoutLine: {'line': b'-- Found rosidl_generator_cpp: 3.1.8 (/opt/ros/humble/share/rosidl_generator_cpp/cmake)\n'}
[0.474661] (usb_device_driver) StdoutLine: {'line': b'-- Using all available rosidl_typesupport_c: rosidl_typesupport_fastrtps_c;rosidl_typesupport_introspection_c\n'}
[0.499385] (-) TimerEvent: {}
[0.502458] (usb_device_driver) StdoutLine: {'line': b'-- Using all available rosidl_typesupport_cpp: rosidl_typesupport_fastrtps_cpp;rosidl_typesupport_introspection_cpp\n'}
[0.575925] (usb_device_driver) StdoutLine: {'line': b'-- Found rmw_implementation_cmake: 6.1.2 (/opt/ros/humble/share/rmw_implementation_cmake/cmake)\n'}
[0.578920] (usb_device_driver) StdoutLine: {'line': b'-- Found rmw_fastrtps_cpp: 6.2.10 (/opt/ros/humble/share/rmw_fastrtps_cpp/cmake)\n'}
[0.599539] (-) TimerEvent: {}
[0.700010] (-) TimerEvent: {}
[0.800548] (-) TimerEvent: {}
[0.844014] (usb_device_driver) StdoutLine: {'line': b"-- Using RMW implementation 'rmw_fastrtps_cpp' as default\n"}
[0.900652] (-) TimerEvent: {}
[0.951186] (usb_device_driver) StdoutLine: {'line': b'-- Found geometry_msgs: 4.9.1 (/opt/ros/humble/share/geometry_msgs/cmake)\n'}
[0.978480] (usb_device_driver) StdoutLine: {'line': b'-- Found rosidl_default_generators: 1.2.0 (/opt/ros/humble/share/rosidl_default_generators/cmake)\n'}
[1.000748] (-) TimerEvent: {}
[1.101119] (-) TimerEvent: {}
[1.201577] (-) TimerEvent: {}
[1.301982] (-) TimerEvent: {}
[1.402432] (-) TimerEvent: {}
[1.502849] (-) TimerEvent: {}
[1.603273] (-) TimerEvent: {}
[1.652668] (usb_device_driver) StdoutLine: {'line': b'-- Found ament_cmake_ros: 0.10.0 (/opt/ros/humble/share/ament_cmake_ros/cmake)\n'}
[1.703597] (-) TimerEvent: {}
[1.803984] (-) TimerEvent: {}
[1.904435] (-) TimerEvent: {}
[2.004863] (-) TimerEvent: {}
[2.105259] (-) TimerEvent: {}
[2.205701] (-) TimerEvent: {}
[2.306101] (-) TimerEvent: {}
[2.406517] (-) TimerEvent: {}
[2.506938] (-) TimerEvent: {}
[2.583601] (usb_device_driver) StdoutLine: {'line': b'-- Using all available rosidl_typesupport_c: rosidl_typesupport_fastrtps_c;rosidl_typesupport_introspection_c\n'}
[2.607062] (-) TimerEvent: {}
[2.707440] (-) TimerEvent: {}
[2.807843] (-) TimerEvent: {}
[2.908262] (-) TimerEvent: {}
[2.954119] (usb_device_driver) StdoutLine: {'line': b'-- Using all available rosidl_typesupport_cpp: rosidl_typesupport_fastrtps_cpp;rosidl_typesupport_introspection_cpp\n'}
[3.004755] (usb_device_driver) StdoutLine: {'line': b'-- Found python_cmake_module: 0.10.0 (/opt/ros/humble/share/python_cmake_module/cmake)\n'}
[3.008402] (-) TimerEvent: {}
[3.053477] (usb_device_driver) StdoutLine: {'line': b'-- Using PYTHON_EXECUTABLE: /usr/bin/python3\n'}
[3.053901] (usb_device_driver) StdoutLine: {'line': b'-- Using PYTHON_INCLUDE_DIRS: /usr/include/python3.10\n'}
[3.054166] (usb_device_driver) StdoutLine: {'line': b'-- Using PYTHON_LIBRARIES: /usr/lib/x86_64-linux-gnu/libpython3.10.so\n'}
[3.108513] (-) TimerEvent: {}
[3.151471] (usb_device_driver) StdoutLine: {'line': b'-- Configuring done\n'}
[3.208615] (-) TimerEvent: {}
[3.257441] (usb_device_driver) StdoutLine: {'line': b'-- Generating done\n'}
[3.289760] (usb_device_driver) StdoutLine: {'line': b'-- Build files have been written to: /home/miles/usb_ros2_ws/build/usb_device_driver\n'}
[3.308752] (-) TimerEvent: {}
[3.356046] (usb_device_driver) StdoutLine: {'line': b'\x1b[35m\x1b[1mConsolidate compiler generated dependencies of target usb_device_driver__rosidl_generator_c\x1b[0m\n'}
[3.376226] (usb_device_driver) StdoutLine: {'line': b'[  2%] Built target usb_device_driver__cpp\n'}
[3.384568] (usb_device_driver) StdoutLine: {'line': b'[ 12%] Built target usb_device_driver__rosidl_generator_c\n'}
[3.393626] (usb_device_driver) StdoutLine: {'line': b'\x1b[35m\x1b[1mConsolidate compiler generated dependencies of target usb_device_driver__rosidl_typesupport_introspection_cpp\x1b[0m\n'}
[3.400023] (usb_device_driver) StdoutLine: {'line': b'[ 12%] Built target ament_cmake_python_copy_usb_device_driver\n'}
[3.401546] (usb_device_driver) StdoutLine: {'line': b'\x1b[35m\x1b[1mConsolidate compiler generated dependencies of target usb_device_driver__rosidl_typesupport_cpp\x1b[0m\n'}
[3.405191] (usb_device_driver) StdoutLine: {'line': b'\x1b[35m\x1b[1mConsolidate compiler generated dependencies of target usb_device_driver__rosidl_typesupport_fastrtps_cpp\x1b[0m\n'}
[3.406713] (usb_device_driver) StdoutLine: {'line': b'\x1b[35m\x1b[1mConsolidate compiler generated dependencies of target usb_device_driver__rosidl_typesupport_introspection_c\x1b[0m\n'}
[3.408855] (-) TimerEvent: {}
[3.410171] (usb_device_driver) StdoutLine: {'line': b'\x1b[35m\x1b[1mConsolidate compiler generated dependencies of target usb_device_driver__rosidl_typesupport_fastrtps_c\x1b[0m\n'}
[3.416678] (usb_device_driver) StdoutLine: {'line': b'\x1b[35m\x1b[1mConsolidate compiler generated dependencies of target usb_device_driver__rosidl_typesupport_c\x1b[0m\n'}
[3.425092] (usb_device_driver) StdoutLine: {'line': b'[ 24%] Built target usb_device_driver__rosidl_typesupport_introspection_cpp\n'}
[3.425434] (usb_device_driver) StdoutLine: {'line': b'[ 32%] Built target usb_device_driver__rosidl_typesupport_introspection_c\n'}
[3.439551] (usb_device_driver) StdoutLine: {'line': b'[ 42%] Built target usb_device_driver__rosidl_typesupport_c\n'}
[3.441370] (usb_device_driver) StdoutLine: {'line': b'[ 52%] Built target usb_device_driver__rosidl_typesupport_cpp\n'}
[3.443906] (usb_device_driver) StdoutLine: {'line': b'[ 62%] Built target usb_device_driver__rosidl_typesupport_fastrtps_cpp\n'}
[3.446162] (usb_device_driver) StdoutLine: {'line': b'[ 72%] Built target usb_device_driver__rosidl_typesupport_fastrtps_c\n'}
[3.470863] (usb_device_driver) StdoutLine: {'line': b'\x1b[35m\x1b[1mConsolidate compiler generated dependencies of target usb_reader_node\x1b[0m\n'}
[3.492339] (usb_device_driver) StdoutLine: {'line': b'[ 72%] Built target usb_device_driver\n'}
[3.508996] (-) TimerEvent: {}
[3.524791] (usb_device_driver) StdoutLine: {'line': b'[ 74%] \x1b[32mBuilding CXX object CMakeFiles/usb_reader_node.dir/src/main.cpp.o\x1b[0m\n'}
[3.526132] (usb_device_driver) StdoutLine: {'line': b'[ 76%] \x1b[32mBuilding CXX object CMakeFiles/usb_reader_node.dir/src/usb_reader_node.cpp.o\x1b[0m\n'}
[3.541018] (usb_device_driver) StdoutLine: {'line': b'[ 78%] Built target usb_device_driver__py\n'}
[3.567002] (usb_device_driver) StdoutLine: {'line': b'\x1b[35m\x1b[1mConsolidate compiler generated dependencies of target usb_device_driver__rosidl_generator_py\x1b[0m\n'}
[3.602476] (usb_device_driver) StdoutLine: {'line': b'[ 86%] Built target usb_device_driver__rosidl_generator_py\n'}
[3.609095] (-) TimerEvent: {}
[3.621181] (usb_device_driver) StdoutLine: {'line': b'\x1b[35m\x1b[1mConsolidate compiler generated dependencies of target usb_device_driver__rosidl_typesupport_fastrtps_c__pyext\x1b[0m\n'}
[3.629105] (usb_device_driver) StdoutLine: {'line': b'\x1b[35m\x1b[1mConsolidate compiler generated dependencies of target usb_device_driver__rosidl_typesupport_introspection_c__pyext\x1b[0m\n'}
[3.630322] (usb_device_driver) StdoutLine: {'line': b'\x1b[35m\x1b[1mConsolidate compiler generated dependencies of target usb_device_driver__rosidl_typesupport_c__pyext\x1b[0m\n'}
[3.648525] (usb_device_driver) StdoutLine: {'line': b'[ 90%] Built target usb_device_driver__rosidl_typesupport_fastrtps_c__pyext\n'}
[3.661244] (usb_device_driver) StdoutLine: {'line': b'[ 94%] Built target usb_device_driver__rosidl_typesupport_introspection_c__pyext\n'}
[3.664166] (usb_device_driver) StdoutLine: {'line': b'[ 98%] Built target usb_device_driver__rosidl_typesupport_c__pyext\n'}
[3.709289] (-) TimerEvent: {}
[3.809702] (-) TimerEvent: {}
[3.838484] (usb_device_driver) StdoutLine: {'line': b'running egg_info\n'}
[3.841237] (usb_device_driver) StdoutLine: {'line': b'writing usb_device_driver.egg-info/PKG-INFO\n'}
[3.841504] (usb_device_driver) StdoutLine: {'line': b'writing dependency_links to usb_device_driver.egg-info/dependency_links.txt\n'}
[3.841652] (usb_device_driver) StdoutLine: {'line': b'writing top-level names to usb_device_driver.egg-info/top_level.txt\n'}
[3.844517] (usb_device_driver) StdoutLine: {'line': b"reading manifest file 'usb_device_driver.egg-info/SOURCES.txt'\n"}
[3.845369] (usb_device_driver) StdoutLine: {'line': b"writing manifest file 'usb_device_driver.egg-info/SOURCES.txt'\n"}
[3.902885] (usb_device_driver) StdoutLine: {'line': b'[ 98%] Built target ament_cmake_python_build_usb_device_driver_egg\n'}
[3.909836] (-) TimerEvent: {}
[4.010235] (-) TimerEvent: {}
[4.110656] (-) TimerEvent: {}
[4.211091] (-) TimerEvent: {}
[4.311556] (-) TimerEvent: {}
[4.411999] (-) TimerEvent: {}
[4.512508] (-) TimerEvent: {}
[4.612952] (-) TimerEvent: {}
[4.713408] (-) TimerEvent: {}
[4.813786] (-) TimerEvent: {}
[4.914095] (-) TimerEvent: {}
[5.014449] (-) TimerEvent: {}
[5.114901] (-) TimerEvent: {}
[5.215394] (-) TimerEvent: {}
[5.315832] (-) TimerEvent: {}
[5.416259] (-) TimerEvent: {}
[5.516704] (-) TimerEvent: {}
[5.617162] (-) TimerEvent: {}
[5.717595] (-) TimerEvent: {}
[5.818036] (-) TimerEvent: {}
[5.918499] (-) TimerEvent: {}
[6.018919] (-) TimerEvent: {}
[6.119393] (-) TimerEvent: {}
[6.219794] (-) TimerEvent: {}
[6.320215] (-) TimerEvent: {}
[6.420707] (-) TimerEvent: {}
[6.521209] (-) TimerEvent: {}
[6.621722] (-) TimerEvent: {}
[6.722224] (-) TimerEvent: {}
[6.822686] (-) TimerEvent: {}
[6.923094] (-) TimerEvent: {}
[7.023488] (-) TimerEvent: {}
[7.123935] (-) TimerEvent: {}
[7.224392] (-) TimerEvent: {}
[7.324786] (-) TimerEvent: {}
[7.425107] (-) TimerEvent: {}
[7.525473] (-) TimerEvent: {}
[7.625894] (-) TimerEvent: {}
[7.726325] (-) TimerEvent: {}
[7.826712] (-) TimerEvent: {}
[7.927079] (-) TimerEvent: {}
[7.958712] (usb_device_driver) StderrLine: {'line': b'In file included from \x1b[01m\x1b[K/home/miles/usb_ros2_ws/src/usb_device_driver/generated/include/mavlink/v2.0/robot_dog/../protocol.h:4\x1b[m\x1b[K,\n'}
[7.959029] (usb_device_driver) StderrLine: {'line': b'                 from \x1b[01m\x1b[K/home/miles/usb_ros2_ws/src/usb_device_driver/generated/include/mavlink/v2.0/robot_dog/robot_dog.h:35\x1b[m\x1b[K,\n'}
[7.959214] (usb_device_driver) StderrLine: {'line': b'                 from \x1b[01m\x1b[K/home/miles/usb_ros2_ws/src/usb_device_driver/generated/include/mavlink/v2.0/robot_dog/mavlink.h:39\x1b[m\x1b[K,\n'}
[7.959382] (usb_device_driver) StderrLine: {'line': b'                 from \x1b[01m\x1b[K/home/miles/usb_ros2_ws/src/usb_device_driver/include/usb_device_driver/usb_reader_node.hpp:20\x1b[m\x1b[K,\n'}
[7.959522] (usb_device_driver) StderrLine: {'line': b'                 from \x1b[01m\x1b[K/home/miles/usb_ros2_ws/src/usb_device_driver/src/main.cpp:1\x1b[m\x1b[K:\n'}
[7.959652] (usb_device_driver) StderrLine: {'line': b'\x1b[01m\x1b[K/home/miles/usb_ros2_ws/src/usb_device_driver/generated/include/mavlink/v2.0/robot_dog/../mavlink_types.h:78:12:\x1b[m\x1b[K \x1b[01;35m\x1b[Kwarning: \x1b[m\x1b[KISO C++ prohibits anonymous structs [\x1b[01;35m\x1b[K\x1b]8;;https://gcc.gnu.org/onlinedocs/gcc/Warning-Options.html#index-Wpedantic\x07-Wpedantic\x1b]8;;\x07\x1b[m\x1b[K]\n'}
[7.959778] (usb_device_driver) StderrLine: {'line': b'   78 |     struct \x1b[01;35m\x1b[K{\x1b[m\x1b[K\n'}
[7.959897] (usb_device_driver) StderrLine: {'line': b'      |            \x1b[01;35m\x1b[K^\x1b[m\x1b[K\n'}
[7.960029] (usb_device_driver) StderrLine: {'line': b'\x1b[01m\x1b[K/home/miles/usb_ros2_ws/src/usb_device_driver/generated/include/mavlink/v2.0/robot_dog/../mavlink_types.h:17:40:\x1b[m\x1b[K \x1b[01;36m\x1b[Knote: \x1b[m\x1b[Kin definition of macro \xe2\x80\x98\x1b[01m\x1b[KMAVPACKED\x1b[m\x1b[K\xe2\x80\x99\n'}
[7.960163] (usb_device_driver) StderrLine: {'line': b'   17 |   #define MAVPACKED( __Declaration__ ) \x1b[01;36m\x1b[K__Declaration__\x1b[m\x1b[K __attribute__((packed))\n'}
[7.960305] (usb_device_driver) StderrLine: {'line': b'      |                                        \x1b[01;36m\x1b[K^~~~~~~~~~~~~~~\x1b[m\x1b[K\n'}
[7.966555] (usb_device_driver) StderrLine: {'line': b'In file included from \x1b[01m\x1b[K/home/miles/usb_ros2_ws/src/usb_device_driver/generated/include/mavlink/v2.0/robot_dog/mavlink.h:39\x1b[m\x1b[K,\n'}
[7.966833] (usb_device_driver) StderrLine: {'line': b'                 from \x1b[01m\x1b[K/home/miles/usb_ros2_ws/src/usb_device_driver/include/usb_device_driver/usb_reader_node.hpp:20\x1b[m\x1b[K,\n'}
[7.967030] (usb_device_driver) StderrLine: {'line': b'                 from \x1b[01m\x1b[K/home/miles/usb_ros2_ws/src/usb_device_driver/src/main.cpp:1\x1b[m\x1b[K:\n'}
[7.967222] (usb_device_driver) StderrLine: {'line': b'\x1b[01m\x1b[K/home/miles/usb_ros2_ws/src/usb_device_driver/generated/include/mavlink/v2.0/robot_dog/../mavlink_helpers.h:\x1b[m\x1b[K In function \xe2\x80\x98\x1b[01m\x1b[Kconst mavlink_msg_entry_t* mavlink_get_msg_entry(uint32_t)\x1b[m\x1b[K\xe2\x80\x99:\n'}
[7.967381] (usb_device_driver) StderrLine: {'line': b'\x1b[01m\x1b[K/home/miles/usb_ros2_ws/src/usb_device_driver/generated/include/mavlink/v2.0/robot_dog/robot_dog.h:31:42:\x1b[m\x1b[K \x1b[01;35m\x1b[Kwarning: \x1b[m\x1b[Kunsigned conversion from \xe2\x80\x98\x1b[01m\x1b[Kint\x1b[m\x1b[K\xe2\x80\x99 to \xe2\x80\x98\x1b[01m\x1b[Kuint8_t\x1b[m\x1b[K\xe2\x80\x99 {aka \xe2\x80\x98\x1b[01m\x1b[Kunsigned char\x1b[m\x1b[K\xe2\x80\x99} changes value from \xe2\x80\x98\x1b[01m\x1b[K260\x1b[m\x1b[K\xe2\x80\x99 to \xe2\x80\x98\x1b[01m\x1b[K4\x1b[m\x1b[K\xe2\x80\x99 [\x1b[01;35m\x1b[K\x1b]8;;https://gcc.gnu.org/onlinedocs/gcc/Warning-Options.html#index-Woverflow\x07-Woverflow\x1b]8;;\x07\x1b[m\x1b[K]\n'}
[7.967548] (usb_device_driver) StderrLine: {'line': b'   31 | #define MAVLINK_MESSAGE_CRCS {{230, 160, \x1b[01;35m\x1b[K260\x1b[m\x1b[K, 260, 0, 0, 0}, {231, 156, 272, 272, 0, 0, 0}, {232, 36, 48, 48, 0, 0, 0}}\n'}
[7.967632] (usb_device_driver) StderrLine: {'line': b'      |                                          \x1b[01;35m\x1b[K^~~\x1b[m\x1b[K\n'}
[7.967697] (usb_device_driver) StderrLine: {'line': b'\x1b[01m\x1b[K/home/miles/usb_ros2_ws/src/usb_device_driver/generated/include/mavlink/v2.0/robot_dog/../mavlink_helpers.h:520:67:\x1b[m\x1b[K \x1b[01;36m\x1b[Knote: \x1b[m\x1b[Kin expansion of macro \xe2\x80\x98\x1b[01m\x1b[KMAVLINK_MESSAGE_CRCS\x1b[m\x1b[K\xe2\x80\x99\n'}
[7.967767] (usb_device_driver) StderrLine: {'line': b'  520 |         static const mavlink_msg_entry_t mavlink_message_crcs[] = \x1b[01;36m\x1b[KMAVLINK_MESSAGE_CRCS\x1b[m\x1b[K;\n'}
[7.967831] (usb_device_driver) StderrLine: {'line': b'      |                                                                   \x1b[01;36m\x1b[K^~~~~~~~~~~~~~~~~~~~\x1b[m\x1b[K\n'}
[7.967887] (usb_device_driver) StderrLine: {'line': b'\x1b[01m\x1b[K/home/miles/usb_ros2_ws/src/usb_device_driver/generated/include/mavlink/v2.0/robot_dog/robot_dog.h:31:47:\x1b[m\x1b[K \x1b[01;35m\x1b[Kwarning: \x1b[m\x1b[Kunsigned conversion from \xe2\x80\x98\x1b[01m\x1b[Kint\x1b[m\x1b[K\xe2\x80\x99 to \xe2\x80\x98\x1b[01m\x1b[Kuint8_t\x1b[m\x1b[K\xe2\x80\x99 {aka \xe2\x80\x98\x1b[01m\x1b[Kunsigned char\x1b[m\x1b[K\xe2\x80\x99} changes value from \xe2\x80\x98\x1b[01m\x1b[K260\x1b[m\x1b[K\xe2\x80\x99 to \xe2\x80\x98\x1b[01m\x1b[K4\x1b[m\x1b[K\xe2\x80\x99 [\x1b[01;35m\x1b[K\x1b]8;;https://gcc.gnu.org/onlinedocs/gcc/Warning-Options.html#index-Woverflow\x07-Woverflow\x1b]8;;\x07\x1b[m\x1b[K]\n'}
[7.967949] (usb_device_driver) StderrLine: {'line': b'   31 | #define MAVLINK_MESSAGE_CRCS {{230, 160, 260, \x1b[01;35m\x1b[K260\x1b[m\x1b[K, 0, 0, 0}, {231, 156, 272, 272, 0, 0, 0}, {232, 36, 48, 48, 0, 0, 0}}\n'}
[7.968010] (usb_device_driver) StderrLine: {'line': b'      |                                               \x1b[01;35m\x1b[K^~~\x1b[m\x1b[K\n'}
[7.968067] (usb_device_driver) StderrLine: {'line': b'\x1b[01m\x1b[K/home/miles/usb_ros2_ws/src/usb_device_driver/generated/include/mavlink/v2.0/robot_dog/../mavlink_helpers.h:520:67:\x1b[m\x1b[K \x1b[01;36m\x1b[Knote: \x1b[m\x1b[Kin expansion of macro \xe2\x80\x98\x1b[01m\x1b[KMAVLINK_MESSAGE_CRCS\x1b[m\x1b[K\xe2\x80\x99\n'}
[7.968127] (usb_device_driver) StderrLine: {'line': b'  520 |         static const mavlink_msg_entry_t mavlink_message_crcs[] = \x1b[01;36m\x1b[KMAVLINK_MESSAGE_CRCS\x1b[m\x1b[K;\n'}
[7.968217] (usb_device_driver) StderrLine: {'line': b'      |                                                                   \x1b[01;36m\x1b[K^~~~~~~~~~~~~~~~~~~~\x1b[m\x1b[K\n'}
[7.968287] (usb_device_driver) StderrLine: {'line': b'\x1b[01m\x1b[K/home/miles/usb_ros2_ws/src/usb_device_driver/generated/include/mavlink/v2.0/robot_dog/robot_dog.h:31:73:\x1b[m\x1b[K \x1b[01;35m\x1b[Kwarning: \x1b[m\x1b[Kunsigned conversion from \xe2\x80\x98\x1b[01m\x1b[Kint\x1b[m\x1b[K\xe2\x80\x99 to \xe2\x80\x98\x1b[01m\x1b[Kuint8_t\x1b[m\x1b[K\xe2\x80\x99 {aka \xe2\x80\x98\x1b[01m\x1b[Kunsigned char\x1b[m\x1b[K\xe2\x80\x99} changes value from \xe2\x80\x98\x1b[01m\x1b[K272\x1b[m\x1b[K\xe2\x80\x99 to \xe2\x80\x98\x1b[01m\x1b[K16\x1b[m\x1b[K\xe2\x80\x99 [\x1b[01;35m\x1b[K\x1b]8;;https://gcc.gnu.org/onlinedocs/gcc/Warning-Options.html#index-Woverflow\x07-Woverflow\x1b]8;;\x07\x1b[m\x1b[K]\n'}
[7.968349] (usb_device_driver) StderrLine: {'line': b'   31 | #define MAVLINK_MESSAGE_CRCS {{230, 160, 260, 260, 0, 0, 0}, {231, 156, \x1b[01;35m\x1b[K272\x1b[m\x1b[K, 272, 0, 0, 0}, {232, 36, 48, 48, 0, 0, 0}}\n'}
[7.968404] (usb_device_driver) StderrLine: {'line': b'      |                                                                         \x1b[01;35m\x1b[K^~~\x1b[m\x1b[K\n'}
[7.968458] (usb_device_driver) StderrLine: {'line': b'\x1b[01m\x1b[K/home/miles/usb_ros2_ws/src/usb_device_driver/generated/include/mavlink/v2.0/robot_dog/../mavlink_helpers.h:520:67:\x1b[m\x1b[K \x1b[01;36m\x1b[Knote: \x1b[m\x1b[Kin expansion of macro \xe2\x80\x98\x1b[01m\x1b[KMAVLINK_MESSAGE_CRCS\x1b[m\x1b[K\xe2\x80\x99\n'}
[7.968519] (usb_device_driver) StderrLine: {'line': b'  520 |         static const mavlink_msg_entry_t mavlink_message_crcs[] = \x1b[01;36m\x1b[KMAVLINK_MESSAGE_CRCS\x1b[m\x1b[K;\n'}
[7.968573] (usb_device_driver) StderrLine: {'line': b'      |                                                                   \x1b[01;36m\x1b[K^~~~~~~~~~~~~~~~~~~~\x1b[m\x1b[K\n'}
[7.968633] (usb_device_driver) StderrLine: {'line': b'\x1b[01m\x1b[K/home/miles/usb_ros2_ws/src/usb_device_driver/generated/include/mavlink/v2.0/robot_dog/robot_dog.h:31:78:\x1b[m\x1b[K \x1b[01;35m\x1b[Kwarning: \x1b[m\x1b[Kunsigned conversion from \xe2\x80\x98\x1b[01m\x1b[Kint\x1b[m\x1b[K\xe2\x80\x99 to \xe2\x80\x98\x1b[01m\x1b[Kuint8_t\x1b[m\x1b[K\xe2\x80\x99 {aka \xe2\x80\x98\x1b[01m\x1b[Kunsigned char\x1b[m\x1b[K\xe2\x80\x99} changes value from \xe2\x80\x98\x1b[01m\x1b[K272\x1b[m\x1b[K\xe2\x80\x99 to \xe2\x80\x98\x1b[01m\x1b[K16\x1b[m\x1b[K\xe2\x80\x99 [\x1b[01;35m\x1b[K\x1b]8;;https://gcc.gnu.org/onlinedocs/gcc/Warning-Options.html#index-Woverflow\x07-Woverflow\x1b]8;;\x07\x1b[m\x1b[K]\n'}
[7.968689] (usb_device_driver) StderrLine: {'line': b'   31 | #define MAVLINK_MESSAGE_CRCS {{230, 160, 260, 260, 0, 0, 0}, {231, 156, 272, \x1b[01;35m\x1b[K272\x1b[m\x1b[K, 0, 0, 0}, {232, 36, 48, 48, 0, 0, 0}}\n'}
[7.968743] (usb_device_driver) StderrLine: {'line': b'      |                                                                              \x1b[01;35m\x1b[K^~~\x1b[m\x1b[K\n'}
[7.968796] (usb_device_driver) StderrLine: {'line': b'\x1b[01m\x1b[K/home/miles/usb_ros2_ws/src/usb_device_driver/generated/include/mavlink/v2.0/robot_dog/../mavlink_helpers.h:520:67:\x1b[m\x1b[K \x1b[01;36m\x1b[Knote: \x1b[m\x1b[Kin expansion of macro \xe2\x80\x98\x1b[01m\x1b[KMAVLINK_MESSAGE_CRCS\x1b[m\x1b[K\xe2\x80\x99\n'}
[7.968854] (usb_device_driver) StderrLine: {'line': b'  520 |         static const mavlink_msg_entry_t mavlink_message_crcs[] = \x1b[01;36m\x1b[KMAVLINK_MESSAGE_CRCS\x1b[m\x1b[K;\n'}
[7.968906] (usb_device_driver) StderrLine: {'line': b'      |                                                                   \x1b[01;36m\x1b[K^~~~~~~~~~~~~~~~~~~~\x1b[m\x1b[K\n'}
[7.971570] (usb_device_driver) StderrLine: {'line': b'In file included from \x1b[01m\x1b[K/home/miles/usb_ros2_ws/src/usb_device_driver/generated/include/mavlink/v2.0/robot_dog/robot_dog.h:57\x1b[m\x1b[K,\n'}
[7.972000] (usb_device_driver) StderrLine: {'line': b'                 from \x1b[01m\x1b[K/home/miles/usb_ros2_ws/src/usb_device_driver/generated/include/mavlink/v2.0/robot_dog/mavlink.h:39\x1b[m\x1b[K,\n'}
[7.972386] (usb_device_driver) StderrLine: {'line': b'                 from \x1b[01m\x1b[K/home/miles/usb_ros2_ws/src/usb_device_driver/include/usb_device_driver/usb_reader_node.hpp:20\x1b[m\x1b[K,\n'}
[7.972564] (usb_device_driver) StderrLine: {'line': b'                 from \x1b[01m\x1b[K/home/miles/usb_ros2_ws/src/usb_device_driver/src/main.cpp:1\x1b[m\x1b[K:\n'}
[7.972642] (usb_device_driver) StderrLine: {'line': b'\x1b[01m\x1b[K/home/miles/usb_ros2_ws/src/usb_device_driver/generated/include/mavlink/v2.0/robot_dog/./mavlink_msg_dog_motors_cmd.h:\x1b[m\x1b[K In function \xe2\x80\x98\x1b[01m\x1b[Kuint16_t mavlink_msg_dog_motors_cmd_pack(uint8_t, uint8_t, mavlink_message_t*, uint64_t, const uint8_t*, const float*, const float*, const float*, const float*, const float*)\x1b[m\x1b[K\xe2\x80\x99:\n'}
[7.972710] (usb_device_driver) StderrLine: {'line': b'\x1b[01m\x1b[K/home/miles/usb_ros2_ws/src/usb_device_driver/generated/include/mavlink/v2.0/robot_dog/./mavlink_msg_dog_motors_cmd.h:18:47:\x1b[m\x1b[K \x1b[01;35m\x1b[Kwarning: \x1b[m\x1b[Kunsigned conversion from \xe2\x80\x98\x1b[01m\x1b[Kint\x1b[m\x1b[K\xe2\x80\x99 to \xe2\x80\x98\x1b[01m\x1b[Kuint8_t\x1b[m\x1b[K\xe2\x80\x99 {aka \xe2\x80\x98\x1b[01m\x1b[Kunsigned char\x1b[m\x1b[K\xe2\x80\x99} changes value from \xe2\x80\x98\x1b[01m\x1b[K260\x1b[m\x1b[K\xe2\x80\x99 to \xe2\x80\x98\x1b[01m\x1b[K4\x1b[m\x1b[K\xe2\x80\x99 [\x1b[01;35m\x1b[K\x1b]8;;https://gcc.gnu.org/onlinedocs/gcc/Warning-Options.html#index-Woverflow\x07-Woverflow\x1b]8;;\x07\x1b[m\x1b[K]\n'}
[7.972881] (usb_device_driver) StderrLine: {'line': b'   18 | #define MAVLINK_MSG_ID_DOG_MOTORS_CMD_MIN_LEN \x1b[01;35m\x1b[K260\x1b[m\x1b[K\n'}
[7.972948] (usb_device_driver) StderrLine: {'line': b'      |                                               \x1b[01;35m\x1b[K^~~\x1b[m\x1b[K\n'}
[7.973006] (usb_device_driver) StderrLine: {'line': b'\x1b[01m\x1b[K/home/miles/usb_ros2_ws/src/usb_device_driver/generated/include/mavlink/v2.0/robot_dog/./mavlink_msg_dog_motors_cmd.h:102:67:\x1b[m\x1b[K \x1b[01;36m\x1b[Knote: \x1b[m\x1b[Kin expansion of macro \xe2\x80\x98\x1b[01m\x1b[KMAVLINK_MSG_ID_DOG_MOTORS_CMD_MIN_LEN\x1b[m\x1b[K\xe2\x80\x99\n'}
[7.973072] (usb_device_driver) StderrLine: {'line': b'  102 |     return mavlink_finalize_message(msg, system_id, component_id, \x1b[01;36m\x1b[KMAVLINK_MSG_ID_DOG_MOTORS_CMD_MIN_LEN\x1b[m\x1b[K, MAVLINK_MSG_ID_DOG_MOTORS_CMD_LEN, MAVLINK_MSG_ID_DOG_MOTORS_CMD_CRC);\n'}
[7.973137] (usb_device_driver) StderrLine: {'line': b'      |                                                                   \x1b[01;36m\x1b[K^~~~~~~~~~~~~~~~~~~~~~~~~~~~~~~~~~~~~\x1b[m\x1b[K\n'}
[7.973218] (usb_device_driver) StderrLine: {'line': b'\x1b[01m\x1b[K/home/miles/usb_ros2_ws/src/usb_device_driver/generated/include/mavlink/v2.0/robot_dog/./mavlink_msg_dog_motors_cmd.h:17:43:\x1b[m\x1b[K \x1b[01;35m\x1b[Kwarning: \x1b[m\x1b[Kunsigned conversion from \xe2\x80\x98\x1b[01m\x1b[Kint\x1b[m\x1b[K\xe2\x80\x99 to \xe2\x80\x98\x1b[01m\x1b[Kuint8_t\x1b[m\x1b[K\xe2\x80\x99 {aka \xe2\x80\x98\x1b[01m\x1b[Kunsigned char\x1b[m\x1b[K\xe2\x80\x99} changes value from \xe2\x80\x98\x1b[01m\x1b[K260\x1b[m\x1b[K\xe2\x80\x99 to \xe2\x80\x98\x1b[01m\x1b[K4\x1b[m\x1b[K\xe2\x80\x99 [\x1b[01;35m\x1b[K\x1b]8;;https://gcc.gnu.org/onlinedocs/gcc/Warning-Options.html#index-Woverflow\x07-Woverflow\x1b]8;;\x07\x1b[m\x1b[K]\n'}
[7.973279] (usb_device_driver) StderrLine: {'line': b'   17 | #define MAVLINK_MSG_ID_DOG_MOTORS_CMD_LEN \x1b[01;35m\x1b[K260\x1b[m\x1b[K\n'}
[7.973335] (usb_device_driver) StderrLine: {'line': b'      |                                           \x1b[01;35m\x1b[K^~~\x1b[m\x1b[K\n'}
[7.973389] (usb_device_driver) StderrLine: {'line': b'\x1b[01m\x1b[K/home/miles/usb_ros2_ws/src/usb_device_driver/generated/include/mavlink/v2.0/robot_dog/./mavlink_msg_dog_motors_cmd.h:102:106:\x1b[m\x1b[K \x1b[01;36m\x1b[Knote: \x1b[m\x1b[Kin expansion of macro \xe2\x80\x98\x1b[01m\x1b[KMAVLINK_MSG_ID_DOG_MOTORS_CMD_LEN\x1b[m\x1b[K\xe2\x80\x99\n'}
[7.973445] (usb_device_driver) StderrLine: {'line': b'  102 | n mavlink_finalize_message(msg, system_id, component_id, MAVLINK_MSG_ID_DOG_MOTORS_CMD_MIN_LEN, \x1b[01;36m\x1b[KMAVLINK_MSG_ID_DOG_MOTORS_CMD_LEN\x1b[m\x1b[K, MAVLINK_MSG_ID_DOG_MOTORS_CMD_CRC);\n'}
[7.973657] (usb_device_driver) StderrLine: {'line': b'      |                                                                                                 \x1b[01;36m\x1b[K^~~~~~~~~~~~~~~~~~~~~~~~~~~~~~~~~\x1b[m\x1b[K\n'}
[7.973776] (usb_device_driver) StderrLine: {'line': b'\n'}
[7.973863] (usb_device_driver) StderrLine: {'line': b'\x1b[01m\x1b[K/home/miles/usb_ros2_ws/src/usb_device_driver/generated/include/mavlink/v2.0/robot_dog/./mavlink_msg_dog_motors_cmd.h:\x1b[m\x1b[K In function \xe2\x80\x98\x1b[01m\x1b[Kuint16_t mavlink_msg_dog_motors_cmd_pack_status(uint8_t, uint8_t, mavlink_status_t*, mavlink_message_t*, uint64_t, const uint8_t*, const float*, const float*, const float*, const float*, const float*)\x1b[m\x1b[K\xe2\x80\x99:\n'}
[7.973994] (usb_device_driver) StderrLine: {'line': b'\x1b[01m\x1b[K/home/miles/usb_ros2_ws/src/usb_device_driver/generated/include/mavlink/v2.0/robot_dog/./mavlink_msg_dog_motors_cmd.h:18:47:\x1b[m\x1b[K \x1b[01;35m\x1b[Kwarning: \x1b[m\x1b[Kunsigned conversion from \xe2\x80\x98\x1b[01m\x1b[Kint\x1b[m\x1b[K\xe2\x80\x99 to \xe2\x80\x98\x1b[01m\x1b[Kuint8_t\x1b[m\x1b[K\xe2\x80\x99 {aka \xe2\x80\x98\x1b[01m\x1b[Kunsigned char\x1b[m\x1b[K\xe2\x80\x99} changes value from \xe2\x80\x98\x1b[01m\x1b[K260\x1b[m\x1b[K\xe2\x80\x99 to \xe2\x80\x98\x1b[01m\x1b[K4\x1b[m\x1b[K\xe2\x80\x99 [\x1b[01;35m\x1b[K\x1b]8;;https://gcc.gnu.org/onlinedocs/gcc/Warning-Options.html#index-Woverflow\x07-Woverflow\x1b]8;;\x07\x1b[m\x1b[K]\n'}
[7.974158] (usb_device_driver) StderrLine: {'line': b'   18 | #define MAVLINK_MSG_ID_DOG_MOTORS_CMD_MIN_LEN \x1b[01;35m\x1b[K260\x1b[m\x1b[K\n'}
[7.974298] (usb_device_driver) StderrLine: {'line': b'      |                                               \x1b[01;35m\x1b[K^~~\x1b[m\x1b[K\n'}
[7.974376] (usb_device_driver) StderrLine: {'line': b'\x1b[01m\x1b[K/home/miles/usb_ros2_ws/src/usb_device_driver/generated/include/mavlink/v2.0/robot_dog/./mavlink_msg_dog_motors_cmd.h:148:83:\x1b[m\x1b[K \x1b[01;36m\x1b[Knote: \x1b[m\x1b[Kin expansion of macro \xe2\x80\x98\x1b[01m\x1b[KMAVLINK_MSG_ID_DOG_MOTORS_CMD_MIN_LEN\x1b[m\x1b[K\xe2\x80\x99\n'}
[7.974499] (usb_device_driver) StderrLine: {'line': b'  148 |     return mavlink_finalize_message_buffer(msg, system_id, component_id, _status, \x1b[01;36m\x1b[KMAVLINK_MSG_ID_DOG_MOTORS_CMD_MIN_LEN\x1b[m\x1b[K, MAVLINK_MSG_ID_DOG_MOTORS_CMD_LEN, MAVLINK_MSG_ID_DOG_MOTORS_CMD_CRC);\n'}
[7.974581] (usb_device_driver) StderrLine: {'line': b'      |                                                                                   \x1b[01;36m\x1b[K^~~~~~~~~~~~~~~~~~~~~~~~~~~~~~~~~~~~~\x1b[m\x1b[K\n'}
[7.974702] (usb_device_driver) StderrLine: {'line': b'\x1b[01m\x1b[K/home/miles/usb_ros2_ws/src/usb_device_driver/generated/include/mavlink/v2.0/robot_dog/./mavlink_msg_dog_motors_cmd.h:17:43:\x1b[m\x1b[K \x1b[01;35m\x1b[Kwarning: \x1b[m\x1b[Kunsigned conversion from \xe2\x80\x98\x1b[01m\x1b[Kint\x1b[m\x1b[K\xe2\x80\x99 to \xe2\x80\x98\x1b[01m\x1b[Kuint8_t\x1b[m\x1b[K\xe2\x80\x99 {aka \xe2\x80\x98\x1b[01m\x1b[Kunsigned char\x1b[m\x1b[K\xe2\x80\x99} changes value from \xe2\x80\x98\x1b[01m\x1b[K260\x1b[m\x1b[K\xe2\x80\x99 to \xe2\x80\x98\x1b[01m\x1b[K4\x1b[m\x1b[K\xe2\x80\x99 [\x1b[01;35m\x1b[K\x1b]8;;https://gcc.gnu.org/onlinedocs/gcc/Warning-Options.html#index-Woverflow\x07-Woverflow\x1b]8;;\x07\x1b[m\x1b[K]\n'}
[7.974775] (usb_device_driver) StderrLine: {'line': b'   17 | #define MAVLINK_MSG_ID_DOG_MOTORS_CMD_LEN \x1b[01;35m\x1b[K260\x1b[m\x1b[K\n'}
[7.974851] (usb_device_driver) StderrLine: {'line': b'      |                                           \x1b[01;35m\x1b[K^~~\x1b[m\x1b[K\n'}
[7.974927] (usb_device_driver) StderrLine: {'line': b'\x1b[01m\x1b[K/home/miles/usb_ros2_ws/src/usb_device_driver/generated/include/mavlink/v2.0/robot_dog/./mavlink_msg_dog_motors_cmd.h:148:122:\x1b[m\x1b[K \x1b[01;36m\x1b[Knote: \x1b[m\x1b[Kin expansion of macro \xe2\x80\x98\x1b[01m\x1b[KMAVLINK_MSG_ID_DOG_MOTORS_CMD_LEN\x1b[m\x1b[K\xe2\x80\x99\n'}
[7.974996] (usb_device_driver) StderrLine: {'line': b'  148 | ze_message_buffer(msg, system_id, component_id, _status, MAVLINK_MSG_ID_DOG_MOTORS_CMD_MIN_LEN, \x1b[01;36m\x1b[KMAVLINK_MSG_ID_DOG_MOTORS_CMD_LEN\x1b[m\x1b[K, MAVLINK_MSG_ID_DOG_MOTORS_CMD_CRC);\n'}
[7.975070] (usb_device_driver) StderrLine: {'line': b'      |                                                                                                 \x1b[01;36m\x1b[K^~~~~~~~~~~~~~~~~~~~~~~~~~~~~~~~~\x1b[m\x1b[K\n'}
[7.975144] (usb_device_driver) StderrLine: {'line': b'\n'}
[7.975236] (usb_device_driver) StderrLine: {'line': b'\x1b[01m\x1b[K/home/miles/usb_ros2_ws/src/usb_device_driver/generated/include/mavlink/v2.0/robot_dog/./mavlink_msg_dog_motors_cmd.h:\x1b[m\x1b[K In function \xe2\x80\x98\x1b[01m\x1b[Kuint16_t mavlink_msg_dog_motors_cmd_pack_chan(uint8_t, uint8_t, uint8_t, mavlink_message_t*, uint64_t, const uint8_t*, const float*, const float*, const float*, const float*, const float*)\x1b[m\x1b[K\xe2\x80\x99:\n'}
[7.975318] (usb_device_driver) StderrLine: {'line': b'\x1b[01m\x1b[K/home/miles/usb_ros2_ws/src/usb_device_driver/generated/include/mavlink/v2.0/robot_dog/./mavlink_msg_dog_motors_cmd.h:18:47:\x1b[m\x1b[K \x1b[01;35m\x1b[Kwarning: \x1b[m\x1b[Kunsigned conversion from \xe2\x80\x98\x1b[01m\x1b[Kint\x1b[m\x1b[K\xe2\x80\x99 to \xe2\x80\x98\x1b[01m\x1b[Kuint8_t\x1b[m\x1b[K\xe2\x80\x99 {aka \xe2\x80\x98\x1b[01m\x1b[Kunsigned char\x1b[m\x1b[K\xe2\x80\x99} changes value from \xe2\x80\x98\x1b[01m\x1b[K260\x1b[m\x1b[K\xe2\x80\x99 to \xe2\x80\x98\x1b[01m\x1b[K4\x1b[m\x1b[K\xe2\x80\x99 [\x1b[01;35m\x1b[K\x1b]8;;https://gcc.gnu.org/onlinedocs/gcc/Warning-Options.html#index-Woverflow\x07-Woverflow\x1b]8;;\x07\x1b[m\x1b[K]\n'}
[7.975418] (usb_device_driver) StderrLine: {'line': b'   18 | #define MAVLINK_MSG_ID_DOG_MOTORS_CMD_MIN_LEN \x1b[01;35m\x1b[K260\x1b[m\x1b[K\n'}
[7.975500] (usb_device_driver) StderrLine: {'line': b'      |                                               \x1b[01;35m\x1b[K^~~\x1b[m\x1b[K\n'}
[7.975572] (usb_device_driver) StderrLine: {'line': b'\x1b[01m\x1b[K/home/miles/usb_ros2_ws/src/usb_device_driver/generated/include/mavlink/v2.0/robot_dog/./mavlink_msg_dog_motors_cmd.h:196:78:\x1b[m\x1b[K \x1b[01;36m\x1b[Knote: \x1b[m\x1b[Kin expansion of macro \xe2\x80\x98\x1b[01m\x1b[KMAVLINK_MSG_ID_DOG_MOTORS_CMD_MIN_LEN\x1b[m\x1b[K\xe2\x80\x99\n'}
[7.975642] (usb_device_driver) StderrLine: {'line': b'  196 |     return mavlink_finalize_message_chan(msg, system_id, component_id, chan, \x1b[01;36m\x1b[KMAVLINK_MSG_ID_DOG_MOTORS_CMD_MIN_LEN\x1b[m\x1b[K, MAVLINK_MSG_ID_DOG_MOTORS_CMD_LEN, MAVLINK_MSG_ID_DOG_MOTORS_CMD_CRC);\n'}
[7.975712] (usb_device_driver) StderrLine: {'line': b'      |                                                                              \x1b[01;36m\x1b[K^~~~~~~~~~~~~~~~~~~~~~~~~~~~~~~~~~~~~\x1b[m\x1b[K\n'}
[7.975781] (usb_device_driver) StderrLine: {'line': b'\x1b[01m\x1b[K/home/miles/usb_ros2_ws/src/usb_device_driver/generated/include/mavlink/v2.0/robot_dog/./mavlink_msg_dog_motors_cmd.h:17:43:\x1b[m\x1b[K \x1b[01;35m\x1b[Kwarning: \x1b[m\x1b[Kunsigned conversion from \xe2\x80\x98\x1b[01m\x1b[Kint\x1b[m\x1b[K\xe2\x80\x99 to \xe2\x80\x98\x1b[01m\x1b[Kuint8_t\x1b[m\x1b[K\xe2\x80\x99 {aka \xe2\x80\x98\x1b[01m\x1b[Kunsigned char\x1b[m\x1b[K\xe2\x80\x99} changes value from \xe2\x80\x98\x1b[01m\x1b[K260\x1b[m\x1b[K\xe2\x80\x99 to \xe2\x80\x98\x1b[01m\x1b[K4\x1b[m\x1b[K\xe2\x80\x99 [\x1b[01;35m\x1b[K\x1b]8;;https://gcc.gnu.org/onlinedocs/gcc/Warning-Options.html#index-Woverflow\x07-Woverflow\x1b]8;;\x07\x1b[m\x1b[K]\n'}
[7.975925] (usb_device_driver) StderrLine: {'line': b'   17 | #define MAVLINK_MSG_ID_DOG_MOTORS_CMD_LEN \x1b[01;35m\x1b[K260\x1b[m\x1b[K\n'}
[7.975990] (usb_device_driver) StderrLine: {'line': b'      |                                           \x1b[01;35m\x1b[K^~~\x1b[m\x1b[K\n'}
[7.976066] (usb_device_driver) StderrLine: {'line': b'\x1b[01m\x1b[K/home/miles/usb_ros2_ws/src/usb_device_driver/generated/include/mavlink/v2.0/robot_dog/./mavlink_msg_dog_motors_cmd.h:196:117:\x1b[m\x1b[K \x1b[01;36m\x1b[Knote: \x1b[m\x1b[Kin expansion of macro \xe2\x80\x98\x1b[01m\x1b[KMAVLINK_MSG_ID_DOG_MOTORS_CMD_LEN\x1b[m\x1b[K\xe2\x80\x99\n'}
[7.976151] (usb_device_driver) StderrLine: {'line': b'  196 | inalize_message_chan(msg, system_id, component_id, chan, MAVLINK_MSG_ID_DOG_MOTORS_CMD_MIN_LEN, \x1b[01;36m\x1b[KMAVLINK_MSG_ID_DOG_MOTORS_CMD_LEN\x1b[m\x1b[K, MAVLINK_MSG_ID_DOG_MOTORS_CMD_CRC);\n'}
[7.976271] (usb_device_driver) StderrLine: {'line': b'      |                                                                                                 \x1b[01;36m\x1b[K^~~~~~~~~~~~~~~~~~~~~~~~~~~~~~~~~\x1b[m\x1b[K\n'}
[7.976338] (usb_device_driver) StderrLine: {'line': b'\n'}
[7.976408] (usb_device_driver) StderrLine: {'line': b'In file included from \x1b[01m\x1b[K/home/miles/usb_ros2_ws/src/usb_device_driver/generated/include/mavlink/v2.0/robot_dog/robot_dog.h:57\x1b[m\x1b[K,\n'}
[7.976492] (usb_device_driver) StderrLine: {'line': b'                 from \x1b[01m\x1b[K/home/miles/usb_ros2_ws/src/usb_device_driver/generated/include/mavlink/v2.0/robot_dog/mavlink.h:39\x1b[m\x1b[K,\n'}
[7.976566] (usb_device_driver) StderrLine: {'line': b'                 from \x1b[01m\x1b[K/home/miles/usb_ros2_ws/src/usb_device_driver/include/usb_device_driver/usb_reader_node.hpp:20\x1b[m\x1b[K,\n'}
[7.976631] (usb_device_driver) StderrLine: {'line': b'                 from \x1b[01m\x1b[K/home/miles/usb_ros2_ws/src/usb_device_driver/src/main.cpp:1\x1b[m\x1b[K:\n'}
[7.976684] (usb_device_driver) StderrLine: {'line': b'\x1b[01m\x1b[K/home/miles/usb_ros2_ws/src/usb_device_driver/generated/include/mavlink/v2.0/robot_dog/./mavlink_msg_dog_motors_cmd.h:\x1b[m\x1b[K In function \xe2\x80\x98\x1b[01m\x1b[Kvoid mavlink_msg_dog_motors_cmd_decode(const mavlink_message_t*, mavlink_dog_motors_cmd_t*)\x1b[m\x1b[K\xe2\x80\x99:\n'}
[7.976743] (usb_device_driver) StderrLine: {'line': b'\x1b[01m\x1b[K/home/miles/usb_ros2_ws/src/usb_device_driver/generated/include/mavlink/v2.0/robot_dog/./mavlink_msg_dog_motors_cmd.h:419:32:\x1b[m\x1b[K \x1b[01;35m\x1b[Kwarning: \x1b[m\x1b[Kcomparison is always true due to limited range of data type [\x1b[01;35m\x1b[K\x1b]8;;https://gcc.gnu.org/onlinedocs/gcc/Warning-Options.html#index-Wtype-limits\x07-Wtype-limits\x1b]8;;\x07\x1b[m\x1b[K]\n'}
[7.976806] (usb_device_driver) StderrLine: {'line': b'  419 |         uint8_t len = msg->len \x1b[01;35m\x1b[K<\x1b[m\x1b[K MAVLINK_MSG_ID_DOG_MOTORS_CMD_LEN? msg->len : MAVLINK_MSG_ID_DOG_MOTORS_CMD_LEN;\n'}
[7.976871] (usb_device_driver) StderrLine: {'line': b'      |                                \x1b[01;35m\x1b[K^\x1b[m\x1b[K\n'}
[7.976931] (usb_device_driver) StderrLine: {'line': b'In file included from \x1b[01m\x1b[K/home/miles/usb_ros2_ws/src/usb_device_driver/generated/include/mavlink/v2.0/robot_dog/robot_dog.h:58\x1b[m\x1b[K,\n'}
[7.976988] (usb_device_driver) StderrLine: {'line': b'                 from \x1b[01m\x1b[K/home/miles/usb_ros2_ws/src/usb_device_driver/generated/include/mavlink/v2.0/robot_dog/mavlink.h:39\x1b[m\x1b[K,\n'}
[7.977040] (usb_device_driver) StderrLine: {'line': b'                 from \x1b[01m\x1b[K/home/miles/usb_ros2_ws/src/usb_device_driver/include/usb_device_driver/usb_reader_node.hpp:20\x1b[m\x1b[K,\n'}
[7.977092] (usb_device_driver) StderrLine: {'line': b'                 from \x1b[01m\x1b[K/home/miles/usb_ros2_ws/src/usb_device_driver/src/main.cpp:1\x1b[m\x1b[K:\n'}
[7.977160] (usb_device_driver) StderrLine: {'line': b'\x1b[01m\x1b[K/home/miles/usb_ros2_ws/src/usb_device_driver/generated/include/mavlink/v2.0/robot_dog/./mavlink_msg_dog_motors_state.h:\x1b[m\x1b[K In function \xe2\x80\x98\x1b[01m\x1b[Kuint16_t mavlink_msg_dog_motors_state_pack(uint8_t, uint8_t, mavlink_message_t*, uint64_t, const uint8_t*, const float*, const float*, const float*, const float*, const float*, const uint8_t*)\x1b[m\x1b[K\xe2\x80\x99:\n'}
[7.977240] (usb_device_driver) StderrLine: {'line': b'\x1b[01m\x1b[K/home/miles/usb_ros2_ws/src/usb_device_driver/generated/include/mavlink/v2.0/robot_dog/./mavlink_msg_dog_motors_state.h:19:49:\x1b[m\x1b[K \x1b[01;35m\x1b[Kwarning: \x1b[m\x1b[Kunsigned conversion from \xe2\x80\x98\x1b[01m\x1b[Kint\x1b[m\x1b[K\xe2\x80\x99 to \xe2\x80\x98\x1b[01m\x1b[Kuint8_t\x1b[m\x1b[K\xe2\x80\x99 {aka \xe2\x80\x98\x1b[01m\x1b[Kunsigned char\x1b[m\x1b[K\xe2\x80\x99} changes value from \xe2\x80\x98\x1b[01m\x1b[K272\x1b[m\x1b[K\xe2\x80\x99 to \xe2\x80\x98\x1b[01m\x1b[K16\x1b[m\x1b[K\xe2\x80\x99 [\x1b[01;35m\x1b[K\x1b]8;;https://gcc.gnu.org/onlinedocs/gcc/Warning-Options.html#index-Woverflow\x07-Woverflow\x1b]8;;\x07\x1b[m\x1b[K]\n'}
[7.977304] (usb_device_driver) StderrLine: {'line': b'   19 | #define MAVLINK_MSG_ID_DOG_MOTORS_STATE_MIN_LEN \x1b[01;35m\x1b[K272\x1b[m\x1b[K\n'}
[7.977363] (usb_device_driver) StderrLine: {'line': b'      |                                                 \x1b[01;35m\x1b[K^~~\x1b[m\x1b[K\n'}
[7.977419] (usb_device_driver) StderrLine: {'line': b'\x1b[01m\x1b[K/home/miles/usb_ros2_ws/src/usb_device_driver/generated/include/mavlink/v2.0/robot_dog/./mavlink_msg_dog_motors_state.h:109:67:\x1b[m\x1b[K \x1b[01;36m\x1b[Knote: \x1b[m\x1b[Kin expansion of macro \xe2\x80\x98\x1b[01m\x1b[KMAVLINK_MSG_ID_DOG_MOTORS_STATE_MIN_LEN\x1b[m\x1b[K\xe2\x80\x99\n'}
[7.977476] (usb_device_driver) StderrLine: {'line': b'  109 |     return mavlink_finalize_message(msg, system_id, component_id, \x1b[01;36m\x1b[KMAVLINK_MSG_ID_DOG_MOTORS_STATE_MIN_LEN\x1b[m\x1b[K, MAVLINK_MSG_ID_DOG_MOTORS_STATE_LEN, MAVLINK_MSG_ID_DOG_MOTORS_STATE_CRC);\n'}
[7.977544] (usb_device_driver) StderrLine: {'line': b'      |                                                                   \x1b[01;36m\x1b[K^~~~~~~~~~~~~~~~~~~~~~~~~~~~~~~~~~~~~~~\x1b[m\x1b[K\n'}
[7.977600] (usb_device_driver) StderrLine: {'line': b'\x1b[01m\x1b[K/home/miles/usb_ros2_ws/src/usb_device_driver/generated/include/mavlink/v2.0/robot_dog/./mavlink_msg_dog_motors_state.h:18:45:\x1b[m\x1b[K \x1b[01;35m\x1b[Kwarning: \x1b[m\x1b[Kunsigned conversion from \xe2\x80\x98\x1b[01m\x1b[Kint\x1b[m\x1b[K\xe2\x80\x99 to \xe2\x80\x98\x1b[01m\x1b[Kuint8_t\x1b[m\x1b[K\xe2\x80\x99 {aka \xe2\x80\x98\x1b[01m\x1b[Kunsigned char\x1b[m\x1b[K\xe2\x80\x99} changes value from \xe2\x80\x98\x1b[01m\x1b[K272\x1b[m\x1b[K\xe2\x80\x99 to \xe2\x80\x98\x1b[01m\x1b[K16\x1b[m\x1b[K\xe2\x80\x99 [\x1b[01;35m\x1b[K\x1b]8;;https://gcc.gnu.org/onlinedocs/gcc/Warning-Options.html#index-Woverflow\x07-Woverflow\x1b]8;;\x07\x1b[m\x1b[K]\n'}
[7.977664] (usb_device_driver) StderrLine: {'line': b'   18 | #define MAVLINK_MSG_ID_DOG_MOTORS_STATE_LEN \x1b[01;35m\x1b[K272\x1b[m\x1b[K\n'}
[7.977718] (usb_device_driver) StderrLine: {'line': b'      |                                             \x1b[01;35m\x1b[K^~~\x1b[m\x1b[K\n'}
[7.977770] (usb_device_driver) StderrLine: {'line': b'\x1b[01m\x1b[K/home/miles/usb_ros2_ws/src/usb_device_driver/generated/include/mavlink/v2.0/robot_dog/./mavlink_msg_dog_motors_state.h:109:108:\x1b[m\x1b[K \x1b[01;36m\x1b[Knote: \x1b[m\x1b[Kin expansion of macro \xe2\x80\x98\x1b[01m\x1b[KMAVLINK_MSG_ID_DOG_MOTORS_STATE_LEN\x1b[m\x1b[K\xe2\x80\x99\n'}
[7.977824] (usb_device_driver) StderrLine: {'line': b'  109 | mavlink_finalize_message(msg, system_id, component_id, MAVLINK_MSG_ID_DOG_MOTORS_STATE_MIN_LEN, \x1b[01;36m\x1b[KMAVLINK_MSG_ID_DOG_MOTORS_STATE_LEN\x1b[m\x1b[K, MAVLINK_MSG_ID_DOG_MOTORS_STATE_CRC);\n'}
[7.977879] (usb_device_driver) StderrLine: {'line': b'      |                                                                                                 \x1b[01;36m\x1b[K^~~~~~~~~~~~~~~~~~~~~~~~~~~~~~~~~~~\x1b[m\x1b[K\n'}
[7.977933] (usb_device_driver) StderrLine: {'line': b'\n'}
[7.977988] (usb_device_driver) StderrLine: {'line': b'\x1b[01m\x1b[K/home/miles/usb_ros2_ws/src/usb_device_driver/generated/include/mavlink/v2.0/robot_dog/./mavlink_msg_dog_motors_state.h:\x1b[m\x1b[K In function \xe2\x80\x98\x1b[01m\x1b[Kuint16_t mavlink_msg_dog_motors_state_pack_status(uint8_t, uint8_t, mavlink_status_t*, mavlink_message_t*, uint64_t, const uint8_t*, const float*, const float*, const float*, const float*, const float*, const uint8_t*)\x1b[m\x1b[K\xe2\x80\x99:\n'}
[7.978050] (usb_device_driver) StderrLine: {'line': b'\x1b[01m\x1b[K/home/miles/usb_ros2_ws/src/usb_device_driver/generated/include/mavlink/v2.0/robot_dog/./mavlink_msg_dog_motors_state.h:19:49:\x1b[m\x1b[K \x1b[01;35m\x1b[Kwarning: \x1b[m\x1b[Kunsigned conversion from \xe2\x80\x98\x1b[01m\x1b[Kint\x1b[m\x1b[K\xe2\x80\x99 to \xe2\x80\x98\x1b[01m\x1b[Kuint8_t\x1b[m\x1b[K\xe2\x80\x99 {aka \xe2\x80\x98\x1b[01m\x1b[Kunsigned char\x1b[m\x1b[K\xe2\x80\x99} changes value from \xe2\x80\x98\x1b[01m\x1b[K272\x1b[m\x1b[K\xe2\x80\x99 to \xe2\x80\x98\x1b[01m\x1b[K16\x1b[m\x1b[K\xe2\x80\x99 [\x1b[01;35m\x1b[K\x1b]8;;https://gcc.gnu.org/onlinedocs/gcc/Warning-Options.html#index-Woverflow\x07-Woverflow\x1b]8;;\x07\x1b[m\x1b[K]\n'}
[7.978117] (usb_device_driver) StderrLine: {'line': b'   19 | #define MAVLINK_MSG_ID_DOG_MOTORS_STATE_MIN_LEN \x1b[01;35m\x1b[K272\x1b[m\x1b[K\n'}
[7.978197] (usb_device_driver) StderrLine: {'line': b'      |                                                 \x1b[01;35m\x1b[K^~~\x1b[m\x1b[K\n'}
[7.978255] (usb_device_driver) StderrLine: {'line': b'\x1b[01m\x1b[K/home/miles/usb_ros2_ws/src/usb_device_driver/generated/include/mavlink/v2.0/robot_dog/./mavlink_msg_dog_motors_state.h:158:83:\x1b[m\x1b[K \x1b[01;36m\x1b[Knote: \x1b[m\x1b[Kin expansion of macro \xe2\x80\x98\x1b[01m\x1b[KMAVLINK_MSG_ID_DOG_MOTORS_STATE_MIN_LEN\x1b[m\x1b[K\xe2\x80\x99\n'}
[7.978315] (usb_device_driver) StderrLine: {'line': b'  158 |     return mavlink_finalize_message_buffer(msg, system_id, component_id, _status, \x1b[01;36m\x1b[KMAVLINK_MSG_ID_DOG_MOTORS_STATE_MIN_LEN\x1b[m\x1b[K, MAVLINK_MSG_ID_DOG_MOTORS_STATE_LEN, MAVLINK_MSG_ID_DOG_MOTORS_STATE_CRC);\n'}
[7.978370] (usb_device_driver) StderrLine: {'line': b'      |                                                                                   \x1b[01;36m\x1b[K^~~~~~~~~~~~~~~~~~~~~~~~~~~~~~~~~~~~~~~\x1b[m\x1b[K\n'}
[7.978422] (usb_device_driver) StderrLine: {'line': b'\x1b[01m\x1b[K/home/miles/usb_ros2_ws/src/usb_device_driver/generated/include/mavlink/v2.0/robot_dog/./mavlink_msg_dog_motors_state.h:18:45:\x1b[m\x1b[K \x1b[01;35m\x1b[Kwarning: \x1b[m\x1b[Kunsigned conversion from \xe2\x80\x98\x1b[01m\x1b[Kint\x1b[m\x1b[K\xe2\x80\x99 to \xe2\x80\x98\x1b[01m\x1b[Kuint8_t\x1b[m\x1b[K\xe2\x80\x99 {aka \xe2\x80\x98\x1b[01m\x1b[Kunsigned char\x1b[m\x1b[K\xe2\x80\x99} changes value from \xe2\x80\x98\x1b[01m\x1b[K272\x1b[m\x1b[K\xe2\x80\x99 to \xe2\x80\x98\x1b[01m\x1b[K16\x1b[m\x1b[K\xe2\x80\x99 [\x1b[01;35m\x1b[K\x1b]8;;https://gcc.gnu.org/onlinedocs/gcc/Warning-Options.html#index-Woverflow\x07-Woverflow\x1b]8;;\x07\x1b[m\x1b[K]\n'}
[7.978477] (usb_device_driver) StderrLine: {'line': b'   18 | #define MAVLINK_MSG_ID_DOG_MOTORS_STATE_LEN \x1b[01;35m\x1b[K272\x1b[m\x1b[K\n'}
[7.978529] (usb_device_driver) StderrLine: {'line': b'      |                                             \x1b[01;35m\x1b[K^~~\x1b[m\x1b[K\n'}
[7.978582] (usb_device_driver) StderrLine: {'line': b'\x1b[01m\x1b[K/home/miles/usb_ros2_ws/src/usb_device_driver/generated/include/mavlink/v2.0/robot_dog/./mavlink_msg_dog_motors_state.h:158:124:\x1b[m\x1b[K \x1b[01;36m\x1b[Knote: \x1b[m\x1b[Kin expansion of macro \xe2\x80\x98\x1b[01m\x1b[KMAVLINK_MSG_ID_DOG_MOTORS_STATE_LEN\x1b[m\x1b[K\xe2\x80\x99\n'}
[7.978640] (usb_device_driver) StderrLine: {'line': b'  158 | _message_buffer(msg, system_id, component_id, _status, MAVLINK_MSG_ID_DOG_MOTORS_STATE_MIN_LEN, \x1b[01;36m\x1b[KMAVLINK_MSG_ID_DOG_MOTORS_STATE_LEN\x1b[m\x1b[K, MAVLINK_MSG_ID_DOG_MOTORS_STATE_CRC);\n'}
[7.978694] (usb_device_driver) StderrLine: {'line': b'      |                                                                                                 \x1b[01;36m\x1b[K^~~~~~~~~~~~~~~~~~~~~~~~~~~~~~~~~~~\x1b[m\x1b[K\n'}
[7.978745] (usb_device_driver) StderrLine: {'line': b'\n'}
[7.978796] (usb_device_driver) StderrLine: {'line': b'\x1b[01m\x1b[K/home/miles/usb_ros2_ws/src/usb_device_driver/generated/include/mavlink/v2.0/robot_dog/./mavlink_msg_dog_motors_state.h:\x1b[m\x1b[K In function \xe2\x80\x98\x1b[01m\x1b[Kuint16_t mavlink_msg_dog_motors_state_pack_chan(uint8_t, uint8_t, uint8_t, mavlink_message_t*, uint64_t, const uint8_t*, const float*, const float*, const float*, const float*, const float*, const uint8_t*)\x1b[m\x1b[K\xe2\x80\x99:\n'}
[7.978851] (usb_device_driver) StderrLine: {'line': b'\x1b[01m\x1b[K/home/miles/usb_ros2_ws/src/usb_device_driver/generated/include/mavlink/v2.0/robot_dog/./mavlink_msg_dog_motors_state.h:19:49:\x1b[m\x1b[K \x1b[01;35m\x1b[Kwarning: \x1b[m\x1b[Kunsigned conversion from \xe2\x80\x98\x1b[01m\x1b[Kint\x1b[m\x1b[K\xe2\x80\x99 to \xe2\x80\x98\x1b[01m\x1b[Kuint8_t\x1b[m\x1b[K\xe2\x80\x99 {aka \xe2\x80\x98\x1b[01m\x1b[Kunsigned char\x1b[m\x1b[K\xe2\x80\x99} changes value from \xe2\x80\x98\x1b[01m\x1b[K272\x1b[m\x1b[K\xe2\x80\x99 to \xe2\x80\x98\x1b[01m\x1b[K16\x1b[m\x1b[K\xe2\x80\x99 [\x1b[01;35m\x1b[K\x1b]8;;https://gcc.gnu.org/onlinedocs/gcc/Warning-Options.html#index-Woverflow\x07-Woverflow\x1b]8;;\x07\x1b[m\x1b[K]\n'}
[7.978915] (usb_device_driver) StderrLine: {'line': b'   19 | #define MAVLINK_MSG_ID_DOG_MOTORS_STATE_MIN_LEN \x1b[01;35m\x1b[K272\x1b[m\x1b[K\n'}
[7.978969] (usb_device_driver) StderrLine: {'line': b'      |                                                 \x1b[01;35m\x1b[K^~~\x1b[m\x1b[K\n'}
[7.979023] (usb_device_driver) StderrLine: {'line': b'\x1b[01m\x1b[K/home/miles/usb_ros2_ws/src/usb_device_driver/generated/include/mavlink/v2.0/robot_dog/./mavlink_msg_dog_motors_state.h:209:78:\x1b[m\x1b[K \x1b[01;36m\x1b[Knote: \x1b[m\x1b[Kin expansion of macro \xe2\x80\x98\x1b[01m\x1b[KMAVLINK_MSG_ID_DOG_MOTORS_STATE_MIN_LEN\x1b[m\x1b[K\xe2\x80\x99\n'}
[7.979084] (usb_device_driver) StderrLine: {'line': b'  209 |     return mavlink_finalize_message_chan(msg, system_id, component_id, chan, \x1b[01;36m\x1b[KMAVLINK_MSG_ID_DOG_MOTORS_STATE_MIN_LEN\x1b[m\x1b[K, MAVLINK_MSG_ID_DOG_MOTORS_STATE_LEN, MAVLINK_MSG_ID_DOG_MOTORS_STATE_CRC);\n'}
[7.979154] (usb_device_driver) StderrLine: {'line': b'      |                                                                              \x1b[01;36m\x1b[K^~~~~~~~~~~~~~~~~~~~~~~~~~~~~~~~~~~~~~~\x1b[m\x1b[K\n'}
[7.979232] (usb_device_driver) StderrLine: {'line': b'\x1b[01m\x1b[K/home/miles/usb_ros2_ws/src/usb_device_driver/generated/include/mavlink/v2.0/robot_dog/./mavlink_msg_dog_motors_state.h:18:45:\x1b[m\x1b[K \x1b[01;35m\x1b[Kwarning: \x1b[m\x1b[Kunsigned conversion from \xe2\x80\x98\x1b[01m\x1b[Kint\x1b[m\x1b[K\xe2\x80\x99 to \xe2\x80\x98\x1b[01m\x1b[Kuint8_t\x1b[m\x1b[K\xe2\x80\x99 {aka \xe2\x80\x98\x1b[01m\x1b[Kunsigned char\x1b[m\x1b[K\xe2\x80\x99} changes value from \xe2\x80\x98\x1b[01m\x1b[K272\x1b[m\x1b[K\xe2\x80\x99 to \xe2\x80\x98\x1b[01m\x1b[K16\x1b[m\x1b[K\xe2\x80\x99 [\x1b[01;35m\x1b[K\x1b]8;;https://gcc.gnu.org/onlinedocs/gcc/Warning-Options.html#index-Woverflow\x07-Woverflow\x1b]8;;\x07\x1b[m\x1b[K]\n'}
[7.979300] (usb_device_driver) StderrLine: {'line': b'   18 | #define MAVLINK_MSG_ID_DOG_MOTORS_STATE_LEN \x1b[01;35m\x1b[K272\x1b[m\x1b[K\n'}
[7.979357] (usb_device_driver) StderrLine: {'line': b'      |                                             \x1b[01;35m\x1b[K^~~\x1b[m\x1b[K\n'}
[7.979411] (usb_device_driver) StderrLine: {'line': b'\x1b[01m\x1b[K/home/miles/usb_ros2_ws/src/usb_device_driver/generated/include/mavlink/v2.0/robot_dog/./mavlink_msg_dog_motors_state.h:209:119:\x1b[m\x1b[K \x1b[01;36m\x1b[Knote: \x1b[m\x1b[Kin expansion of macro \xe2\x80\x98\x1b[01m\x1b[KMAVLINK_MSG_ID_DOG_MOTORS_STATE_LEN\x1b[m\x1b[K\xe2\x80\x99\n'}
[7.979465] (usb_device_driver) StderrLine: {'line': b'  209 | alize_message_chan(msg, system_id, component_id, chan, MAVLINK_MSG_ID_DOG_MOTORS_STATE_MIN_LEN, \x1b[01;36m\x1b[KMAVLINK_MSG_ID_DOG_MOTORS_STATE_LEN\x1b[m\x1b[K, MAVLINK_MSG_ID_DOG_MOTORS_STATE_CRC);\n'}
[7.979518] (usb_device_driver) StderrLine: {'line': b'      |                                                                                                 \x1b[01;36m\x1b[K^~~~~~~~~~~~~~~~~~~~~~~~~~~~~~~~~~~\x1b[m\x1b[K\n'}
[7.979571] (usb_device_driver) StderrLine: {'line': b'\n'}
[7.979622] (usb_device_driver) StderrLine: {'line': b'In file included from \x1b[01m\x1b[K/home/miles/usb_ros2_ws/src/usb_device_driver/generated/include/mavlink/v2.0/robot_dog/robot_dog.h:58\x1b[m\x1b[K,\n'}
[7.979675] (usb_device_driver) StderrLine: {'line': b'                 from \x1b[01m\x1b[K/home/miles/usb_ros2_ws/src/usb_device_driver/generated/include/mavlink/v2.0/robot_dog/mavlink.h:39\x1b[m\x1b[K,\n'}
[7.979728] (usb_device_driver) StderrLine: {'line': b'                 from \x1b[01m\x1b[K/home/miles/usb_ros2_ws/src/usb_device_driver/include/usb_device_driver/usb_reader_node.hpp:20\x1b[m\x1b[K,\n'}
[7.979780] (usb_device_driver) StderrLine: {'line': b'                 from \x1b[01m\x1b[K/home/miles/usb_ros2_ws/src/usb_device_driver/src/main.cpp:1\x1b[m\x1b[K:\n'}
[7.979833] (usb_device_driver) StderrLine: {'line': b'\x1b[01m\x1b[K/home/miles/usb_ros2_ws/src/usb_device_driver/generated/include/mavlink/v2.0/robot_dog/./mavlink_msg_dog_motors_state.h:\x1b[m\x1b[K In function \xe2\x80\x98\x1b[01m\x1b[Kuint16_t mavlink_msg_dog_motors_state_get_statuses(const mavlink_message_t*, uint8_t*)\x1b[m\x1b[K\xe2\x80\x99:\n'}
[7.979891] (usb_device_driver) StderrLine: {'line': b'\x1b[01m\x1b[K/home/miles/usb_ros2_ws/src/usb_device_driver/generated/include/mavlink/v2.0/robot_dog/./mavlink_msg_dog_motors_state.h:427:58:\x1b[m\x1b[K \x1b[01;35m\x1b[Kwarning: \x1b[m\x1b[Kunsigned conversion from \xe2\x80\x98\x1b[01m\x1b[Kint\x1b[m\x1b[K\xe2\x80\x99 to \xe2\x80\x98\x1b[01m\x1b[Kuint8_t\x1b[m\x1b[K\xe2\x80\x99 {aka \xe2\x80\x98\x1b[01m\x1b[Kunsigned char\x1b[m\x1b[K\xe2\x80\x99} changes value from \xe2\x80\x98\x1b[01m\x1b[K260\x1b[m\x1b[K\xe2\x80\x99 to \xe2\x80\x98\x1b[01m\x1b[K4\x1b[m\x1b[K\xe2\x80\x99 [\x1b[01;35m\x1b[K\x1b]8;;https://gcc.gnu.org/onlinedocs/gcc/Warning-Options.html#index-Woverflow\x07-Woverflow\x1b]8;;\x07\x1b[m\x1b[K]\n'}
[7.979974] (usb_device_driver) StderrLine: {'line': b'  427 |     return _MAV_RETURN_uint8_t_array(msg, statuses, 12,  \x1b[01;35m\x1b[K260\x1b[m\x1b[K);\n'}
[7.980032] (usb_device_driver) StderrLine: {'line': b'      |                                                          \x1b[01;35m\x1b[K^~~\x1b[m\x1b[K\n'}
[7.980086] (usb_device_driver) StderrLine: {'line': b'\x1b[01m\x1b[K/home/miles/usb_ros2_ws/src/usb_device_driver/generated/include/mavlink/v2.0/robot_dog/./mavlink_msg_dog_motors_state.h:\x1b[m\x1b[K In function \xe2\x80\x98\x1b[01m\x1b[Kvoid mavlink_msg_dog_motors_state_decode(const mavlink_message_t*, mavlink_dog_motors_state_t*)\x1b[m\x1b[K\xe2\x80\x99:\n'}
[7.980155] (usb_device_driver) StderrLine: {'line': b'\x1b[01m\x1b[K/home/miles/usb_ros2_ws/src/usb_device_driver/generated/include/mavlink/v2.0/robot_dog/./mavlink_msg_dog_motors_state.h:448:32:\x1b[m\x1b[K \x1b[01;35m\x1b[Kwarning: \x1b[m\x1b[Kcomparison is always true due to limited range of data type [\x1b[01;35m\x1b[K\x1b]8;;https://gcc.gnu.org/onlinedocs/gcc/Warning-Options.html#index-Wtype-limits\x07-Wtype-limits\x1b]8;;\x07\x1b[m\x1b[K]\n'}
[7.980229] (usb_device_driver) StderrLine: {'line': b'  448 |         uint8_t len = msg->len \x1b[01;35m\x1b[K<\x1b[m\x1b[K MAVLINK_MSG_ID_DOG_MOTORS_STATE_LEN? msg->len : MAVLINK_MSG_ID_DOG_MOTORS_STATE_LEN;\n'}
[7.980290] (usb_device_driver) StderrLine: {'line': b'      |                                \x1b[01;35m\x1b[K^\x1b[m\x1b[K\n'}
[7.996356] (usb_device_driver) StderrLine: {'line': b'In file included from \x1b[01m\x1b[K/home/miles/usb_ros2_ws/src/usb_device_driver/generated/include/mavlink/v2.0/robot_dog/../protocol.h:4\x1b[m\x1b[K,\n'}
[7.996687] (usb_device_driver) StderrLine: {'line': b'                 from \x1b[01m\x1b[K/home/miles/usb_ros2_ws/src/usb_device_driver/generated/include/mavlink/v2.0/robot_dog/robot_dog.h:35\x1b[m\x1b[K,\n'}
[7.996868] (usb_device_driver) StderrLine: {'line': b'                 from \x1b[01m\x1b[K/home/miles/usb_ros2_ws/src/usb_device_driver/generated/include/mavlink/v2.0/robot_dog/mavlink.h:39\x1b[m\x1b[K,\n'}
[7.997013] (usb_device_driver) StderrLine: {'line': b'                 from \x1b[01m\x1b[K/home/miles/usb_ros2_ws/src/usb_device_driver/include/usb_device_driver/usb_reader_node.hpp:20\x1b[m\x1b[K,\n'}
[7.997195] (usb_device_driver) StderrLine: {'line': b'                 from \x1b[01m\x1b[K/home/miles/usb_ros2_ws/src/usb_device_driver/src/usb_reader_node.cpp:1\x1b[m\x1b[K:\n'}
[7.997352] (usb_device_driver) StderrLine: {'line': b'\x1b[01m\x1b[K/home/miles/usb_ros2_ws/src/usb_device_driver/generated/include/mavlink/v2.0/robot_dog/../mavlink_types.h:78:12:\x1b[m\x1b[K \x1b[01;35m\x1b[Kwarning: \x1b[m\x1b[KISO C++ prohibits anonymous structs [\x1b[01;35m\x1b[K\x1b]8;;https://gcc.gnu.org/onlinedocs/gcc/Warning-Options.html#index-Wpedantic\x07-Wpedantic\x1b]8;;\x07\x1b[m\x1b[K]\n'}
[7.997497] (usb_device_driver) StderrLine: {'line': b'   78 |     struct \x1b[01;35m\x1b[K{\x1b[m\x1b[K\n'}
[7.997554] (usb_device_driver) StderrLine: {'line': b'      |            \x1b[01;35m\x1b[K^\x1b[m\x1b[K\n'}
[7.997611] (usb_device_driver) StderrLine: {'line': b'\x1b[01m\x1b[K/home/miles/usb_ros2_ws/src/usb_device_driver/generated/include/mavlink/v2.0/robot_dog/../mavlink_types.h:17:40:\x1b[m\x1b[K \x1b[01;36m\x1b[Knote: \x1b[m\x1b[Kin definition of macro \xe2\x80\x98\x1b[01m\x1b[KMAVPACKED\x1b[m\x1b[K\xe2\x80\x99\n'}
[7.997666] (usb_device_driver) StderrLine: {'line': b'   17 |   #define MAVPACKED( __Declaration__ ) \x1b[01;36m\x1b[K__Declaration__\x1b[m\x1b[K __attribute__((packed))\n'}
[7.997720] (usb_device_driver) StderrLine: {'line': b'      |                                        \x1b[01;36m\x1b[K^~~~~~~~~~~~~~~\x1b[m\x1b[K\n'}
[8.003409] (usb_device_driver) StderrLine: {'line': b'In file included from \x1b[01m\x1b[K/home/miles/usb_ros2_ws/src/usb_device_driver/generated/include/mavlink/v2.0/robot_dog/mavlink.h:39\x1b[m\x1b[K,\n'}
[8.003663] (usb_device_driver) StderrLine: {'line': b'                 from \x1b[01m\x1b[K/home/miles/usb_ros2_ws/src/usb_device_driver/include/usb_device_driver/usb_reader_node.hpp:20\x1b[m\x1b[K,\n'}
[8.003839] (usb_device_driver) StderrLine: {'line': b'                 from \x1b[01m\x1b[K/home/miles/usb_ros2_ws/src/usb_device_driver/src/usb_reader_node.cpp:1\x1b[m\x1b[K:\n'}
[8.004006] (usb_device_driver) StderrLine: {'line': b'\x1b[01m\x1b[K/home/miles/usb_ros2_ws/src/usb_device_driver/generated/include/mavlink/v2.0/robot_dog/../mavlink_helpers.h:\x1b[m\x1b[K In function \xe2\x80\x98\x1b[01m\x1b[Kconst mavlink_msg_entry_t* mavlink_get_msg_entry(uint32_t)\x1b[m\x1b[K\xe2\x80\x99:\n'}
[8.004177] (usb_device_driver) StderrLine: {'line': b'\x1b[01m\x1b[K/home/miles/usb_ros2_ws/src/usb_device_driver/generated/include/mavlink/v2.0/robot_dog/robot_dog.h:31:42:\x1b[m\x1b[K \x1b[01;35m\x1b[Kwarning: \x1b[m\x1b[Kunsigned conversion from \xe2\x80\x98\x1b[01m\x1b[Kint\x1b[m\x1b[K\xe2\x80\x99 to \xe2\x80\x98\x1b[01m\x1b[Kuint8_t\x1b[m\x1b[K\xe2\x80\x99 {aka \xe2\x80\x98\x1b[01m\x1b[Kunsigned char\x1b[m\x1b[K\xe2\x80\x99} changes value from \xe2\x80\x98\x1b[01m\x1b[K260\x1b[m\x1b[K\xe2\x80\x99 to \xe2\x80\x98\x1b[01m\x1b[K4\x1b[m\x1b[K\xe2\x80\x99 [\x1b[01;35m\x1b[K\x1b]8;;https://gcc.gnu.org/onlinedocs/gcc/Warning-Options.html#index-Woverflow\x07-Woverflow\x1b]8;;\x07\x1b[m\x1b[K]\n'}
[8.004389] (usb_device_driver) StderrLine: {'line': b'   31 | #define MAVLINK_MESSAGE_CRCS {{230, 160, \x1b[01;35m\x1b[K260\x1b[m\x1b[K, 260, 0, 0, 0}, {231, 156, 272, 272, 0, 0, 0}, {232, 36, 48, 48, 0, 0, 0}}\n'}
[8.004538] (usb_device_driver) StderrLine: {'line': b'      |                                          \x1b[01;35m\x1b[K^~~\x1b[m\x1b[K\n'}
[8.004675] (usb_device_driver) StderrLine: {'line': b'\x1b[01m\x1b[K/home/miles/usb_ros2_ws/src/usb_device_driver/generated/include/mavlink/v2.0/robot_dog/../mavlink_helpers.h:520:67:\x1b[m\x1b[K \x1b[01;36m\x1b[Knote: \x1b[m\x1b[Kin expansion of macro \xe2\x80\x98\x1b[01m\x1b[KMAVLINK_MESSAGE_CRCS\x1b[m\x1b[K\xe2\x80\x99\n'}
[8.004758] (usb_device_driver) StderrLine: {'line': b'  520 |         static const mavlink_msg_entry_t mavlink_message_crcs[] = \x1b[01;36m\x1b[KMAVLINK_MESSAGE_CRCS\x1b[m\x1b[K;\n'}
[8.004820] (usb_device_driver) StderrLine: {'line': b'      |                                                                   \x1b[01;36m\x1b[K^~~~~~~~~~~~~~~~~~~~\x1b[m\x1b[K\n'}
[8.004878] (usb_device_driver) StderrLine: {'line': b'\x1b[01m\x1b[K/home/miles/usb_ros2_ws/src/usb_device_driver/generated/include/mavlink/v2.0/robot_dog/robot_dog.h:31:47:\x1b[m\x1b[K \x1b[01;35m\x1b[Kwarning: \x1b[m\x1b[Kunsigned conversion from \xe2\x80\x98\x1b[01m\x1b[Kint\x1b[m\x1b[K\xe2\x80\x99 to \xe2\x80\x98\x1b[01m\x1b[Kuint8_t\x1b[m\x1b[K\xe2\x80\x99 {aka \xe2\x80\x98\x1b[01m\x1b[Kunsigned char\x1b[m\x1b[K\xe2\x80\x99} changes value from \xe2\x80\x98\x1b[01m\x1b[K260\x1b[m\x1b[K\xe2\x80\x99 to \xe2\x80\x98\x1b[01m\x1b[K4\x1b[m\x1b[K\xe2\x80\x99 [\x1b[01;35m\x1b[K\x1b]8;;https://gcc.gnu.org/onlinedocs/gcc/Warning-Options.html#index-Woverflow\x07-Woverflow\x1b]8;;\x07\x1b[m\x1b[K]\n'}
[8.004944] (usb_device_driver) StderrLine: {'line': b'   31 | #define MAVLINK_MESSAGE_CRCS {{230, 160, 260, \x1b[01;35m\x1b[K260\x1b[m\x1b[K, 0, 0, 0}, {231, 156, 272, 272, 0, 0, 0}, {232, 36, 48, 48, 0, 0, 0}}\n'}
[8.005002] (usb_device_driver) StderrLine: {'line': b'      |                                               \x1b[01;35m\x1b[K^~~\x1b[m\x1b[K\n'}
[8.005058] (usb_device_driver) StderrLine: {'line': b'\x1b[01m\x1b[K/home/miles/usb_ros2_ws/src/usb_device_driver/generated/include/mavlink/v2.0/robot_dog/../mavlink_helpers.h:520:67:\x1b[m\x1b[K \x1b[01;36m\x1b[Knote: \x1b[m\x1b[Kin expansion of macro \xe2\x80\x98\x1b[01m\x1b[KMAVLINK_MESSAGE_CRCS\x1b[m\x1b[K\xe2\x80\x99\n'}
[8.005122] (usb_device_driver) StderrLine: {'line': b'  520 |         static const mavlink_msg_entry_t mavlink_message_crcs[] = \x1b[01;36m\x1b[KMAVLINK_MESSAGE_CRCS\x1b[m\x1b[K;\n'}
[8.005205] (usb_device_driver) StderrLine: {'line': b'      |                                                                   \x1b[01;36m\x1b[K^~~~~~~~~~~~~~~~~~~~\x1b[m\x1b[K\n'}
[8.005267] (usb_device_driver) StderrLine: {'line': b'\x1b[01m\x1b[K/home/miles/usb_ros2_ws/src/usb_device_driver/generated/include/mavlink/v2.0/robot_dog/robot_dog.h:31:73:\x1b[m\x1b[K \x1b[01;35m\x1b[Kwarning: \x1b[m\x1b[Kunsigned conversion from \xe2\x80\x98\x1b[01m\x1b[Kint\x1b[m\x1b[K\xe2\x80\x99 to \xe2\x80\x98\x1b[01m\x1b[Kuint8_t\x1b[m\x1b[K\xe2\x80\x99 {aka \xe2\x80\x98\x1b[01m\x1b[Kunsigned char\x1b[m\x1b[K\xe2\x80\x99} changes value from \xe2\x80\x98\x1b[01m\x1b[K272\x1b[m\x1b[K\xe2\x80\x99 to \xe2\x80\x98\x1b[01m\x1b[K16\x1b[m\x1b[K\xe2\x80\x99 [\x1b[01;35m\x1b[K\x1b]8;;https://gcc.gnu.org/onlinedocs/gcc/Warning-Options.html#index-Woverflow\x07-Woverflow\x1b]8;;\x07\x1b[m\x1b[K]\n'}
[8.005362] (usb_device_driver) StderrLine: {'line': b'   31 | #define MAVLINK_MESSAGE_CRCS {{230, 160, 260, 260, 0, 0, 0}, {231, 156, \x1b[01;35m\x1b[K272\x1b[m\x1b[K, 272, 0, 0, 0}, {232, 36, 48, 48, 0, 0, 0}}\n'}
[8.005462] (usb_device_driver) StderrLine: {'line': b'      |                                                                         \x1b[01;35m\x1b[K^~~\x1b[m\x1b[K\n'}
[8.005544] (usb_device_driver) StderrLine: {'line': b'\x1b[01m\x1b[K/home/miles/usb_ros2_ws/src/usb_device_driver/generated/include/mavlink/v2.0/robot_dog/../mavlink_helpers.h:520:67:\x1b[m\x1b[K \x1b[01;36m\x1b[Knote: \x1b[m\x1b[Kin expansion of macro \xe2\x80\x98\x1b[01m\x1b[KMAVLINK_MESSAGE_CRCS\x1b[m\x1b[K\xe2\x80\x99\n'}
[8.005634] (usb_device_driver) StderrLine: {'line': b'  520 |         static const mavlink_msg_entry_t mavlink_message_crcs[] = \x1b[01;36m\x1b[KMAVLINK_MESSAGE_CRCS\x1b[m\x1b[K;\n'}
[8.005707] (usb_device_driver) StderrLine: {'line': b'      |                                                                   \x1b[01;36m\x1b[K^~~~~~~~~~~~~~~~~~~~\x1b[m\x1b[K\n'}
[8.005783] (usb_device_driver) StderrLine: {'line': b'\x1b[01m\x1b[K/home/miles/usb_ros2_ws/src/usb_device_driver/generated/include/mavlink/v2.0/robot_dog/robot_dog.h:31:78:\x1b[m\x1b[K \x1b[01;35m\x1b[Kwarning: \x1b[m\x1b[Kunsigned conversion from \xe2\x80\x98\x1b[01m\x1b[Kint\x1b[m\x1b[K\xe2\x80\x99 to \xe2\x80\x98\x1b[01m\x1b[Kuint8_t\x1b[m\x1b[K\xe2\x80\x99 {aka \xe2\x80\x98\x1b[01m\x1b[Kunsigned char\x1b[m\x1b[K\xe2\x80\x99} changes value from \xe2\x80\x98\x1b[01m\x1b[K272\x1b[m\x1b[K\xe2\x80\x99 to \xe2\x80\x98\x1b[01m\x1b[K16\x1b[m\x1b[K\xe2\x80\x99 [\x1b[01;35m\x1b[K\x1b]8;;https://gcc.gnu.org/onlinedocs/gcc/Warning-Options.html#index-Woverflow\x07-Woverflow\x1b]8;;\x07\x1b[m\x1b[K]\n'}
[8.005862] (usb_device_driver) StderrLine: {'line': b'   31 | #define MAVLINK_MESSAGE_CRCS {{230, 160, 260, 260, 0, 0, 0}, {231, 156, 272, \x1b[01;35m\x1b[K272\x1b[m\x1b[K, 0, 0, 0}, {232, 36, 48, 48, 0, 0, 0}}\n'}
[8.005936] (usb_device_driver) StderrLine: {'line': b'      |                                                                              \x1b[01;35m\x1b[K^~~\x1b[m\x1b[K\n'}
[8.006007] (usb_device_driver) StderrLine: {'line': b'\x1b[01m\x1b[K/home/miles/usb_ros2_ws/src/usb_device_driver/generated/include/mavlink/v2.0/robot_dog/../mavlink_helpers.h:520:67:\x1b[m\x1b[K \x1b[01;36m\x1b[Knote: \x1b[m\x1b[Kin expansion of macro \xe2\x80\x98\x1b[01m\x1b[KMAVLINK_MESSAGE_CRCS\x1b[m\x1b[K\xe2\x80\x99\n'}
[8.006090] (usb_device_driver) StderrLine: {'line': b'  520 |         static const mavlink_msg_entry_t mavlink_message_crcs[] = \x1b[01;36m\x1b[KMAVLINK_MESSAGE_CRCS\x1b[m\x1b[K;\n'}
[8.006181] (usb_device_driver) StderrLine: {'line': b'      |                                                                   \x1b[01;36m\x1b[K^~~~~~~~~~~~~~~~~~~~\x1b[m\x1b[K\n'}
[8.007950] (usb_device_driver) StderrLine: {'line': b'In file included from \x1b[01m\x1b[K/home/miles/usb_ros2_ws/src/usb_device_driver/generated/include/mavlink/v2.0/robot_dog/robot_dog.h:57\x1b[m\x1b[K,\n'}
[8.008081] (usb_device_driver) StderrLine: {'line': b'                 from \x1b[01m\x1b[K/home/miles/usb_ros2_ws/src/usb_device_driver/generated/include/mavlink/v2.0/robot_dog/mavlink.h:39\x1b[m\x1b[K,\n'}
[8.008271] (usb_device_driver) StderrLine: {'line': b'                 from \x1b[01m\x1b[K/home/miles/usb_ros2_ws/src/usb_device_driver/include/usb_device_driver/usb_reader_node.hpp:20\x1b[m\x1b[K,\n'}
[8.008350] (usb_device_driver) StderrLine: {'line': b'                 from \x1b[01m\x1b[K/home/miles/usb_ros2_ws/src/usb_device_driver/src/usb_reader_node.cpp:1\x1b[m\x1b[K:\n'}
[8.008483] (usb_device_driver) StderrLine: {'line': b'\x1b[01m\x1b[K/home/miles/usb_ros2_ws/src/usb_device_driver/generated/include/mavlink/v2.0/robot_dog/./mavlink_msg_dog_motors_cmd.h:\x1b[m\x1b[K In function \xe2\x80\x98\x1b[01m\x1b[Kuint16_t mavlink_msg_dog_motors_cmd_pack(uint8_t, uint8_t, mavlink_message_t*, uint64_t, const uint8_t*, const float*, const float*, const float*, const float*, const float*)\x1b[m\x1b[K\xe2\x80\x99:\n'}
[8.008565] (usb_device_driver) StderrLine: {'line': b'\x1b[01m\x1b[K/home/miles/usb_ros2_ws/src/usb_device_driver/generated/include/mavlink/v2.0/robot_dog/./mavlink_msg_dog_motors_cmd.h:18:47:\x1b[m\x1b[K \x1b[01;35m\x1b[Kwarning: \x1b[m\x1b[Kunsigned conversion from \xe2\x80\x98\x1b[01m\x1b[Kint\x1b[m\x1b[K\xe2\x80\x99 to \xe2\x80\x98\x1b[01m\x1b[Kuint8_t\x1b[m\x1b[K\xe2\x80\x99 {aka \xe2\x80\x98\x1b[01m\x1b[Kunsigned char\x1b[m\x1b[K\xe2\x80\x99} changes value from \xe2\x80\x98\x1b[01m\x1b[K260\x1b[m\x1b[K\xe2\x80\x99 to \xe2\x80\x98\x1b[01m\x1b[K4\x1b[m\x1b[K\xe2\x80\x99 [\x1b[01;35m\x1b[K\x1b]8;;https://gcc.gnu.org/onlinedocs/gcc/Warning-Options.html#index-Woverflow\x07-Woverflow\x1b]8;;\x07\x1b[m\x1b[K]\n'}
[8.008642] (usb_device_driver) StderrLine: {'line': b'   18 | #define MAVLINK_MSG_ID_DOG_MOTORS_CMD_MIN_LEN \x1b[01;35m\x1b[K260\x1b[m\x1b[K\n'}
[8.008706] (usb_device_driver) StderrLine: {'line': b'      |                                               \x1b[01;35m\x1b[K^~~\x1b[m\x1b[K\n'}
[8.008767] (usb_device_driver) StderrLine: {'line': b'\x1b[01m\x1b[K/home/miles/usb_ros2_ws/src/usb_device_driver/generated/include/mavlink/v2.0/robot_dog/./mavlink_msg_dog_motors_cmd.h:102:67:\x1b[m\x1b[K \x1b[01;36m\x1b[Knote: \x1b[m\x1b[Kin expansion of macro \xe2\x80\x98\x1b[01m\x1b[KMAVLINK_MSG_ID_DOG_MOTORS_CMD_MIN_LEN\x1b[m\x1b[K\xe2\x80\x99\n'}
[8.008831] (usb_device_driver) StderrLine: {'line': b'  102 |     return mavlink_finalize_message(msg, system_id, component_id, \x1b[01;36m\x1b[KMAVLINK_MSG_ID_DOG_MOTORS_CMD_MIN_LEN\x1b[m\x1b[K, MAVLINK_MSG_ID_DOG_MOTORS_CMD_LEN, MAVLINK_MSG_ID_DOG_MOTORS_CMD_CRC);\n'}
[8.008893] (usb_device_driver) StderrLine: {'line': b'      |                                                                   \x1b[01;36m\x1b[K^~~~~~~~~~~~~~~~~~~~~~~~~~~~~~~~~~~~~\x1b[m\x1b[K\n'}
[8.008957] (usb_device_driver) StderrLine: {'line': b'\x1b[01m\x1b[K/home/miles/usb_ros2_ws/src/usb_device_driver/generated/include/mavlink/v2.0/robot_dog/./mavlink_msg_dog_motors_cmd.h:17:43:\x1b[m\x1b[K \x1b[01;35m\x1b[Kwarning: \x1b[m\x1b[Kunsigned conversion from \xe2\x80\x98\x1b[01m\x1b[Kint\x1b[m\x1b[K\xe2\x80\x99 to \xe2\x80\x98\x1b[01m\x1b[Kuint8_t\x1b[m\x1b[K\xe2\x80\x99 {aka \xe2\x80\x98\x1b[01m\x1b[Kunsigned char\x1b[m\x1b[K\xe2\x80\x99} changes value from \xe2\x80\x98\x1b[01m\x1b[K260\x1b[m\x1b[K\xe2\x80\x99 to \xe2\x80\x98\x1b[01m\x1b[K4\x1b[m\x1b[K\xe2\x80\x99 [\x1b[01;35m\x1b[K\x1b]8;;https://gcc.gnu.org/onlinedocs/gcc/Warning-Options.html#index-Woverflow\x07-Woverflow\x1b]8;;\x07\x1b[m\x1b[K]\n'}
[8.009122] (usb_device_driver) StderrLine: {'line': b'   17 | #define MAVLINK_MSG_ID_DOG_MOTORS_CMD_LEN \x1b[01;35m\x1b[K260\x1b[m\x1b[K\n'}
[8.009306] (usb_device_driver) StderrLine: {'line': b'      |                                           \x1b[01;35m\x1b[K^~~\x1b[m\x1b[K\n'}
[8.009373] (usb_device_driver) StderrLine: {'line': b'\x1b[01m\x1b[K/home/miles/usb_ros2_ws/src/usb_device_driver/generated/include/mavlink/v2.0/robot_dog/./mavlink_msg_dog_motors_cmd.h:102:106:\x1b[m\x1b[K \x1b[01;36m\x1b[Knote: \x1b[m\x1b[Kin expansion of macro \xe2\x80\x98\x1b[01m\x1b[KMAVLINK_MSG_ID_DOG_MOTORS_CMD_LEN\x1b[m\x1b[K\xe2\x80\x99\n'}
[8.009440] (usb_device_driver) StderrLine: {'line': b'  102 |     return mavlink_finalize_message(msg, system_id, component_id, MAVLINK_MSG_ID_DOG_MOTORS_CMD_MIN_LEN, \x1b[01;36m\x1b[KMAVLINK_MSG_ID_DOG_MOTORS_CMD_LEN\x1b[m\x1b[K, MAVLINK_MSG_ID_DOG_MOTORS_CMD_CRC);\n'}
[8.009501] (usb_device_driver) StderrLine: {'line': b'      |                                                                                                          \x1b[01;36m\x1b[K^~~~~~~~~~~~~~~~~~~~~~~~~~~~~~~~~\x1b[m\x1b[K\n'}
[8.009559] (usb_device_driver) StderrLine: {'line': b'\x1b[01m\x1b[K/home/miles/usb_ros2_ws/src/usb_device_driver/generated/include/mavlink/v2.0/robot_dog/./mavlink_msg_dog_motors_cmd.h:\x1b[m\x1b[K In function \xe2\x80\x98\x1b[01m\x1b[Kuint16_t mavlink_msg_dog_motors_cmd_pack_status(uint8_t, uint8_t, mavlink_status_t*, mavlink_message_t*, uint64_t, const uint8_t*, const float*, const float*, const float*, const float*, const float*)\x1b[m\x1b[K\xe2\x80\x99:\n'}
[8.009636] (usb_device_driver) StderrLine: {'line': b'\x1b[01m\x1b[K/home/miles/usb_ros2_ws/src/usb_device_driver/generated/include/mavlink/v2.0/robot_dog/./mavlink_msg_dog_motors_cmd.h:18:47:\x1b[m\x1b[K \x1b[01;35m\x1b[Kwarning: \x1b[m\x1b[Kunsigned conversion from \xe2\x80\x98\x1b[01m\x1b[Kint\x1b[m\x1b[K\xe2\x80\x99 to \xe2\x80\x98\x1b[01m\x1b[Kuint8_t\x1b[m\x1b[K\xe2\x80\x99 {aka \xe2\x80\x98\x1b[01m\x1b[Kunsigned char\x1b[m\x1b[K\xe2\x80\x99} changes value from \xe2\x80\x98\x1b[01m\x1b[K260\x1b[m\x1b[K\xe2\x80\x99 to \xe2\x80\x98\x1b[01m\x1b[K4\x1b[m\x1b[K\xe2\x80\x99 [\x1b[01;35m\x1b[K\x1b]8;;https://gcc.gnu.org/onlinedocs/gcc/Warning-Options.html#index-Woverflow\x07-Woverflow\x1b]8;;\x07\x1b[m\x1b[K]\n'}
[8.009832] (usb_device_driver) StderrLine: {'line': b'   18 | #define MAVLINK_MSG_ID_DOG_MOTORS_CMD_MIN_LEN \x1b[01;35m\x1b[K260\x1b[m\x1b[K\n'}
[8.009908] (usb_device_driver) StderrLine: {'line': b'      |                                               \x1b[01;35m\x1b[K^~~\x1b[m\x1b[K\n'}
[8.009982] (usb_device_driver) StderrLine: {'line': b'\x1b[01m\x1b[K/home/miles/usb_ros2_ws/src/usb_device_driver/generated/include/mavlink/v2.0/robot_dog/./mavlink_msg_dog_motors_cmd.h:148:83:\x1b[m\x1b[K \x1b[01;36m\x1b[Knote: \x1b[m\x1b[Kin expansion of macro \xe2\x80\x98\x1b[01m\x1b[KMAVLINK_MSG_ID_DOG_MOTORS_CMD_MIN_LEN\x1b[m\x1b[K\xe2\x80\x99\n'}
[8.010056] (usb_device_driver) StderrLine: {'line': b'  148 |     return mavlink_finalize_message_buffer(msg, system_id, component_id, _status, \x1b[01;36m\x1b[KMAVLINK_MSG_ID_DOG_MOTORS_CMD_MIN_LEN\x1b[m\x1b[K, MAVLINK_MSG_ID_DOG_MOTORS_CMD_LEN, MAVLINK_MSG_ID_DOG_MOTORS_CMD_CRC);\n'}
[8.010127] (usb_device_driver) StderrLine: {'line': b'      |                                                                                   \x1b[01;36m\x1b[K^~~~~~~~~~~~~~~~~~~~~~~~~~~~~~~~~~~~~\x1b[m\x1b[K\n'}
[8.010389] (usb_device_driver) StderrLine: {'line': b'\x1b[01m\x1b[K/home/miles/usb_ros2_ws/src/usb_device_driver/generated/include/mavlink/v2.0/robot_dog/./mavlink_msg_dog_motors_cmd.h:17:43:\x1b[m\x1b[K \x1b[01;35m\x1b[Kwarning: \x1b[m\x1b[Kunsigned conversion from \xe2\x80\x98\x1b[01m\x1b[Kint\x1b[m\x1b[K\xe2\x80\x99 to \xe2\x80\x98\x1b[01m\x1b[Kuint8_t\x1b[m\x1b[K\xe2\x80\x99 {aka \xe2\x80\x98\x1b[01m\x1b[Kunsigned char\x1b[m\x1b[K\xe2\x80\x99} changes value from \xe2\x80\x98\x1b[01m\x1b[K260\x1b[m\x1b[K\xe2\x80\x99 to \xe2\x80\x98\x1b[01m\x1b[K4\x1b[m\x1b[K\xe2\x80\x99 [\x1b[01;35m\x1b[K\x1b]8;;https://gcc.gnu.org/onlinedocs/gcc/Warning-Options.html#index-Woverflow\x07-Woverflow\x1b]8;;\x07\x1b[m\x1b[K]\n'}
[8.010467] (usb_device_driver) StderrLine: {'line': b'   17 | #define MAVLINK_MSG_ID_DOG_MOTORS_CMD_LEN \x1b[01;35m\x1b[K260\x1b[m\x1b[K\n'}
[8.010539] (usb_device_driver) StderrLine: {'line': b'      |                                           \x1b[01;35m\x1b[K^~~\x1b[m\x1b[K\n'}
[8.010606] (usb_device_driver) StderrLine: {'line': b'\x1b[01m\x1b[K/home/miles/usb_ros2_ws/src/usb_device_driver/generated/include/mavlink/v2.0/robot_dog/./mavlink_msg_dog_motors_cmd.h:148:122:\x1b[m\x1b[K \x1b[01;36m\x1b[Knote: \x1b[m\x1b[Kin expansion of macro \xe2\x80\x98\x1b[01m\x1b[KMAVLINK_MSG_ID_DOG_MOTORS_CMD_LEN\x1b[m\x1b[K\xe2\x80\x99\n'}
[8.010736] (usb_device_driver) StderrLine: {'line': b'  148 |     return mavlink_finalize_message_buffer(msg, system_id, component_id, _status, MAVLINK_MSG_ID_DOG_MOTORS_CMD_MIN_LEN, \x1b[01;36m\x1b[KMAVLINK_MSG_ID_DOG_MOTORS_CMD_LEN\x1b[m\x1b[K, MAVLINK_MSG_ID_DOG_MOTORS_CMD_CRC);\n'}
[8.010817] (usb_device_driver) StderrLine: {'line': b'      |                                                                                                                          \x1b[01;36m\x1b[K^~~~~~~~~~~~~~~~~~~~~~~~~~~~~~~~~\x1b[m\x1b[K\n'}
[8.010895] (usb_device_driver) StderrLine: {'line': b'\x1b[01m\x1b[K/home/miles/usb_ros2_ws/src/usb_device_driver/generated/include/mavlink/v2.0/robot_dog/./mavlink_msg_dog_motors_cmd.h:\x1b[m\x1b[K In function \xe2\x80\x98\x1b[01m\x1b[Kuint16_t mavlink_msg_dog_motors_cmd_pack_chan(uint8_t, uint8_t, uint8_t, mavlink_message_t*, uint64_t, const uint8_t*, const float*, const float*, const float*, const float*, const float*)\x1b[m\x1b[K\xe2\x80\x99:\n'}
[8.011018] (usb_device_driver) StderrLine: {'line': b'\x1b[01m\x1b[K/home/miles/usb_ros2_ws/src/usb_device_driver/generated/include/mavlink/v2.0/robot_dog/./mavlink_msg_dog_motors_cmd.h:18:47:\x1b[m\x1b[K \x1b[01;35m\x1b[Kwarning: \x1b[m\x1b[Kunsigned conversion from \xe2\x80\x98\x1b[01m\x1b[Kint\x1b[m\x1b[K\xe2\x80\x99 to \xe2\x80\x98\x1b[01m\x1b[Kuint8_t\x1b[m\x1b[K\xe2\x80\x99 {aka \xe2\x80\x98\x1b[01m\x1b[Kunsigned char\x1b[m\x1b[K\xe2\x80\x99} changes value from \xe2\x80\x98\x1b[01m\x1b[K260\x1b[m\x1b[K\xe2\x80\x99 to \xe2\x80\x98\x1b[01m\x1b[K4\x1b[m\x1b[K\xe2\x80\x99 [\x1b[01;35m\x1b[K\x1b]8;;https://gcc.gnu.org/onlinedocs/gcc/Warning-Options.html#index-Woverflow\x07-Woverflow\x1b]8;;\x07\x1b[m\x1b[K]\n'}
[8.011115] (usb_device_driver) StderrLine: {'line': b'   18 | #define MAVLINK_MSG_ID_DOG_MOTORS_CMD_MIN_LEN \x1b[01;35m\x1b[K260\x1b[m\x1b[K\n'}
[8.011204] (usb_device_driver) StderrLine: {'line': b'      |                                               \x1b[01;35m\x1b[K^~~\x1b[m\x1b[K\n'}
[8.011278] (usb_device_driver) StderrLine: {'line': b'\x1b[01m\x1b[K/home/miles/usb_ros2_ws/src/usb_device_driver/generated/include/mavlink/v2.0/robot_dog/./mavlink_msg_dog_motors_cmd.h:196:78:\x1b[m\x1b[K \x1b[01;36m\x1b[Knote: \x1b[m\x1b[Kin expansion of macro \xe2\x80\x98\x1b[01m\x1b[KMAVLINK_MSG_ID_DOG_MOTORS_CMD_MIN_LEN\x1b[m\x1b[K\xe2\x80\x99\n'}
[8.011349] (usb_device_driver) StderrLine: {'line': b'  196 |     return mavlink_finalize_message_chan(msg, system_id, component_id, chan, \x1b[01;36m\x1b[KMAVLINK_MSG_ID_DOG_MOTORS_CMD_MIN_LEN\x1b[m\x1b[K, MAVLINK_MSG_ID_DOG_MOTORS_CMD_LEN, MAVLINK_MSG_ID_DOG_MOTORS_CMD_CRC);\n'}
[8.011419] (usb_device_driver) StderrLine: {'line': b'      |                                                                              \x1b[01;36m\x1b[K^~~~~~~~~~~~~~~~~~~~~~~~~~~~~~~~~~~~~\x1b[m\x1b[K\n'}
[8.011500] (usb_device_driver) StderrLine: {'line': b'\x1b[01m\x1b[K/home/miles/usb_ros2_ws/src/usb_device_driver/generated/include/mavlink/v2.0/robot_dog/./mavlink_msg_dog_motors_cmd.h:17:43:\x1b[m\x1b[K \x1b[01;35m\x1b[Kwarning: \x1b[m\x1b[Kunsigned conversion from \xe2\x80\x98\x1b[01m\x1b[Kint\x1b[m\x1b[K\xe2\x80\x99 to \xe2\x80\x98\x1b[01m\x1b[Kuint8_t\x1b[m\x1b[K\xe2\x80\x99 {aka \xe2\x80\x98\x1b[01m\x1b[Kunsigned char\x1b[m\x1b[K\xe2\x80\x99} changes value from \xe2\x80\x98\x1b[01m\x1b[K260\x1b[m\x1b[K\xe2\x80\x99 to \xe2\x80\x98\x1b[01m\x1b[K4\x1b[m\x1b[K\xe2\x80\x99 [\x1b[01;35m\x1b[K\x1b]8;;https://gcc.gnu.org/onlinedocs/gcc/Warning-Options.html#index-Woverflow\x07-Woverflow\x1b]8;;\x07\x1b[m\x1b[K]\n'}
[8.011573] (usb_device_driver) StderrLine: {'line': b'   17 | #define MAVLINK_MSG_ID_DOG_MOTORS_CMD_LEN \x1b[01;35m\x1b[K260\x1b[m\x1b[K\n'}
[8.011641] (usb_device_driver) StderrLine: {'line': b'      |                                           \x1b[01;35m\x1b[K^~~\x1b[m\x1b[K\n'}
[8.011718] (usb_device_driver) StderrLine: {'line': b'\x1b[01m\x1b[K/home/miles/usb_ros2_ws/src/usb_device_driver/generated/include/mavlink/v2.0/robot_dog/./mavlink_msg_dog_motors_cmd.h:196:117:\x1b[m\x1b[K \x1b[01;36m\x1b[Knote: \x1b[m\x1b[Kin expansion of macro \xe2\x80\x98\x1b[01m\x1b[KMAVLINK_MSG_ID_DOG_MOTORS_CMD_LEN\x1b[m\x1b[K\xe2\x80\x99\n'}
[8.011805] (usb_device_driver) StderrLine: {'line': b'  196 |     return mavlink_finalize_message_chan(msg, system_id, component_id, chan, MAVLINK_MSG_ID_DOG_MOTORS_CMD_MIN_LEN, \x1b[01;36m\x1b[KMAVLINK_MSG_ID_DOG_MOTORS_CMD_LEN\x1b[m\x1b[K, MAVLINK_MSG_ID_DOG_MOTORS_CMD_CRC);\n'}
[8.011895] (usb_device_driver) StderrLine: {'line': b'      |                                                                                                                     \x1b[01;36m\x1b[K^~~~~~~~~~~~~~~~~~~~~~~~~~~~~~~~~\x1b[m\x1b[K\n'}
[8.011964] (usb_device_driver) StderrLine: {'line': b'In file included from \x1b[01m\x1b[K/home/miles/usb_ros2_ws/src/usb_device_driver/generated/include/mavlink/v2.0/robot_dog/robot_dog.h:57\x1b[m\x1b[K,\n'}
[8.012019] (usb_device_driver) StderrLine: {'line': b'                 from \x1b[01m\x1b[K/home/miles/usb_ros2_ws/src/usb_device_driver/generated/include/mavlink/v2.0/robot_dog/mavlink.h:39\x1b[m\x1b[K,\n'}
[8.012072] (usb_device_driver) StderrLine: {'line': b'                 from \x1b[01m\x1b[K/home/miles/usb_ros2_ws/src/usb_device_driver/include/usb_device_driver/usb_reader_node.hpp:20\x1b[m\x1b[K,\n'}
[8.012127] (usb_device_driver) StderrLine: {'line': b'                 from \x1b[01m\x1b[K/home/miles/usb_ros2_ws/src/usb_device_driver/src/usb_reader_node.cpp:1\x1b[m\x1b[K:\n'}
[8.012202] (usb_device_driver) StderrLine: {'line': b'\x1b[01m\x1b[K/home/miles/usb_ros2_ws/src/usb_device_driver/generated/include/mavlink/v2.0/robot_dog/./mavlink_msg_dog_motors_cmd.h:\x1b[m\x1b[K In function \xe2\x80\x98\x1b[01m\x1b[Kvoid mavlink_msg_dog_motors_cmd_decode(const mavlink_message_t*, mavlink_dog_motors_cmd_t*)\x1b[m\x1b[K\xe2\x80\x99:\n'}
[8.012264] (usb_device_driver) StderrLine: {'line': b'\x1b[01m\x1b[K/home/miles/usb_ros2_ws/src/usb_device_driver/generated/include/mavlink/v2.0/robot_dog/./mavlink_msg_dog_motors_cmd.h:419:32:\x1b[m\x1b[K \x1b[01;35m\x1b[Kwarning: \x1b[m\x1b[Kcomparison is always true due to limited range of data type [\x1b[01;35m\x1b[K\x1b]8;;https://gcc.gnu.org/onlinedocs/gcc/Warning-Options.html#index-Wtype-limits\x07-Wtype-limits\x1b]8;;\x07\x1b[m\x1b[K]\n'}
[8.012322] (usb_device_driver) StderrLine: {'line': b'  419 |         uint8_t len = msg->len \x1b[01;35m\x1b[K<\x1b[m\x1b[K MAVLINK_MSG_ID_DOG_MOTORS_CMD_LEN? msg->len : MAVLINK_MSG_ID_DOG_MOTORS_CMD_LEN;\n'}
[8.012376] (usb_device_driver) StderrLine: {'line': b'      |                                \x1b[01;35m\x1b[K^\x1b[m\x1b[K\n'}
[8.012429] (usb_device_driver) StderrLine: {'line': b'In file included from \x1b[01m\x1b[K/home/miles/usb_ros2_ws/src/usb_device_driver/generated/include/mavlink/v2.0/robot_dog/robot_dog.h:58\x1b[m\x1b[K,\n'}
[8.012488] (usb_device_driver) StderrLine: {'line': b'                 from \x1b[01m\x1b[K/home/miles/usb_ros2_ws/src/usb_device_driver/generated/include/mavlink/v2.0/robot_dog/mavlink.h:39\x1b[m\x1b[K,\n'}
[8.012550] (usb_device_driver) StderrLine: {'line': b'                 from \x1b[01m\x1b[K/home/miles/usb_ros2_ws/src/usb_device_driver/include/usb_device_driver/usb_reader_node.hpp:20\x1b[m\x1b[K,\n'}
[8.012603] (usb_device_driver) StderrLine: {'line': b'                 from \x1b[01m\x1b[K/home/miles/usb_ros2_ws/src/usb_device_driver/src/usb_reader_node.cpp:1\x1b[m\x1b[K:\n'}
[8.012656] (usb_device_driver) StderrLine: {'line': b'\x1b[01m\x1b[K/home/miles/usb_ros2_ws/src/usb_device_driver/generated/include/mavlink/v2.0/robot_dog/./mavlink_msg_dog_motors_state.h:\x1b[m\x1b[K In function \xe2\x80\x98\x1b[01m\x1b[Kuint16_t mavlink_msg_dog_motors_state_pack(uint8_t, uint8_t, mavlink_message_t*, uint64_t, const uint8_t*, const float*, const float*, const float*, const float*, const float*, const uint8_t*)\x1b[m\x1b[K\xe2\x80\x99:\n'}
[8.012723] (usb_device_driver) StderrLine: {'line': b'\x1b[01m\x1b[K/home/miles/usb_ros2_ws/src/usb_device_driver/generated/include/mavlink/v2.0/robot_dog/./mavlink_msg_dog_motors_state.h:19:49:\x1b[m\x1b[K \x1b[01;35m\x1b[Kwarning: \x1b[m\x1b[Kunsigned conversion from \xe2\x80\x98\x1b[01m\x1b[Kint\x1b[m\x1b[K\xe2\x80\x99 to \xe2\x80\x98\x1b[01m\x1b[Kuint8_t\x1b[m\x1b[K\xe2\x80\x99 {aka \xe2\x80\x98\x1b[01m\x1b[Kunsigned char\x1b[m\x1b[K\xe2\x80\x99} changes value from \xe2\x80\x98\x1b[01m\x1b[K272\x1b[m\x1b[K\xe2\x80\x99 to \xe2\x80\x98\x1b[01m\x1b[K16\x1b[m\x1b[K\xe2\x80\x99 [\x1b[01;35m\x1b[K\x1b]8;;https://gcc.gnu.org/onlinedocs/gcc/Warning-Options.html#index-Woverflow\x07-Woverflow\x1b]8;;\x07\x1b[m\x1b[K]\n'}
[8.012785] (usb_device_driver) StderrLine: {'line': b'   19 | #define MAVLINK_MSG_ID_DOG_MOTORS_STATE_MIN_LEN \x1b[01;35m\x1b[K272\x1b[m\x1b[K\n'}
[8.012840] (usb_device_driver) StderrLine: {'line': b'      |                                                 \x1b[01;35m\x1b[K^~~\x1b[m\x1b[K\n'}
[8.012892] (usb_device_driver) StderrLine: {'line': b'\x1b[01m\x1b[K/home/miles/usb_ros2_ws/src/usb_device_driver/generated/include/mavlink/v2.0/robot_dog/./mavlink_msg_dog_motors_state.h:109:67:\x1b[m\x1b[K \x1b[01;36m\x1b[Knote: \x1b[m\x1b[Kin expansion of macro \xe2\x80\x98\x1b[01m\x1b[KMAVLINK_MSG_ID_DOG_MOTORS_STATE_MIN_LEN\x1b[m\x1b[K\xe2\x80\x99\n'}
[8.012947] (usb_device_driver) StderrLine: {'line': b'  109 |     return mavlink_finalize_message(msg, system_id, component_id, \x1b[01;36m\x1b[KMAVLINK_MSG_ID_DOG_MOTORS_STATE_MIN_LEN\x1b[m\x1b[K, MAVLINK_MSG_ID_DOG_MOTORS_STATE_LEN, MAVLINK_MSG_ID_DOG_MOTORS_STATE_CRC);\n'}
[8.013000] (usb_device_driver) StderrLine: {'line': b'      |                                                                   \x1b[01;36m\x1b[K^~~~~~~~~~~~~~~~~~~~~~~~~~~~~~~~~~~~~~~\x1b[m\x1b[K\n'}
[8.013054] (usb_device_driver) StderrLine: {'line': b'\x1b[01m\x1b[K/home/miles/usb_ros2_ws/src/usb_device_driver/generated/include/mavlink/v2.0/robot_dog/./mavlink_msg_dog_motors_state.h:18:45:\x1b[m\x1b[K \x1b[01;35m\x1b[Kwarning: \x1b[m\x1b[Kunsigned conversion from \xe2\x80\x98\x1b[01m\x1b[Kint\x1b[m\x1b[K\xe2\x80\x99 to \xe2\x80\x98\x1b[01m\x1b[Kuint8_t\x1b[m\x1b[K\xe2\x80\x99 {aka \xe2\x80\x98\x1b[01m\x1b[Kunsigned char\x1b[m\x1b[K\xe2\x80\x99} changes value from \xe2\x80\x98\x1b[01m\x1b[K272\x1b[m\x1b[K\xe2\x80\x99 to \xe2\x80\x98\x1b[01m\x1b[K16\x1b[m\x1b[K\xe2\x80\x99 [\x1b[01;35m\x1b[K\x1b]8;;https://gcc.gnu.org/onlinedocs/gcc/Warning-Options.html#index-Woverflow\x07-Woverflow\x1b]8;;\x07\x1b[m\x1b[K]\n'}
[8.013110] (usb_device_driver) StderrLine: {'line': b'   18 | #define MAVLINK_MSG_ID_DOG_MOTORS_STATE_LEN \x1b[01;35m\x1b[K272\x1b[m\x1b[K\n'}
[8.013205] (usb_device_driver) StderrLine: {'line': b'      |                                             \x1b[01;35m\x1b[K^~~\x1b[m\x1b[K\n'}
[8.013286] (usb_device_driver) StderrLine: {'line': b'\x1b[01m\x1b[K/home/miles/usb_ros2_ws/src/usb_device_driver/generated/include/mavlink/v2.0/robot_dog/./mavlink_msg_dog_motors_state.h:109:108:\x1b[m\x1b[K \x1b[01;36m\x1b[Knote: \x1b[m\x1b[Kin expansion of macro \xe2\x80\x98\x1b[01m\x1b[KMAVLINK_MSG_ID_DOG_MOTORS_STATE_LEN\x1b[m\x1b[K\xe2\x80\x99\n'}
[8.013362] (usb_device_driver) StderrLine: {'line': b'  109 |     return mavlink_finalize_message(msg, system_id, component_id, MAVLINK_MSG_ID_DOG_MOTORS_STATE_MIN_LEN, \x1b[01;36m\x1b[KMAVLINK_MSG_ID_DOG_MOTORS_STATE_LEN\x1b[m\x1b[K, MAVLINK_MSG_ID_DOG_MOTORS_STATE_CRC);\n'}
[8.013432] (usb_device_driver) StderrLine: {'line': b'      |                                                                                                            \x1b[01;36m\x1b[K^~~~~~~~~~~~~~~~~~~~~~~~~~~~~~~~~~~\x1b[m\x1b[K\n'}
[8.013500] (usb_device_driver) StderrLine: {'line': b'\x1b[01m\x1b[K/home/miles/usb_ros2_ws/src/usb_device_driver/generated/include/mavlink/v2.0/robot_dog/./mavlink_msg_dog_motors_state.h:\x1b[m\x1b[K In function \xe2\x80\x98\x1b[01m\x1b[Kuint16_t mavlink_msg_dog_motors_state_pack_status(uint8_t, uint8_t, mavlink_status_t*, mavlink_message_t*, uint64_t, const uint8_t*, const float*, const float*, const float*, const float*, const float*, const uint8_t*)\x1b[m\x1b[K\xe2\x80\x99:\n'}
[8.013582] (usb_device_driver) StderrLine: {'line': b'\x1b[01m\x1b[K/home/miles/usb_ros2_ws/src/usb_device_driver/generated/include/mavlink/v2.0/robot_dog/./mavlink_msg_dog_motors_state.h:19:49:\x1b[m\x1b[K \x1b[01;35m\x1b[Kwarning: \x1b[m\x1b[Kunsigned conversion from \xe2\x80\x98\x1b[01m\x1b[Kint\x1b[m\x1b[K\xe2\x80\x99 to \xe2\x80\x98\x1b[01m\x1b[Kuint8_t\x1b[m\x1b[K\xe2\x80\x99 {aka \xe2\x80\x98\x1b[01m\x1b[Kunsigned char\x1b[m\x1b[K\xe2\x80\x99} changes value from \xe2\x80\x98\x1b[01m\x1b[K272\x1b[m\x1b[K\xe2\x80\x99 to \xe2\x80\x98\x1b[01m\x1b[K16\x1b[m\x1b[K\xe2\x80\x99 [\x1b[01;35m\x1b[K\x1b]8;;https://gcc.gnu.org/onlinedocs/gcc/Warning-Options.html#index-Woverflow\x07-Woverflow\x1b]8;;\x07\x1b[m\x1b[K]\n'}
[8.013663] (usb_device_driver) StderrLine: {'line': b'   19 | #define MAVLINK_MSG_ID_DOG_MOTORS_STATE_MIN_LEN \x1b[01;35m\x1b[K272\x1b[m\x1b[K\n'}
[8.013759] (usb_device_driver) StderrLine: {'line': b'      |                                                 \x1b[01;35m\x1b[K^~~\x1b[m\x1b[K\n'}
[8.013829] (usb_device_driver) StderrLine: {'line': b'\x1b[01m\x1b[K/home/miles/usb_ros2_ws/src/usb_device_driver/generated/include/mavlink/v2.0/robot_dog/./mavlink_msg_dog_motors_state.h:158:83:\x1b[m\x1b[K \x1b[01;36m\x1b[Knote: \x1b[m\x1b[Kin expansion of macro \xe2\x80\x98\x1b[01m\x1b[KMAVLINK_MSG_ID_DOG_MOTORS_STATE_MIN_LEN\x1b[m\x1b[K\xe2\x80\x99\n'}
[8.013898] (usb_device_driver) StderrLine: {'line': b'  158 |     return mavlink_finalize_message_buffer(msg, system_id, component_id, _status, \x1b[01;36m\x1b[KMAVLINK_MSG_ID_DOG_MOTORS_STATE_MIN_LEN\x1b[m\x1b[K, MAVLINK_MSG_ID_DOG_MOTORS_STATE_LEN, MAVLINK_MSG_ID_DOG_MOTORS_STATE_CRC);\n'}
[8.013974] (usb_device_driver) StderrLine: {'line': b'      |                                                                                   \x1b[01;36m\x1b[K^~~~~~~~~~~~~~~~~~~~~~~~~~~~~~~~~~~~~~~\x1b[m\x1b[K\n'}
[8.014041] (usb_device_driver) StderrLine: {'line': b'\x1b[01m\x1b[K/home/miles/usb_ros2_ws/src/usb_device_driver/generated/include/mavlink/v2.0/robot_dog/./mavlink_msg_dog_motors_state.h:18:45:\x1b[m\x1b[K \x1b[01;35m\x1b[Kwarning: \x1b[m\x1b[Kunsigned conversion from \xe2\x80\x98\x1b[01m\x1b[Kint\x1b[m\x1b[K\xe2\x80\x99 to \xe2\x80\x98\x1b[01m\x1b[Kuint8_t\x1b[m\x1b[K\xe2\x80\x99 {aka \xe2\x80\x98\x1b[01m\x1b[Kunsigned char\x1b[m\x1b[K\xe2\x80\x99} changes value from \xe2\x80\x98\x1b[01m\x1b[K272\x1b[m\x1b[K\xe2\x80\x99 to \xe2\x80\x98\x1b[01m\x1b[K16\x1b[m\x1b[K\xe2\x80\x99 [\x1b[01;35m\x1b[K\x1b]8;;https://gcc.gnu.org/onlinedocs/gcc/Warning-Options.html#index-Woverflow\x07-Woverflow\x1b]8;;\x07\x1b[m\x1b[K]\n'}
[8.014115] (usb_device_driver) StderrLine: {'line': b'   18 | #define MAVLINK_MSG_ID_DOG_MOTORS_STATE_LEN \x1b[01;35m\x1b[K272\x1b[m\x1b[K\n'}
[8.014202] (usb_device_driver) StderrLine: {'line': b'      |                                             \x1b[01;35m\x1b[K^~~\x1b[m\x1b[K\n'}
[8.014279] (usb_device_driver) StderrLine: {'line': b'\x1b[01m\x1b[K/home/miles/usb_ros2_ws/src/usb_device_driver/generated/include/mavlink/v2.0/robot_dog/./mavlink_msg_dog_motors_state.h:158:124:\x1b[m\x1b[K \x1b[01;36m\x1b[Knote: \x1b[m\x1b[Kin expansion of macro \xe2\x80\x98\x1b[01m\x1b[KMAVLINK_MSG_ID_DOG_MOTORS_STATE_LEN\x1b[m\x1b[K\xe2\x80\x99\n'}
[8.014344] (usb_device_driver) StderrLine: {'line': b'  158 |     return mavlink_finalize_message_buffer(msg, system_id, component_id, _status, MAVLINK_MSG_ID_DOG_MOTORS_STATE_MIN_LEN, \x1b[01;36m\x1b[KMAVLINK_MSG_ID_DOG_MOTORS_STATE_LEN\x1b[m\x1b[K, MAVLINK_MSG_ID_DOG_MOTORS_STATE_CRC);\n'}
[8.014408] (usb_device_driver) StderrLine: {'line': b'      |                                                                                                                            \x1b[01;36m\x1b[K^~~~~~~~~~~~~~~~~~~~~~~~~~~~~~~~~~~\x1b[m\x1b[K\n'}
[8.014474] (usb_device_driver) StderrLine: {'line': b'\x1b[01m\x1b[K/home/miles/usb_ros2_ws/src/usb_device_driver/generated/include/mavlink/v2.0/robot_dog/./mavlink_msg_dog_motors_state.h:\x1b[m\x1b[K In function \xe2\x80\x98\x1b[01m\x1b[Kuint16_t mavlink_msg_dog_motors_state_pack_chan(uint8_t, uint8_t, uint8_t, mavlink_message_t*, uint64_t, const uint8_t*, const float*, const float*, const float*, const float*, const float*, const uint8_t*)\x1b[m\x1b[K\xe2\x80\x99:\n'}
[8.014556] (usb_device_driver) StderrLine: {'line': b'\x1b[01m\x1b[K/home/miles/usb_ros2_ws/src/usb_device_driver/generated/include/mavlink/v2.0/robot_dog/./mavlink_msg_dog_motors_state.h:19:49:\x1b[m\x1b[K \x1b[01;35m\x1b[Kwarning: \x1b[m\x1b[Kunsigned conversion from \xe2\x80\x98\x1b[01m\x1b[Kint\x1b[m\x1b[K\xe2\x80\x99 to \xe2\x80\x98\x1b[01m\x1b[Kuint8_t\x1b[m\x1b[K\xe2\x80\x99 {aka \xe2\x80\x98\x1b[01m\x1b[Kunsigned char\x1b[m\x1b[K\xe2\x80\x99} changes value from \xe2\x80\x98\x1b[01m\x1b[K272\x1b[m\x1b[K\xe2\x80\x99 to \xe2\x80\x98\x1b[01m\x1b[K16\x1b[m\x1b[K\xe2\x80\x99 [\x1b[01;35m\x1b[K\x1b]8;;https://gcc.gnu.org/onlinedocs/gcc/Warning-Options.html#index-Woverflow\x07-Woverflow\x1b]8;;\x07\x1b[m\x1b[K]\n'}
[8.014627] (usb_device_driver) StderrLine: {'line': b'   19 | #define MAVLINK_MSG_ID_DOG_MOTORS_STATE_MIN_LEN \x1b[01;35m\x1b[K272\x1b[m\x1b[K\n'}
[8.014693] (usb_device_driver) StderrLine: {'line': b'      |                                                 \x1b[01;35m\x1b[K^~~\x1b[m\x1b[K\n'}
[8.014757] (usb_device_driver) StderrLine: {'line': b'\x1b[01m\x1b[K/home/miles/usb_ros2_ws/src/usb_device_driver/generated/include/mavlink/v2.0/robot_dog/./mavlink_msg_dog_motors_state.h:209:78:\x1b[m\x1b[K \x1b[01;36m\x1b[Knote: \x1b[m\x1b[Kin expansion of macro \xe2\x80\x98\x1b[01m\x1b[KMAVLINK_MSG_ID_DOG_MOTORS_STATE_MIN_LEN\x1b[m\x1b[K\xe2\x80\x99\n'}
[8.014829] (usb_device_driver) StderrLine: {'line': b'  209 |     return mavlink_finalize_message_chan(msg, system_id, component_id, chan, \x1b[01;36m\x1b[KMAVLINK_MSG_ID_DOG_MOTORS_STATE_MIN_LEN\x1b[m\x1b[K, MAVLINK_MSG_ID_DOG_MOTORS_STATE_LEN, MAVLINK_MSG_ID_DOG_MOTORS_STATE_CRC);\n'}
[8.014893] (usb_device_driver) StderrLine: {'line': b'      |                                                                              \x1b[01;36m\x1b[K^~~~~~~~~~~~~~~~~~~~~~~~~~~~~~~~~~~~~~~\x1b[m\x1b[K\n'}
[8.014956] (usb_device_driver) StderrLine: {'line': b'\x1b[01m\x1b[K/home/miles/usb_ros2_ws/src/usb_device_driver/generated/include/mavlink/v2.0/robot_dog/./mavlink_msg_dog_motors_state.h:18:45:\x1b[m\x1b[K \x1b[01;35m\x1b[Kwarning: \x1b[m\x1b[Kunsigned conversion from \xe2\x80\x98\x1b[01m\x1b[Kint\x1b[m\x1b[K\xe2\x80\x99 to \xe2\x80\x98\x1b[01m\x1b[Kuint8_t\x1b[m\x1b[K\xe2\x80\x99 {aka \xe2\x80\x98\x1b[01m\x1b[Kunsigned char\x1b[m\x1b[K\xe2\x80\x99} changes value from \xe2\x80\x98\x1b[01m\x1b[K272\x1b[m\x1b[K\xe2\x80\x99 to \xe2\x80\x98\x1b[01m\x1b[K16\x1b[m\x1b[K\xe2\x80\x99 [\x1b[01;35m\x1b[K\x1b]8;;https://gcc.gnu.org/onlinedocs/gcc/Warning-Options.html#index-Woverflow\x07-Woverflow\x1b]8;;\x07\x1b[m\x1b[K]\n'}
[8.015027] (usb_device_driver) StderrLine: {'line': b'   18 | #define MAVLINK_MSG_ID_DOG_MOTORS_STATE_LEN \x1b[01;35m\x1b[K272\x1b[m\x1b[K\n'}
[8.015089] (usb_device_driver) StderrLine: {'line': b'      |                                             \x1b[01;35m\x1b[K^~~\x1b[m\x1b[K\n'}
[8.015176] (usb_device_driver) StderrLine: {'line': b'\x1b[01m\x1b[K/home/miles/usb_ros2_ws/src/usb_device_driver/generated/include/mavlink/v2.0/robot_dog/./mavlink_msg_dog_motors_state.h:209:119:\x1b[m\x1b[K \x1b[01;36m\x1b[Knote: \x1b[m\x1b[Kin expansion of macro \xe2\x80\x98\x1b[01m\x1b[KMAVLINK_MSG_ID_DOG_MOTORS_STATE_LEN\x1b[m\x1b[K\xe2\x80\x99\n'}
[8.015258] (usb_device_driver) StderrLine: {'line': b'  209 |     return mavlink_finalize_message_chan(msg, system_id, component_id, chan, MAVLINK_MSG_ID_DOG_MOTORS_STATE_MIN_LEN, \x1b[01;36m\x1b[KMAVLINK_MSG_ID_DOG_MOTORS_STATE_LEN\x1b[m\x1b[K, MAVLINK_MSG_ID_DOG_MOTORS_STATE_CRC);\n'}
[8.015329] (usb_device_driver) StderrLine: {'line': b'      |                                                                                                                       \x1b[01;36m\x1b[K^~~~~~~~~~~~~~~~~~~~~~~~~~~~~~~~~~~\x1b[m\x1b[K\n'}
[8.015402] (usb_device_driver) StderrLine: {'line': b'In file included from \x1b[01m\x1b[K/home/miles/usb_ros2_ws/src/usb_device_driver/generated/include/mavlink/v2.0/robot_dog/robot_dog.h:58\x1b[m\x1b[K,\n'}
[8.015475] (usb_device_driver) StderrLine: {'line': b'                 from \x1b[01m\x1b[K/home/miles/usb_ros2_ws/src/usb_device_driver/generated/include/mavlink/v2.0/robot_dog/mavlink.h:39\x1b[m\x1b[K,\n'}
[8.015544] (usb_device_driver) StderrLine: {'line': b'                 from \x1b[01m\x1b[K/home/miles/usb_ros2_ws/src/usb_device_driver/include/usb_device_driver/usb_reader_node.hpp:20\x1b[m\x1b[K,\n'}
[8.015607] (usb_device_driver) StderrLine: {'line': b'                 from \x1b[01m\x1b[K/home/miles/usb_ros2_ws/src/usb_device_driver/src/usb_reader_node.cpp:1\x1b[m\x1b[K:\n'}
[8.015672] (usb_device_driver) StderrLine: {'line': b'\x1b[01m\x1b[K/home/miles/usb_ros2_ws/src/usb_device_driver/generated/include/mavlink/v2.0/robot_dog/./mavlink_msg_dog_motors_state.h:\x1b[m\x1b[K In function \xe2\x80\x98\x1b[01m\x1b[Kuint16_t mavlink_msg_dog_motors_state_get_statuses(const mavlink_message_t*, uint8_t*)\x1b[m\x1b[K\xe2\x80\x99:\n'}
[8.015740] (usb_device_driver) StderrLine: {'line': b'\x1b[01m\x1b[K/home/miles/usb_ros2_ws/src/usb_device_driver/generated/include/mavlink/v2.0/robot_dog/./mavlink_msg_dog_motors_state.h:427:58:\x1b[m\x1b[K \x1b[01;35m\x1b[Kwarning: \x1b[m\x1b[Kunsigned conversion from \xe2\x80\x98\x1b[01m\x1b[Kint\x1b[m\x1b[K\xe2\x80\x99 to \xe2\x80\x98\x1b[01m\x1b[Kuint8_t\x1b[m\x1b[K\xe2\x80\x99 {aka \xe2\x80\x98\x1b[01m\x1b[Kunsigned char\x1b[m\x1b[K\xe2\x80\x99} changes value from \xe2\x80\x98\x1b[01m\x1b[K260\x1b[m\x1b[K\xe2\x80\x99 to \xe2\x80\x98\x1b[01m\x1b[K4\x1b[m\x1b[K\xe2\x80\x99 [\x1b[01;35m\x1b[K\x1b]8;;https://gcc.gnu.org/onlinedocs/gcc/Warning-Options.html#index-Woverflow\x07-Woverflow\x1b]8;;\x07\x1b[m\x1b[K]\n'}
[8.015808] (usb_device_driver) StderrLine: {'line': b'  427 |     return _MAV_RETURN_uint8_t_array(msg, statuses, 12,  \x1b[01;35m\x1b[K260\x1b[m\x1b[K);\n'}
[8.015872] (usb_device_driver) StderrLine: {'line': b'      |                                                          \x1b[01;35m\x1b[K^~~\x1b[m\x1b[K\n'}
[8.015949] (usb_device_driver) StderrLine: {'line': b'\x1b[01m\x1b[K/home/miles/usb_ros2_ws/src/usb_device_driver/generated/include/mavlink/v2.0/robot_dog/./mavlink_msg_dog_motors_state.h:\x1b[m\x1b[K In function \xe2\x80\x98\x1b[01m\x1b[Kvoid mavlink_msg_dog_motors_state_decode(const mavlink_message_t*, mavlink_dog_motors_state_t*)\x1b[m\x1b[K\xe2\x80\x99:\n'}
[8.016021] (usb_device_driver) StderrLine: {'line': b'\x1b[01m\x1b[K/home/miles/usb_ros2_ws/src/usb_device_driver/generated/include/mavlink/v2.0/robot_dog/./mavlink_msg_dog_motors_state.h:448:32:\x1b[m\x1b[K \x1b[01;35m\x1b[Kwarning: \x1b[m\x1b[Kcomparison is always true due to limited range of data type [\x1b[01;35m\x1b[K\x1b]8;;https://gcc.gnu.org/onlinedocs/gcc/Warning-Options.html#index-Wtype-limits\x07-Wtype-limits\x1b]8;;\x07\x1b[m\x1b[K]\n'}
[8.016086] (usb_device_driver) StderrLine: {'line': b'  448 |         uint8_t len = msg->len \x1b[01;35m\x1b[K<\x1b[m\x1b[K MAVLINK_MSG_ID_DOG_MOTORS_STATE_LEN? msg->len : MAVLINK_MSG_ID_DOG_MOTORS_STATE_LEN;\n'}
[8.016173] (usb_device_driver) StderrLine: {'line': b'      |                                \x1b[01;35m\x1b[K^\x1b[m\x1b[K\n'}
[8.027228] (-) TimerEvent: {}
[8.127640] (-) TimerEvent: {}
[8.228066] (-) TimerEvent: {}
[8.276481] (usb_device_driver) StderrLine: {'line': b'\x1b[01m\x1b[K/home/miles/usb_ros2_ws/src/usb_device_driver/src/usb_reader_node.cpp:\x1b[m\x1b[K In member function \xe2\x80\x98\x1b[01m\x1b[Kvoid usb_device_driver::USBReaderNode::readSerialThread()\x1b[m\x1b[K\xe2\x80\x99:\n'}
[8.276806] (usb_device_driver) StderrLine: {'line': b'\x1b[01m\x1b[K/home/miles/usb_ros2_ws/src/usb_device_driver/src/usb_reader_node.cpp:328:47:\x1b[m\x1b[K \x1b[01;31m\x1b[Kerror: \x1b[m\x1b[K\xe2\x80\x98\x1b[01m\x1b[Klast_status\x1b[m\x1b[K\xe2\x80\x99 was not declared in this scope; did you mean \xe2\x80\x98\x1b[01m\x1b[Ksi_status\x1b[m\x1b[K\xe2\x80\x99?\n'}
[8.277001] (usb_device_driver) StderrLine: {'line': b'  328 |                     mavlink_status_t status = \x1b[01;31m\x1b[Klast_status\x1b[m\x1b[K; // \xe4\xbd\xbf\xe7\x94\xa8\xe4\xb8\x8a\xe4\xb8\x80\xe6\xac\xa1\xe7\x9a\x84\xe7\x8a\xb6\xe6\x80\x81\n'}
[8.277111] (usb_device_driver) StderrLine: {'line': b'      |                                               \x1b[01;31m\x1b[K^~~~~~~~~~~\x1b[m\x1b[K\n'}
[8.277189] (usb_device_driver) StderrLine: {'line': b'      |                                               \x1b[32m\x1b[Ksi_status\x1b[m\x1b[K\n'}
[8.285770] (usb_device_driver) StderrLine: {'line': b'\x1b[01m\x1b[K/home/miles/usb_ros2_ws/src/usb_device_driver/src/usb_reader_node.cpp:\x1b[m\x1b[K In member function \xe2\x80\x98\x1b[01m\x1b[Kvoid usb_device_driver::USBReaderNode::sendMotorCmdToSerial(usb_device_driver::msg::MotorsCmd_<std::allocator<void> >::SharedPtr)\x1b[m\x1b[K\xe2\x80\x99:\n'}
[8.285943] (usb_device_driver) StderrLine: {'line': b'\x1b[01m\x1b[K/home/miles/usb_ros2_ws/src/usb_device_driver/src/usb_reader_node.cpp:548:74:\x1b[m\x1b[K \x1b[01;31m\x1b[Kerror: \x1b[m\x1b[K\xe2\x80\x98\x1b[01m\x1b[Kmavlink_message_t\x1b[m\x1b[K\xe2\x80\x99 {aka \xe2\x80\x98\x1b[01m\x1b[Kstruct __mavlink_message\x1b[m\x1b[K\xe2\x80\x99} has no member named \xe2\x80\x98\x1b[01m\x1b[Kdata\x1b[m\x1b[K\xe2\x80\x99\n'}
[8.286034] (usb_device_driver) StderrLine: {'line': b'  548 |                 serial_port_.Write(reinterpret_cast<const char*>(mav_msg.\x1b[01;31m\x1b[Kdata\x1b[m\x1b[K), len);\n'}
[8.286099] (usb_device_driver) StderrLine: {'line': b'      |                                                                          \x1b[01;31m\x1b[K^~~~\x1b[m\x1b[K\n'}
[8.287678] (usb_device_driver) StderrLine: {'line': b'In file included from \x1b[01m\x1b[K/opt/ros/humble/include/rclcpp/rclcpp/logging.hpp:24\x1b[m\x1b[K,\n'}
[8.287788] (usb_device_driver) StderrLine: {'line': b'                 from \x1b[01m\x1b[K/opt/ros/humble/include/rclcpp/rclcpp/client.hpp:40\x1b[m\x1b[K,\n'}
[8.287864] (usb_device_driver) StderrLine: {'line': b'                 from \x1b[01m\x1b[K/opt/ros/humble/include/rclcpp/rclcpp/callback_group.hpp:24\x1b[m\x1b[K,\n'}
[8.288017] (usb_device_driver) StderrLine: {'line': b'                 from \x1b[01m\x1b[K/opt/ros/humble/include/rclcpp/rclcpp/any_executable.hpp:20\x1b[m\x1b[K,\n'}
[8.288192] (usb_device_driver) StderrLine: {'line': b'                 from \x1b[01m\x1b[K/opt/ros/humble/include/rclcpp/rclcpp/memory_strategy.hpp:25\x1b[m\x1b[K,\n'}
[8.288367] (usb_device_driver) StderrLine: {'line': b'                 from \x1b[01m\x1b[K/opt/ros/humble/include/rclcpp/rclcpp/memory_strategies.hpp:18\x1b[m\x1b[K,\n'}
[8.288736] (usb_device_driver) StderrLine: {'line': b'                 from \x1b[01m\x1b[K/opt/ros/humble/include/rclcpp/rclcpp/executor_options.hpp:20\x1b[m\x1b[K,\n'}
[8.288914] (usb_device_driver) StderrLine: {'line': b'                 from \x1b[01m\x1b[K/opt/ros/humble/include/rclcpp/rclcpp/executor.hpp:37\x1b[m\x1b[K,\n'}
[8.289034] (usb_device_driver) StderrLine: {'line': b'                 from \x1b[01m\x1b[K/opt/ros/humble/include/rclcpp/rclcpp/executors/multi_threaded_executor.hpp:25\x1b[m\x1b[K,\n'}
[8.289125] (usb_device_driver) StderrLine: {'line': b'                 from \x1b[01m\x1b[K/opt/ros/humble/include/rclcpp/rclcpp/executors.hpp:21\x1b[m\x1b[K,\n'}
[8.289191] (usb_device_driver) StderrLine: {'line': b'                 from \x1b[01m\x1b[K/opt/ros/humble/include/rclcpp/rclcpp/rclcpp.hpp:155\x1b[m\x1b[K,\n'}
[8.289245] (usb_device_driver) StderrLine: {'line': b'                 from \x1b[01m\x1b[K/home/miles/usb_ros2_ws/src/usb_device_driver/include/usb_device_driver/usb_reader_node.hpp:4\x1b[m\x1b[K,\n'}
[8.289296] (usb_device_driver) StderrLine: {'line': b'                 from \x1b[01m\x1b[K/home/miles/usb_ros2_ws/src/usb_device_driver/src/usb_reader_node.cpp:1\x1b[m\x1b[K:\n'}
[8.289345] (usb_device_driver) StderrLine: {'line': b'\x1b[01m\x1b[K/home/miles/usb_ros2_ws/src/usb_device_driver/src/usb_reader_node.cpp:\x1b[m\x1b[K In member function \xe2\x80\x98\x1b[01m\x1b[Kvoid usb_device_driver::USBReaderNode::handleReceivedMavlinkData(const uint8_t*, size_t)\x1b[m\x1b[K\xe2\x80\x99:\n'}
[8.289404] (usb_device_driver) StderrLine: {'line': b'\x1b[01m\x1b[K/home/miles/usb_ros2_ws/src/usb_device_driver/src/usb_reader_node.cpp:606:61:\x1b[m\x1b[K \x1b[01;35m\x1b[Kwarning: \x1b[m\x1b[Kformat \xe2\x80\x98\x1b[01m\x1b[K%d\x1b[m\x1b[K\xe2\x80\x99 expects argument of type \xe2\x80\x98\x1b[01m\x1b[Kint\x1b[m\x1b[K\xe2\x80\x99, but argument 5 has type \xe2\x80\x98\x1b[01m\x1b[Ksize_t\x1b[m\x1b[K\xe2\x80\x99 {aka \xe2\x80\x98\x1b[01m\x1b[Klong unsigned int\x1b[m\x1b[K\xe2\x80\x99} [\x1b[01;35m\x1b[K\x1b]8;;https://gcc.gnu.org/onlinedocs/gcc/Warning-Options.html#index-Wformat=\x07-Wformat=\x1b]8;;\x07\x1b[m\x1b[K]\n'}
[8.289463] (usb_device_driver) StderrLine: {'line': b'  606 |                             RCLCPP_INFO(this->get_logger(), \x1b[01;35m\x1b[K"\xe5\x8f\x91\xe5\xb8\x83\xe7\x94\xb5\xe6\x9c\xba\xe7\x8a\xb6\xe6\x80\x81\xe6\xb6\x88\xe6\x81\xaf\xe5\x88\xb0ROS2:\xef\xbc\x8c\xe9\x95\xbf\xe5\xba\xa6\xef\xbc\x9a%d"\x1b[m\x1b[K, \x1b[32m\x1b[Klen\x1b[m\x1b[K);\n'}
[8.289516] (usb_device_driver) StderrLine: {'line': b'      |                                                             \x1b[01;35m\x1b[K^~~~~~~~~~~~~~~~~~~~~~~~~~~~~~~~~~~\x1b[m\x1b[K  \x1b[32m\x1b[K~~~\x1b[m\x1b[K\n'}
[8.289564] (usb_device_driver) StderrLine: {'line': b'      |                                                                                                  \x1b[32m\x1b[K|\x1b[m\x1b[K\n'}
[8.289610] (usb_device_driver) StderrLine: {'line': b'      |                                                                                                  \x1b[32m\x1b[Ksize_t {aka long unsigned int}\x1b[m\x1b[K\n'}
[8.289656] (usb_device_driver) StderrLine: {'line': b'\x1b[01m\x1b[K/home/miles/usb_ros2_ws/src/usb_device_driver/src/usb_reader_node.cpp:606:94:\x1b[m\x1b[K \x1b[01;36m\x1b[Knote: \x1b[m\x1b[Kformat string is defined here\n'}
[8.289702] (usb_device_driver) StderrLine: {'line': b'  606 |                             RCLCPP_INFO(this->get_logger(), "\xe5\x8f\x91\xe5\xb8\x83\xe7\x94\xb5\xe6\x9c\xba\xe7\x8a\xb6\xe6\x80\x81\xe6\xb6\x88\xe6\x81\xaf\xe5\x88\xb0ROS2:\xef\xbc\x8c\xe9\x95\xbf\xe5\xba\xa6\xef\xbc\x9a\x1b[01;36m\x1b[K%d\x1b[m\x1b[K", len);\n'}
[8.289749] (usb_device_driver) StderrLine: {'line': b'      |                                                                                             \x1b[01;36m\x1b[K~^\x1b[m\x1b[K\n'}
[8.289795] (usb_device_driver) StderrLine: {'line': b'      |                                                                                              \x1b[01;36m\x1b[K|\x1b[m\x1b[K\n'}
[8.289841] (usb_device_driver) StderrLine: {'line': b'      |                                                                                              \x1b[01;36m\x1b[Kint\x1b[m\x1b[K\n'}
[8.289886] (usb_device_driver) StderrLine: {'line': b'      |                                                                                             \x1b[32m\x1b[K%ld\x1b[m\x1b[K\n'}
[8.289932] (usb_device_driver) StderrLine: {'line': b'In file included from \x1b[01m\x1b[K/opt/ros/humble/include/rclcpp/rclcpp/logging.hpp:24\x1b[m\x1b[K,\n'}
[8.289978] (usb_device_driver) StderrLine: {'line': b'                 from \x1b[01m\x1b[K/opt/ros/humble/include/rclcpp/rclcpp/client.hpp:40\x1b[m\x1b[K,\n'}
[8.290023] (usb_device_driver) StderrLine: {'line': b'                 from \x1b[01m\x1b[K/opt/ros/humble/include/rclcpp/rclcpp/callback_group.hpp:24\x1b[m\x1b[K,\n'}
[8.290068] (usb_device_driver) StderrLine: {'line': b'                 from \x1b[01m\x1b[K/opt/ros/humble/include/rclcpp/rclcpp/any_executable.hpp:20\x1b[m\x1b[K,\n'}
[8.290113] (usb_device_driver) StderrLine: {'line': b'                 from \x1b[01m\x1b[K/opt/ros/humble/include/rclcpp/rclcpp/memory_strategy.hpp:25\x1b[m\x1b[K,\n'}
[8.290168] (usb_device_driver) StderrLine: {'line': b'                 from \x1b[01m\x1b[K/opt/ros/humble/include/rclcpp/rclcpp/memory_strategies.hpp:18\x1b[m\x1b[K,\n'}
[8.290220] (usb_device_driver) StderrLine: {'line': b'                 from \x1b[01m\x1b[K/opt/ros/humble/include/rclcpp/rclcpp/executor_options.hpp:20\x1b[m\x1b[K,\n'}
[8.290284] (usb_device_driver) StderrLine: {'line': b'                 from \x1b[01m\x1b[K/opt/ros/humble/include/rclcpp/rclcpp/executor.hpp:37\x1b[m\x1b[K,\n'}
[8.290355] (usb_device_driver) StderrLine: {'line': b'                 from \x1b[01m\x1b[K/opt/ros/humble/include/rclcpp/rclcpp/executors/multi_threaded_executor.hpp:25\x1b[m\x1b[K,\n'}
[8.290425] (usb_device_driver) StderrLine: {'line': b'                 from \x1b[01m\x1b[K/opt/ros/humble/include/rclcpp/rclcpp/executors.hpp:21\x1b[m\x1b[K,\n'}
[8.290508] (usb_device_driver) StderrLine: {'line': b'                 from \x1b[01m\x1b[K/opt/ros/humble/include/rclcpp/rclcpp/rclcpp.hpp:155\x1b[m\x1b[K,\n'}
[8.290590] (usb_device_driver) StderrLine: {'line': b'                 from \x1b[01m\x1b[K/home/miles/usb_ros2_ws/src/usb_device_driver/include/usb_device_driver/usb_reader_node.hpp:4\x1b[m\x1b[K,\n'}
[8.290653] (usb_device_driver) StderrLine: {'line': b'                 from \x1b[01m\x1b[K/home/miles/usb_ros2_ws/src/usb_device_driver/src/usb_reader_node.cpp:1\x1b[m\x1b[K:\n'}
[8.290714] (usb_device_driver) StderrLine: {'line': b'\x1b[01m\x1b[K/home/miles/usb_ros2_ws/src/usb_device_driver/src/usb_reader_node.cpp:645:61:\x1b[m\x1b[K \x1b[01;35m\x1b[Kwarning: \x1b[m\x1b[Kformat \xe2\x80\x98\x1b[01m\x1b[K%d\x1b[m\x1b[K\xe2\x80\x99 expects argument of type \xe2\x80\x98\x1b[01m\x1b[Kint\x1b[m\x1b[K\xe2\x80\x99, but argument 5 has type \xe2\x80\x98\x1b[01m\x1b[Ksize_t\x1b[m\x1b[K\xe2\x80\x99 {aka \xe2\x80\x98\x1b[01m\x1b[Klong unsigned int\x1b[m\x1b[K\xe2\x80\x99} [\x1b[01;35m\x1b[K\x1b]8;;https://gcc.gnu.org/onlinedocs/gcc/Warning-Options.html#index-Wformat=\x07-Wformat=\x1b]8;;\x07\x1b[m\x1b[K]\n'}
[8.290786] (usb_device_driver) StderrLine: {'line': b'  645 |                             RCLCPP_INFO(this->get_logger(), \x1b[01;35m\x1b[K"\xe5\x8f\x91\xe5\xb8\x83IMU\xe6\x95\xb0\xe6\x8d\xae\xe6\xb6\x88\xe6\x81\xaf\xe5\x88\xb0ROS2:\xef\xbc\x8c\xe9\x95\xbf\xe5\xba\xa6\xef\xbc\x9a%d"\x1b[m\x1b[K, \x1b[32m\x1b[Klen\x1b[m\x1b[K);\n'}
[8.290848] (usb_device_driver) StderrLine: {'line': b'      |                                                             \x1b[01;35m\x1b[K^~~~~~~~~~~~~~~~~~~~~~~~~~~~~~~~~~\x1b[m\x1b[K  \x1b[32m\x1b[K~~~\x1b[m\x1b[K\n'}
[8.290909] (usb_device_driver) StderrLine: {'line': b'      |                                                                                                 \x1b[32m\x1b[K|\x1b[m\x1b[K\n'}
[8.290970] (usb_device_driver) StderrLine: {'line': b'      |                                                                                                 \x1b[32m\x1b[Ksize_t {aka long unsigned int}\x1b[m\x1b[K\n'}
[8.291029] (usb_device_driver) StderrLine: {'line': b'\x1b[01m\x1b[K/home/miles/usb_ros2_ws/src/usb_device_driver/src/usb_reader_node.cpp:645:93:\x1b[m\x1b[K \x1b[01;36m\x1b[Knote: \x1b[m\x1b[Kformat string is defined here\n'}
[8.291089] (usb_device_driver) StderrLine: {'line': b'  645 |                             RCLCPP_INFO(this->get_logger(), "\xe5\x8f\x91\xe5\xb8\x83IMU\xe6\x95\xb0\xe6\x8d\xae\xe6\xb6\x88\xe6\x81\xaf\xe5\x88\xb0ROS2:\xef\xbc\x8c\xe9\x95\xbf\xe5\xba\xa6\xef\xbc\x9a\x1b[01;36m\x1b[K%d\x1b[m\x1b[K", len);\n'}
[8.291158] (usb_device_driver) StderrLine: {'line': b'      |                                                                                            \x1b[01;36m\x1b[K~^\x1b[m\x1b[K\n'}
[8.291233] (usb_device_driver) StderrLine: {'line': b'      |                                                                                             \x1b[01;36m\x1b[K|\x1b[m\x1b[K\n'}
[8.291291] (usb_device_driver) StderrLine: {'line': b'      |                                                                                             \x1b[01;36m\x1b[Kint\x1b[m\x1b[K\n'}
[8.291351] (usb_device_driver) StderrLine: {'line': b'      |                                                                                            \x1b[32m\x1b[K%ld\x1b[m\x1b[K\n'}
[8.328225] (-) TimerEvent: {}
[8.428629] (-) TimerEvent: {}
[8.529063] (-) TimerEvent: {}
[8.629464] (-) TimerEvent: {}
[8.729823] (-) TimerEvent: {}
[8.830186] (-) TimerEvent: {}
[8.930547] (-) TimerEvent: {}
[9.030885] (-) TimerEvent: {}
[9.131232] (-) TimerEvent: {}
[9.231595] (-) TimerEvent: {}
[9.331953] (-) TimerEvent: {}
[9.432310] (-) TimerEvent: {}
[9.532701] (-) TimerEvent: {}
[9.633032] (-) TimerEvent: {}
[9.733381] (-) TimerEvent: {}
[9.833730] (-) TimerEvent: {}
[9.934078] (-) TimerEvent: {}
[10.034773] (-) TimerEvent: {}
[10.135117] (-) TimerEvent: {}
[10.235481] (-) TimerEvent: {}
[10.335823] (-) TimerEvent: {}
[10.436193] (-) TimerEvent: {}
[10.536576] (-) TimerEvent: {}
[10.636933] (-) TimerEvent: {}
[10.659624] (usb_device_driver) StderrLine: {'line': b'gmake[2]: *** [CMakeFiles/usb_reader_node.dir/build.make:90\xef\xbc\x9aCMakeFiles/usb_reader_node.dir/src/usb_reader_node.cpp.o] \xe9\x94\x99\xe8\xaf\xaf 1\n'}
[10.659988] (usb_device_driver) StderrLine: {'line': b'gmake[1]: *** [CMakeFiles/Makefile2:593\xef\xbc\x9aCMakeFiles/usb_reader_node.dir/all] \xe9\x94\x99\xe8\xaf\xaf 2\n'}
[10.660450] (usb_device_driver) StderrLine: {'line': b'gmake: *** [Makefile:146\xef\xbc\x9aall] \xe9\x94\x99\xe8\xaf\xaf 2\n'}
[10.663457] (usb_device_driver) CommandEnded: {'returncode': 2}
[10.673613] (usb_device_driver) JobEnded: {'identifier': 'usb_device_driver', 'rc': 2}
[10.684102] (-) EventReactorShutdown: {}
